rank,content_id,client_id,model_score,archetype,reason_code,action,impressions_90d,sessions_90d,content_age_days,ctr,avg_position,word_count,engagement_rate
1,content_569e0d485db8,client_349c41201b,0.8120224776548466,HIGH_PRIORITY_OPPORTUNITY,HIGH_MODEL_RANK,REVIEW_FOR_REFRESH,1816,10,154,0.06,28.1,4401.0,0.0
2,content_8d387d58f71f,client_349c41201b,0.8103628507642884,HIGH_PRIORITY_OPPORTUNITY,HIGH_MODEL_RANK,REVIEW_FOR_REFRESH,1032,16,148,0.0,5.7,6583.0,0.0
3,content_a8cd736c9c7b,client_349c41201b,0.8091998958480905,HIGH_PRIORITY_OPPORTUNITY,HIGH_MODEL_RANK,REVIEW_FOR_REFRESH,2877,4,144,0.03,23.2,4448.0,0.0
4,content_c14a055e6a26,client_349c41201b,0.8087706520786346,HIGH_PRIORITY_OPPORTUNITY,HIGH_MODEL_RANK,REVIEW_FOR_REFRESH,8605,30,140,0.07,34.0,4148.0,0.0
5,content_be1c109fcdbc,client_349c41201b,0.8075840759983295,HIGH_PRIORITY_OPPORTUNITY,HIGH_MODEL_RANK,REVIEW_FOR_REFRESH,10931,19,144,0.05,34.0,5359.0,0.0
6,content_cdc1d5c2b05a,client_19581e27de,0.8063940444146239,HIGH_PRIORITY_OPPORTUNITY,HIGH_MODEL_RANK,REVIEW_FOR_REFRESH,3989,40,153,0.0,17.0,2910.0,2.5
7,content_0bc3bda5785c,client_349c41201b,0.8059159872082421,HIGH_PRIORITY_OPPORTUNITY,HIGH_MODEL_RANK,REVIEW_FOR_REFRESH,2929,5,167,0.07,16.9,3420.0,0.0
8,content_a451a30f3920,client_19581e27de,0.8030246772984988,HIGH_PRIORITY_OPPORTUNITY,HIGH_MODEL_RANK,REVIEW_FOR_REFRESH,11926,13,139,0.04,4.4,4028.0,7.69
9,content_39dbf0817270,client_19581e27de,0.8027350255864916,HIGH_PRIORITY_OPPORTUNITY,HIGH_MODEL_RANK,REVIEW_FOR_REFRESH,3755,2,98,0.05,1.3,2533.0,0.0
10,content_7ee674751acf,client_349c41201b,0.8027069568409538,HIGH_PRIORITY_OPPORTUNITY,HIGH_MODEL_RANK,REVIEW_FOR_REFRESH,526,13,168,0.0,21.3,4053.0,0.0
11,content_af812e811d6f,client_349c41201b,0.8017027055427509,HIGH_PRIORITY_OPPORTUNITY,HIGH_MODEL_RANK,REVIEW_FOR_REFRESH,284,4,165,0.0,21.3,3744.0,0.0
12,content_2a3d729b154a,client_349c41201b,0.8005676210186097,HIGH_PRIORITY_OPPORTUNITY,HIGH_MODEL_RANK,REVIEW_FOR_REFRESH,1619,15,154,0.06,34.3,4854.0,0.0
13,content_a1657ceba7bc,client_349c41201b,0.8002183636044908,HIGH_PRIORITY_OPPORTUNITY,HIGH_MODEL_RANK,REVIEW_FOR_REFRESH,6769,33,140,0.0,22.0,4336.0,0.0
14,content_95546d276e3b,client_349c41201b,0.7987916488104508,HIGH_PRIORITY_OPPORTUNITY,HIGH_MODEL_RANK,REVIEW_FOR_REFRESH,6141,4,148,0.07,24.8,5554.0,0.0
15,content_d5b117bc468e,client_349c41201b,0.7969030665612844,HIGH_PRIORITY_OPPORTUNITY,HIGH_MODEL_RANK,REVIEW_FOR_REFRESH,264,1,154,0.0,7.6,4088.0,0.0
16,content_30e89fa8da93,client_349c41201b,0.7961698428978748,HIGH_PRIORITY_OPPORTUNITY,HIGH_MODEL_RANK,REVIEW_FOR_REFRESH,1112,13,144,0.0,15.4,5619.0,0.0
17,content_82c243436ab7,client_349c41201b,0.7958359480089372,HIGH_PRIORITY_OPPORTUNITY,HIGH_MODEL_RANK,REVIEW_FOR_REFRESH,16055,22,148,0.03,28.5,3428.0,0.0
18,content_4a2f99b1973e,client_349c41201b,0.7949759389672373,HIGH_PRIORITY_OPPORTUNITY,HIGH_MODEL_RANK,REVIEW_FOR_REFRESH,2945,1,148,0.0,20.9,4666.0,0.0
19,content_9558f7d085c2,client_19581e27de,0.7945456285658323,HIGH_PRIORITY_OPPORTUNITY,HIGH_MODEL_RANK,REVIEW_FOR_REFRESH,3123,3,139,0.06,2.4,3893.0,0.0
20,content_737808ab7fd4,client_349c41201b,0.7945413774717514,HIGH_PRIORITY_OPPORTUNITY,HIGH_MODEL_RANK,REVIEW_FOR_REFRESH,378,2,148,0.0,7.0,5251.0,0.0
21,content_f2b9744f016d,client_349c41201b,0.7937022708911424,HIGH_PRIORITY_OPPORTUNITY,HIGH_MODEL_RANK,REVIEW_FOR_REFRESH,5503,9,144,0.07,28.8,5411.0,0.0
22,content_29ae0a692e20,client_19581e27de,0.7935636286987376,HIGH_PRIORITY_OPPORTUNITY,HIGH_MODEL_RANK,REVIEW_FOR_REFRESH,1155,59,139,0.0,26.0,3964.0,0.0
23,content_79ce867cfd05,client_349c41201b,0.7934407161135405,HIGH_PRIORITY_OPPORTUNITY,HIGH_MODEL_RANK,REVIEW_FOR_REFRESH,3094,15,148,0.03,17.5,4296.0,6.67
24,content_0812cf599769,client_349c41201b,0.7915674749500019,HIGH_PRIORITY_OPPORTUNITY,HIGH_MODEL_RANK,REVIEW_FOR_REFRESH,959,14,154,0.0,9.5,4679.0,0.0
25,content_40e5cf603771,client_349c41201b,0.791317711054909,HIGH_PRIORITY_OPPORTUNITY,HIGH_MODEL_RANK,REVIEW_FOR_REFRESH,415,5,154,0.0,17.3,5009.0,0.0
26,content_3bb23afaf34e,client_349c41201b,0.7901842161741061,HIGH_PRIORITY_OPPORTUNITY,HIGH_MODEL_RANK,REVIEW_FOR_REFRESH,2910,5,144,0.03,15.4,5654.0,0.0
27,content_905b3fda18c9,client_349c41201b,0.7901735676895669,HIGH_PRIORITY_OPPORTUNITY,HIGH_MODEL_RANK,REVIEW_FOR_REFRESH,2496,7,165,0.04,7.3,4509.0,0.0
28,content_a84bb64e01dd,client_349c41201b,0.7901692230936246,HIGH_PRIORITY_OPPORTUNITY,HIGH_MODEL_RANK,REVIEW_FOR_REFRESH,646,1,154,0.0,18.5,3479.0,0.0
29,content_8a810b52cc2e,client_349c41201b,0.7900869101554161,HIGH_PRIORITY_OPPORTUNITY,HIGH_MODEL_RANK,REVIEW_FOR_REFRESH,772,2,167,0.13,15.0,3785.0,0.0
30,content_fac78e68d54d,client_349c41201b,0.7900310070777415,HIGH_PRIORITY_OPPORTUNITY,HIGH_MODEL_RANK,REVIEW_FOR_REFRESH,532,2,144,0.0,11.8,5561.0,0.0
31,content_33f886c6b765,client_19581e27de,0.7897888613786352,HIGH_PRIORITY_OPPORTUNITY,HIGH_MODEL_RANK,REVIEW_FOR_REFRESH,8754,8,139,0.03,7.1,3985.0,12.5
32,content_edb0616f14d8,client_349c41201b,0.7897120226397181,HIGH_PRIORITY_OPPORTUNITY,HIGH_MODEL_RANK,REVIEW_FOR_REFRESH,8551,16,148,0.11,33.0,3629.0,6.25
33,content_fcf98763320e,client_349c41201b,0.7896720375697076,HIGH_PRIORITY_OPPORTUNITY,HIGH_MODEL_RANK,REVIEW_FOR_REFRESH,4069,15,140,0.02,29.1,3615.0,0.0
34,content_78a8704f334f,client_349c41201b,0.7886607307372374,HIGH_PRIORITY_OPPORTUNITY,HIGH_MODEL_RANK,REVIEW_FOR_REFRESH,3818,47,154,0.1,20.0,4272.0,2.13
35,content_991b77f0d406,client_349c41201b,0.7876299973983781,HIGH_PRIORITY_OPPORTUNITY,HIGH_MODEL_RANK,REVIEW_FOR_REFRESH,358,6,154,0.0,3.4,4378.0,0.0
36,content_76a3a969d5ad,client_349c41201b,0.7871681871954306,HIGH_PRIORITY_OPPORTUNITY,HIGH_MODEL_RANK,REVIEW_FOR_REFRESH,812,2,167,0.12,15.4,4318.0,0.0
37,content_010953fbd6d5,client_349c41201b,0.7868416654456816,HIGH_PRIORITY_OPPORTUNITY,HIGH_MODEL_RANK,REVIEW_FOR_REFRESH,393,4,167,0.0,7.0,3790.0,0.0
38,content_a293c4149362,client_349c41201b,0.7862284987003286,HIGH_PRIORITY_OPPORTUNITY,HIGH_MODEL_RANK,REVIEW_FOR_REFRESH,3907,17,140,0.03,14.2,4314.0,0.0
39,content_7a7bf57bf8c5,client_349c41201b,0.785938978421879,HIGH_PRIORITY_OPPORTUNITY,HIGH_MODEL_RANK,REVIEW_FOR_REFRESH,233,4,165,0.0,9.2,3701.0,0.0
40,content_2e664c836308,client_19581e27de,0.7858411107275516,HIGH_PRIORITY_OPPORTUNITY,HIGH_MODEL_RANK,REVIEW_FOR_REFRESH,6013,9,126,0.07,3.2,2712.0,0.0
41,content_482107545b43,client_349c41201b,0.784493798314867,HIGH_PRIORITY_OPPORTUNITY,HIGH_MODEL_RANK,REVIEW_FOR_REFRESH,1414,4,154,0.0,24.3,5308.0,0.0
42,content_f5ebddad5548,client_19581e27de,0.7832628710981657,HIGH_PRIORITY_OPPORTUNITY,HIGH_MODEL_RANK,REVIEW_FOR_REFRESH,665,5,91,0.0,6.3,3093.0,20.0
43,content_f2cef31a1b37,client_349c41201b,0.7826411039317773,HIGH_PRIORITY_OPPORTUNITY,HIGH_MODEL_RANK,REVIEW_FOR_REFRESH,629,10,140,0.0,15.9,3898.0,0.0
44,content_1d4609d0b677,client_349c41201b,0.7824340348291504,HIGH_PRIORITY_OPPORTUNITY,HIGH_MODEL_RANK,REVIEW_FOR_REFRESH,1263,3,154,0.08,13.8,4149.0,0.0
45,content_ae99d35f0d93,client_19581e27de,0.7821317120760395,HIGH_PRIORITY_OPPORTUNITY,HIGH_MODEL_RANK,REVIEW_FOR_REFRESH,12549,26,139,0.06,7.1,3776.0,7.69
46,content_2743da664b5b,client_349c41201b,0.7818184961287119,HIGH_PRIORITY_OPPORTUNITY,HIGH_MODEL_RANK,REVIEW_FOR_REFRESH,1195,4,148,0.0,27.6,6473.0,0.0
47,content_5d44d9c583b4,client_349c41201b,0.7814502708858386,HIGH_PRIORITY_OPPORTUNITY,HIGH_MODEL_RANK,REVIEW_FOR_REFRESH,1450,14,140,0.0,23.6,3731.0,0.0
48,content_819fd8821255,client_349c41201b,0.7808615710117149,HIGH_PRIORITY_OPPORTUNITY,HIGH_MODEL_RANK,REVIEW_FOR_REFRESH,908,18,140,0.0,18.0,4640.0,0.0
49,content_8c8ce516a245,client_349c41201b,0.7801244744897295,HIGH_PRIORITY_OPPORTUNITY,HIGH_MODEL_RANK,REVIEW_FOR_REFRESH,1493,3,148,0.07,26.7,5359.0,0.0
50,content_9fcddb149dee,client_19581e27de,0.7796069526905494,HIGH_PRIORITY_OPPORTUNITY,HIGH_MODEL_RANK,REVIEW_FOR_REFRESH,6831,3,139,0.06,3.5,2962.0,0.0
51,content_24ac60a1251b,client_349c41201b,0.7794073158942015,MODERATE_OPPORTUNITY,MODERATE_MODEL_RANK,REVIEW_FOR_REFRESH,2512,9,154,0.08,14.8,4873.0,0.0
52,content_3a95dd297927,client_02d20bbd7e,0.7790945306329824,MODERATE_OPPORTUNITY,MODERATE_MODEL_RANK,REVIEW_FOR_REFRESH,314,2,332,0.64,6.4,1363.0,0.0
53,content_87b71326c01a,client_349c41201b,0.7787653120066803,MODERATE_OPPORTUNITY,MODERATE_MODEL_RANK,REVIEW_FOR_REFRESH,7318,195,140,0.03,16.6,5144.0,0.0
54,content_3ff92756c333,client_349c41201b,0.7786317493922407,MODERATE_OPPORTUNITY,MODERATE_MODEL_RANK,REVIEW_FOR_REFRESH,807,7,168,0.0,24.1,3703.0,0.0
55,content_f0b23de1aafb,client_349c41201b,0.7782995968505465,MODERATE_OPPORTUNITY,MODERATE_MODEL_RANK,REVIEW_FOR_REFRESH,611,3,154,0.0,21.1,3511.0,0.0
56,content_b43af848d94d,client_02d20bbd7e,0.7782615363247659,MODERATE_OPPORTUNITY,MODERATE_MODEL_RANK,REVIEW_FOR_REFRESH,126,1,332,0.0,7.8,1285.0,0.0
57,content_cbae09e4ff9b,client_349c41201b,0.7772477799371602,MODERATE_OPPORTUNITY,MODERATE_MODEL_RANK,REVIEW_FOR_REFRESH,792,8,154,0.0,5.8,3801.0,0.0
58,content_747870c01e28,client_19581e27de,0.7769999262505258,MODERATE_OPPORTUNITY,MODERATE_MODEL_RANK,REVIEW_FOR_REFRESH,3585,10,139,0.0,3.2,3365.0,0.0
59,content_3b749a9180a3,client_349c41201b,0.7767004263395453,MODERATE_OPPORTUNITY,MODERATE_MODEL_RANK,REVIEW_FOR_REFRESH,161,1,154,0.0,11.9,3805.0,0.0
60,content_cab2a611a390,client_19581e27de,0.7766268665660774,MODERATE_OPPORTUNITY,MODERATE_MODEL_RANK,REVIEW_FOR_REFRESH,3160,4,126,0.0,3.4,2608.0,25.0
61,content_defc8dc6e357,client_349c41201b,0.7762872029518044,MODERATE_OPPORTUNITY,MODERATE_MODEL_RANK,REVIEW_FOR_REFRESH,636,32,140,0.0,14.3,3722.0,0.0
62,content_c306d1c53a3e,client_19581e27de,0.7755432434925453,MODERATE_OPPORTUNITY,MODERATE_MODEL_RANK,REVIEW_FOR_REFRESH,9654,2,103,0.05,1.8,3323.0,0.0
63,content_c63693415125,client_19581e27de,0.7752468672798841,MODERATE_OPPORTUNITY,MODERATE_MODEL_RANK,REVIEW_FOR_REFRESH,1389,9,139,0.07,12.4,3821.0,0.0
64,content_f01c701d5f6e,client_19581e27de,0.7751648797160571,MODERATE_OPPORTUNITY,MODERATE_MODEL_RANK,REVIEW_FOR_REFRESH,225,2,95,0.0,9.7,2908.0,50.0
65,content_cbdf5a78dcd0,client_19581e27de,0.7750702095971376,MODERATE_OPPORTUNITY,MODERATE_MODEL_RANK,REVIEW_FOR_REFRESH,14830,4,126,0.02,2.4,3187.0,0.0
66,content_0351c75cc913,client_349c41201b,0.7746254969151063,MODERATE_OPPORTUNITY,MODERATE_MODEL_RANK,REVIEW_FOR_REFRESH,1236,5,154,0.0,6.6,4577.0,0.0
67,content_b78de1b026bd,client_349c41201b,0.7743215275758308,MODERATE_OPPORTUNITY,MODERATE_MODEL_RANK,REVIEW_FOR_REFRESH,1438,34,140,0.07,25.6,4043.0,5.88
68,content_2e3c788e384e,client_349c41201b,0.7742557436219881,MODERATE_OPPORTUNITY,MODERATE_MODEL_RANK,REVIEW_FOR_REFRESH,2167,32,140,0.05,37.0,4183.0,0.0
69,content_2fabcd10f49c,client_349c41201b,0.7740409175214594,MODERATE_OPPORTUNITY,MODERATE_MODEL_RANK,REVIEW_FOR_REFRESH,4754,11,148,0.08,32.2,5040.0,0.0
70,content_4f3e4a193869,client_349c41201b,0.7739451086862086,MODERATE_OPPORTUNITY,MODERATE_MODEL_RANK,REVIEW_FOR_REFRESH,998,5,148,0.1,3.1,4071.0,0.0
71,content_2bb11993c89a,client_349c41201b,0.7737250581298193,MODERATE_OPPORTUNITY,MODERATE_MODEL_RANK,REVIEW_FOR_REFRESH,1544,5,148,0.0,24.0,4672.0,0.0
72,content_9d35d489e74d,client_624b60c58c,0.7735391780103359,MODERATE_OPPORTUNITY,MODERATE_MODEL_RANK,REVIEW_FOR_REFRESH,169,2,96,0.0,6.7,4152.0,0.0
73,content_92d3c6b02835,client_349c41201b,0.7732956953819451,MODERATE_OPPORTUNITY,MODERATE_MODEL_RANK,REVIEW_FOR_REFRESH,975,1,148,0.1,22.9,3715.0,0.0
74,content_81e59177b59a,client_19581e27de,0.7728823381768146,MODERATE_OPPORTUNITY,MODERATE_MODEL_RANK,REVIEW_FOR_REFRESH,9239,20,139,0.03,5.6,4001.0,0.0
75,content_4f6e39bebbb0,client_349c41201b,0.7726220165806148,MODERATE_OPPORTUNITY,MODERATE_MODEL_RANK,REVIEW_FOR_REFRESH,2217,24,154,0.09,20.3,4327.0,0.0
76,content_42ec7bfc8808,client_349c41201b,0.7719699941549087,MODERATE_OPPORTUNITY,MODERATE_MODEL_RANK,REVIEW_FOR_REFRESH,2358,70,140,0.0,13.1,4414.0,0.0
77,content_381666bb40c9,client_349c41201b,0.771487276902331,MODERATE_OPPORTUNITY,MODERATE_MODEL_RANK,REVIEW_FOR_REFRESH,573,4,140,0.0,29.8,4477.0,0.0
78,content_fc43dc8aef14,client_349c41201b,0.7714115772261974,MODERATE_OPPORTUNITY,MODERATE_MODEL_RANK,REVIEW_FOR_REFRESH,1072,11,165,0.0,5.3,3441.0,0.0
79,content_e8f6b4e37668,client_349c41201b,0.7713202727789829,MODERATE_OPPORTUNITY,MODERATE_MODEL_RANK,REVIEW_FOR_REFRESH,1876,11,165,0.11,9.9,3746.0,0.0
80,content_f51b118c6973,client_349c41201b,0.7710668917812135,MODERATE_OPPORTUNITY,MODERATE_MODEL_RANK,REVIEW_FOR_REFRESH,985,1,165,0.1,18.0,3412.0,0.0
81,content_348dd92755fa,client_19581e27de,0.7707644239582411,MODERATE_OPPORTUNITY,MODERATE_MODEL_RANK,REVIEW_FOR_REFRESH,7321,16,139,0.08,4.7,4152.0,6.25
82,content_5d8c170cb2ee,client_349c41201b,0.7705288894405369,MODERATE_OPPORTUNITY,MODERATE_MODEL_RANK,REVIEW_FOR_REFRESH,256,6,148,0.0,33.3,3797.0,0.0
83,content_88b343ce6e92,client_349c41201b,0.7704168662572131,MODERATE_OPPORTUNITY,MODERATE_MODEL_RANK,REVIEW_FOR_REFRESH,1151,6,140,0.0,29.0,4240.0,0.0
84,content_7a9e31119f1e,client_19581e27de,0.7701760849642219,MODERATE_OPPORTUNITY,MODERATE_MODEL_RANK,REVIEW_FOR_REFRESH,349,1,139,0.0,5.9,3714.0,0.0
85,content_ab7e67ba976a,client_19581e27de,0.7698926126348213,MODERATE_OPPORTUNITY,MODERATE_MODEL_RANK,REVIEW_FOR_REFRESH,422,10,103,0.0,3.3,2574.0,0.0
86,content_37f4883d6bbe,client_349c41201b,0.769793633653463,MODERATE_OPPORTUNITY,MODERATE_MODEL_RANK,REVIEW_FOR_REFRESH,4422,12,148,0.11,16.0,4363.0,0.0
87,content_932ee3e928fd,client_349c41201b,0.769744320926142,MODERATE_OPPORTUNITY,MODERATE_MODEL_RANK,REVIEW_FOR_REFRESH,482,3,148,0.0,28.4,3790.0,0.0
88,content_29eb952a2da6,client_349c41201b,0.7697184872657802,MODERATE_OPPORTUNITY,MODERATE_MODEL_RANK,REVIEW_FOR_REFRESH,661,3,165,0.0,10.2,4386.0,33.33
89,content_92ca79f8b232,client_19581e27de,0.7693431784778343,MODERATE_OPPORTUNITY,MODERATE_MODEL_RANK,REVIEW_FOR_REFRESH,4667,11,139,0.0,7.5,3597.0,0.0
90,content_20c5d6a1c7b1,client_624b60c58c,0.7691994576869028,MODERATE_OPPORTUNITY,MODERATE_MODEL_RANK,REVIEW_FOR_REFRESH,201,4,91,0.0,6.2,3687.0,0.0
91,content_a7df4de8e35b,client_349c41201b,0.7687709387547176,MODERATE_OPPORTUNITY,MODERATE_MODEL_RANK,REVIEW_FOR_REFRESH,2967,5,154,0.1,13.3,4569.0,0.0
92,content_ff80a66b1ea5,client_19581e27de,0.7681913067994723,MODERATE_OPPORTUNITY,MODERATE_MODEL_RANK,REVIEW_FOR_REFRESH,498,1,139,0.0,19.8,3107.0,0.0
93,content_763b168ba95f,client_624b60c58c,0.7680298469166393,MODERATE_OPPORTUNITY,MODERATE_MODEL_RANK,REVIEW_FOR_REFRESH,483,10,337,0.0,28.7,1411.0,0.0
94,content_7a991ee7a79a,client_19581e27de,0.7677108924330948,MODERATE_OPPORTUNITY,MODERATE_MODEL_RANK,REVIEW_FOR_REFRESH,206,2,95,0.0,19.0,2702.0,0.0
95,content_d043cd4bb07b,client_19581e27de,0.7676840397336029,MODERATE_OPPORTUNITY,MODERATE_MODEL_RANK,REVIEW_FOR_REFRESH,691,3,95,0.0,11.3,3211.0,33.33
96,content_8795bd11004f,client_349c41201b,0.7675368130780662,MODERATE_OPPORTUNITY,MODERATE_MODEL_RANK,REVIEW_FOR_REFRESH,848,6,144,0.0,14.4,5853.0,16.67
97,content_23de5860b614,client_19581e27de,0.7674773568364692,MODERATE_OPPORTUNITY,MODERATE_MODEL_RANK,REVIEW_FOR_REFRESH,250,11,91,0.0,8.7,2951.0,0.0
98,content_46ec277dd3f9,client_349c41201b,0.7674103143667136,MODERATE_OPPORTUNITY,MODERATE_MODEL_RANK,REVIEW_FOR_REFRESH,20454,13,126,0.04,37.5,2672.0,0.0
99,content_80f53a9b30db,client_349c41201b,0.7671260368281605,MODERATE_OPPORTUNITY,MODERATE_MODEL_RANK,REVIEW_FOR_REFRESH,248,2,148,0.0,8.0,3456.0,0.0
100,content_e8625556b0f8,client_19581e27de,0.7664550460001707,MODERATE_OPPORTUNITY,MODERATE_MODEL_RANK,REVIEW_FOR_REFRESH,4355,4,139,0.05,9.2,3064.0,0.0
101,content_f39dde4421bb,client_19581e27de,0.766247049820414,MODERATE_OPPORTUNITY,MODERATE_MODEL_RANK,REVIEW_FOR_REFRESH,463,3,139,0.0,11.0,3874.0,0.0
102,content_6fcf818dd632,client_349c41201b,0.7655435406198204,MODERATE_OPPORTUNITY,MODERATE_MODEL_RANK,REVIEW_FOR_REFRESH,1440,15,140,0.07,29.2,3326.0,0.0
103,content_525a66698c0e,client_19581e27de,0.7655015013577341,MODERATE_OPPORTUNITY,MODERATE_MODEL_RANK,REVIEW_FOR_REFRESH,2804,4,139,0.07,30.3,2877.0,0.0
104,content_e19fb11fe1f8,client_19581e27de,0.7654621803437365,MODERATE_OPPORTUNITY,MODERATE_MODEL_RANK,REVIEW_FOR_REFRESH,4586,12,139,0.15,3.4,3949.0,0.0
105,content_99267472fd35,client_19581e27de,0.7653733812349252,MODERATE_OPPORTUNITY,MODERATE_MODEL_RANK,REVIEW_FOR_REFRESH,18330,25,139,0.05,6.3,3740.0,0.0
106,content_a32e1c31ee98,client_19581e27de,0.7650763340209782,MODERATE_OPPORTUNITY,MODERATE_MODEL_RANK,REVIEW_FOR_REFRESH,1159,9,139,0.09,15.7,4569.0,0.0
107,content_5814b70d4f91,client_19581e27de,0.7650565912429178,MODERATE_OPPORTUNITY,MODERATE_MODEL_RANK,REVIEW_FOR_REFRESH,676,3,124,0.0,2.3,3281.0,0.0
108,content_c71b37bfea86,client_349c41201b,0.7649914356195491,MODERATE_OPPORTUNITY,MODERATE_MODEL_RANK,REVIEW_FOR_REFRESH,1095,5,154,0.09,30.3,5138.0,0.0
109,content_b24f1e2147a4,client_19581e27de,0.7646437311372338,MODERATE_OPPORTUNITY,MODERATE_MODEL_RANK,REVIEW_FOR_REFRESH,3738,5,98,0.05,3.6,2886.0,20.0
110,content_53a240a84591,client_19581e27de,0.7641833924767637,MODERATE_OPPORTUNITY,MODERATE_MODEL_RANK,REVIEW_FOR_REFRESH,1185,7,139,0.08,4.9,4487.0,0.0
111,content_3c66f06fb378,client_624b60c58c,0.7641460734979572,MODERATE_OPPORTUNITY,MODERATE_MODEL_RANK,REVIEW_FOR_REFRESH,3682,21,330,0.11,9.1,1513.0,19.05
112,content_bdfaf3314475,client_349c41201b,0.7641356681074798,MODERATE_OPPORTUNITY,MODERATE_MODEL_RANK,REVIEW_FOR_REFRESH,2708,3,144,0.0,33.4,3564.0,33.33
113,content_652de86532d4,client_624b60c58c,0.7641325596605603,MODERATE_OPPORTUNITY,MODERATE_MODEL_RANK,REVIEW_FOR_REFRESH,276,20,124,0.0,9.5,4139.0,0.0
114,content_ff5640142bae,client_19581e27de,0.7639726877075887,MODERATE_OPPORTUNITY,MODERATE_MODEL_RANK,REVIEW_FOR_REFRESH,538,2,95,0.0,15.3,2637.0,0.0
115,content_5ea8d5d3052a,client_19581e27de,0.7635492466584498,MODERATE_OPPORTUNITY,MODERATE_MODEL_RANK,REVIEW_FOR_REFRESH,4489,28,139,0.09,8.6,4178.0,0.0
116,content_bd2d7246b9eb,client_19581e27de,0.7634016844752775,MODERATE_OPPORTUNITY,MODERATE_MODEL_RANK,REVIEW_FOR_REFRESH,4282,14,148,0.02,17.0,2679.0,7.14
117,content_bedc086c4135,client_349c41201b,0.7625137616071568,MODERATE_OPPORTUNITY,MODERATE_MODEL_RANK,REVIEW_FOR_REFRESH,918,1,95,0.0,32.0,2643.0,0.0
118,content_1577ab9d5968,client_19581e27de,0.7616401854569197,MODERATE_OPPORTUNITY,MODERATE_MODEL_RANK,REVIEW_FOR_REFRESH,250,1,91,0.0,20.6,3002.0,0.0
119,content_bc595df5ea71,client_349c41201b,0.76154168926353,MODERATE_OPPORTUNITY,MODERATE_MODEL_RANK,REVIEW_FOR_REFRESH,3906,54,140,0.0,35.8,4392.0,0.0
120,content_48d68b8d88d9,client_19581e27de,0.7614084065247474,MODERATE_OPPORTUNITY,MODERATE_MODEL_RANK,REVIEW_FOR_REFRESH,258,1,139,0.0,9.5,3107.0,0.0
121,content_41568214d465,client_624b60c58c,0.7608510221325766,MODERATE_OPPORTUNITY,MODERATE_MODEL_RANK,REVIEW_FOR_REFRESH,728,5,90,0.0,9.6,3473.0,0.0
122,content_63acb47920b4,client_19581e27de,0.7602030313499522,MODERATE_OPPORTUNITY,MODERATE_MODEL_RANK,REVIEW_FOR_REFRESH,2830,5,95,0.07,8.6,3328.0,0.0
123,content_4cc9f9aecaed,client_349c41201b,0.7601665467702168,MODERATE_OPPORTUNITY,MODERATE_MODEL_RANK,REVIEW_FOR_REFRESH,149,3,165,0.0,24.8,3793.0,0.0
124,content_c80c4ed84bbd,client_349c41201b,0.7601452737134405,MODERATE_OPPORTUNITY,MODERATE_MODEL_RANK,REVIEW_FOR_REFRESH,1536,14,140,0.0,23.7,3324.0,0.0
125,content_e3711a71fd6d,client_02d20bbd7e,0.7601442296752395,MODERATE_OPPORTUNITY,MODERATE_MODEL_RANK,REVIEW_FOR_REFRESH,150,17,332,0.0,10.6,1544.0,0.0
126,content_a65564341a5d,client_19581e27de,0.7595561549094773,MODERATE_OPPORTUNITY,MODERATE_MODEL_RANK,REVIEW_FOR_REFRESH,6011,2,119,0.02,5.9,3218.0,0.0
127,content_49913431041e,client_349c41201b,0.7595184978877738,MODERATE_OPPORTUNITY,MODERATE_MODEL_RANK,REVIEW_FOR_REFRESH,1108,4,148,0.09,33.7,4494.0,0.0
128,content_d26b1dbcbd3a,client_349c41201b,0.7591563245894836,MODERATE_OPPORTUNITY,MODERATE_MODEL_RANK,REVIEW_FOR_REFRESH,413,5,140,0.0,15.3,3679.0,0.0
129,content_018432c6315c,client_349c41201b,0.7589619602237984,MODERATE_OPPORTUNITY,MODERATE_MODEL_RANK,REVIEW_FOR_REFRESH,405,4,154,0.0,6.9,3304.0,0.0
130,content_98652ce4e7ef,client_349c41201b,0.7589459511084623,MODERATE_OPPORTUNITY,MODERATE_MODEL_RANK,REVIEW_FOR_REFRESH,746,3,140,0.0,26.2,3609.0,0.0
131,content_8e74471a274d,client_349c41201b,0.7585517047382969,MODERATE_OPPORTUNITY,MODERATE_MODEL_RANK,REVIEW_FOR_REFRESH,544,6,168,0.0,8.8,2783.0,0.0
132,content_26a362d58b56,client_19581e27de,0.7584270654570945,MODERATE_OPPORTUNITY,MODERATE_MODEL_RANK,REVIEW_FOR_REFRESH,241,1,139,0.0,8.2,2938.0,0.0
133,content_9a1f5f985aa2,client_624b60c58c,0.7583568870793078,MODERATE_OPPORTUNITY,MODERATE_MODEL_RANK,REVIEW_FOR_REFRESH,161,2,124,0.0,10.7,4013.0,0.0
134,content_accff6c25ef7,client_349c41201b,0.7582924911723077,MODERATE_OPPORTUNITY,MODERATE_MODEL_RANK,REVIEW_FOR_REFRESH,738,4,165,0.14,6.2,3825.0,0.0
135,content_c7798514c96f,client_19581e27de,0.7580313911715996,MODERATE_OPPORTUNITY,MODERATE_MODEL_RANK,REVIEW_FOR_REFRESH,883,3,139,0.11,4.1,3651.0,0.0
136,content_c55756d2a06f,client_19581e27de,0.7575282345433405,MODERATE_OPPORTUNITY,MODERATE_MODEL_RANK,REVIEW_FOR_REFRESH,192,3,139,0.0,9.5,3907.0,0.0
137,content_d1744b4f5be3,client_624b60c58c,0.7573353331193761,MODERATE_OPPORTUNITY,MODERATE_MODEL_RANK,REVIEW_FOR_REFRESH,112,2,331,0.89,10.4,1334.0,0.0
138,content_fb9c3fb3e755,client_02d20bbd7e,0.7572413993836209,MODERATE_OPPORTUNITY,MODERATE_MODEL_RANK,REVIEW_FOR_REFRESH,111,1,332,0.0,16.0,1448.0,0.0
139,content_e6d38d1e801a,client_19581e27de,0.7571513101486552,MODERATE_OPPORTUNITY,MODERATE_MODEL_RANK,REVIEW_FOR_REFRESH,741,6,139,0.13,2.2,4069.0,0.0
140,content_29edd4a67cf6,client_19581e27de,0.7570400109998581,MODERATE_OPPORTUNITY,MODERATE_MODEL_RANK,REVIEW_FOR_REFRESH,1268,3,139,0.0,7.0,3432.0,33.33
141,content_334a353ed257,client_349c41201b,0.7565735754324282,MODERATE_OPPORTUNITY,MODERATE_MODEL_RANK,REVIEW_FOR_REFRESH,1160,24,140,0.09,24.4,3936.0,0.0
142,content_ae56011a24de,client_624b60c58c,0.7565070048848551,MODERATE_OPPORTUNITY,MODERATE_MODEL_RANK,REVIEW_FOR_REFRESH,302,6,102,0.0,4.2,4229.0,0.0
143,content_57c8a3b6c33c,client_349c41201b,0.7563107242221605,MODERATE_OPPORTUNITY,MODERATE_MODEL_RANK,REVIEW_FOR_REFRESH,345,1,148,0.0,25.8,3260.0,0.0
144,content_4ddde1af3329,client_624b60c58c,0.7557131065216401,MODERATE_OPPORTUNITY,MODERATE_MODEL_RANK,REVIEW_FOR_REFRESH,944,37,103,0.0,9.7,4041.0,0.0
145,content_7aaffc35a4fa,client_624b60c58c,0.7555367579805831,MODERATE_OPPORTUNITY,MODERATE_MODEL_RANK,REVIEW_FOR_REFRESH,311,11,111,0.0,7.0,3848.0,0.0
146,content_037242b3365b,client_624b60c58c,0.7551476308237902,MODERATE_OPPORTUNITY,MODERATE_MODEL_RANK,REVIEW_FOR_REFRESH,1008,17,111,0.0,6.4,3897.0,0.0
147,content_f05391de20ad,client_19581e27de,0.7551428637763395,MODERATE_OPPORTUNITY,MODERATE_MODEL_RANK,REVIEW_FOR_REFRESH,1812,4,119,0.06,5.5,2976.0,25.0
148,content_13fc5eec4384,client_349c41201b,0.7545615677400817,MODERATE_OPPORTUNITY,MODERATE_MODEL_RANK,REVIEW_FOR_REFRESH,1166,4,165,0.17,4.1,3740.0,0.0
149,content_0123edbcf8fb,client_349c41201b,0.7543478618687126,MODERATE_OPPORTUNITY,MODERATE_MODEL_RANK,REVIEW_FOR_REFRESH,2980,13,140,0.03,36.1,3475.0,0.0
150,content_623fddeecb19,client_19581e27de,0.7539159268689669,MODERATE_OPPORTUNITY,MODERATE_MODEL_RANK,REVIEW_FOR_REFRESH,1666,18,139,0.06,12.0,3605.0,0.0
151,content_9aae8f55e033,client_19581e27de,0.7536237916434818,MODERATE_OPPORTUNITY,MODERATE_MODEL_RANK,REVIEW_FOR_REFRESH,1735,15,139,0.0,12.0,3543.0,0.0
152,content_85e056f45a84,client_19581e27de,0.7535633695977186,MODERATE_OPPORTUNITY,MODERATE_MODEL_RANK,REVIEW_FOR_REFRESH,2256,10,139,0.0,10.0,3250.0,0.0
153,content_cd7885856619,client_349c41201b,0.7534948906972377,MODERATE_OPPORTUNITY,MODERATE_MODEL_RANK,REVIEW_FOR_REFRESH,6363,31,144,0.08,20.7,5180.0,3.23
154,content_a3c516ce1bbd,client_19581e27de,0.7534604216338129,MODERATE_OPPORTUNITY,MODERATE_MODEL_RANK,REVIEW_FOR_REFRESH,3570,4,126,0.08,3.8,2723.0,0.0
155,content_09bd0449a328,client_349c41201b,0.7533309200097282,MODERATE_OPPORTUNITY,MODERATE_MODEL_RANK,REVIEW_FOR_REFRESH,4144,10,148,0.1,42.4,4500.0,0.0
156,content_8aa06fb55d1a,client_19581e27de,0.7530833201383116,MODERATE_OPPORTUNITY,MODERATE_MODEL_RANK,REVIEW_FOR_REFRESH,4655,10,144,0.06,9.6,2707.0,0.0
157,content_5776fb1c426f,client_19581e27de,0.7528652831074979,MODERATE_OPPORTUNITY,MODERATE_MODEL_RANK,REVIEW_FOR_REFRESH,322,1,139,0.0,5.9,3210.0,0.0
158,content_cd761a823fa8,client_349c41201b,0.7528027160879995,MODERATE_OPPORTUNITY,MODERATE_MODEL_RANK,REVIEW_FOR_REFRESH,1185,29,140,0.08,24.8,4123.0,3.45
159,content_4cc7526e87df,client_19581e27de,0.7526756822408747,MODERATE_OPPORTUNITY,MODERATE_MODEL_RANK,REVIEW_FOR_REFRESH,870,12,139,0.0,7.6,3524.0,0.0
160,content_2dfa417be528,client_19581e27de,0.751939020829728,MODERATE_OPPORTUNITY,MODERATE_MODEL_RANK,REVIEW_FOR_REFRESH,409,3,95,0.0,19.2,3174.0,0.0
161,content_ca76aec58080,client_349c41201b,0.7518400583315892,MODERATE_OPPORTUNITY,MODERATE_MODEL_RANK,REVIEW_FOR_REFRESH,5021,10,140,0.02,17.9,3288.0,10.0
162,content_a113c8ac0e29,client_624b60c58c,0.7518084922040243,MODERATE_OPPORTUNITY,MODERATE_MODEL_RANK,REVIEW_FOR_REFRESH,183,11,111,0.0,6.9,3669.0,0.0
163,content_972b37f0c86d,client_19581e27de,0.751801439613872,MODERATE_OPPORTUNITY,MODERATE_MODEL_RANK,REVIEW_FOR_REFRESH,27437,33,139,0.07,7.2,4074.0,0.0
164,content_9d26a36928a1,client_624b60c58c,0.7517422512854128,MODERATE_OPPORTUNITY,MODERATE_MODEL_RANK,REVIEW_FOR_REFRESH,156,1,93,0.0,26.2,3808.0,0.0
165,content_97b56413e7a3,client_19581e27de,0.751614080409255,MODERATE_OPPORTUNITY,MODERATE_MODEL_RANK,REVIEW_FOR_REFRESH,4935,13,144,0.02,10.7,2231.0,0.0
166,content_9ec50a4893f8,client_349c41201b,0.7514278868840393,MODERATE_OPPORTUNITY,MODERATE_MODEL_RANK,REVIEW_FOR_REFRESH,3293,4,119,0.03,33.0,3041.0,0.0
167,content_149bf6f0677c,client_19581e27de,0.7514166481716501,MODERATE_OPPORTUNITY,MODERATE_MODEL_RANK,REVIEW_FOR_REFRESH,2459,13,139,0.16,3.4,3988.0,0.0
168,content_081d35f3654a,client_349c41201b,0.7513899880604312,MODERATE_OPPORTUNITY,MODERATE_MODEL_RANK,REVIEW_FOR_REFRESH,290,3,148,0.0,12.2,3585.0,0.0
169,content_51f848463d49,client_349c41201b,0.7512018664734715,MODERATE_OPPORTUNITY,MODERATE_MODEL_RANK,REVIEW_FOR_REFRESH,4409,31,140,0.11,16.7,3679.0,0.0
170,content_8de443806f5c,client_349c41201b,0.7509978185744304,MODERATE_OPPORTUNITY,MODERATE_MODEL_RANK,REVIEW_FOR_REFRESH,166,3,95,0.0,13.2,2982.0,0.0
171,content_bd21cf6484d9,client_349c41201b,0.7509532015075746,MODERATE_OPPORTUNITY,MODERATE_MODEL_RANK,REVIEW_FOR_REFRESH,4755,21,154,0.11,11.5,4055.0,0.0
172,content_3cec1c2404d1,client_19581e27de,0.7509448851417204,MODERATE_OPPORTUNITY,MODERATE_MODEL_RANK,REVIEW_FOR_REFRESH,456,1,95,0.0,26.5,2713.0,0.0
173,content_16a2b8ba482a,client_624b60c58c,0.7507743010559068,MODERATE_OPPORTUNITY,MODERATE_MODEL_RANK,REVIEW_FOR_REFRESH,581,8,131,0.0,9.6,3784.0,25.0
174,content_3c4a964d3144,client_349c41201b,0.7506605330576807,MODERATE_OPPORTUNITY,MODERATE_MODEL_RANK,REVIEW_FOR_REFRESH,2251,11,144,0.13,11.7,5974.0,0.0
175,content_a1735baeca28,client_19581e27de,0.7506482563789499,MODERATE_OPPORTUNITY,MODERATE_MODEL_RANK,REVIEW_FOR_REFRESH,4188,17,139,0.05,12.4,2910.0,0.0
176,content_0ad759bc5d3d,client_19581e27de,0.7498802856507354,MODERATE_OPPORTUNITY,MODERATE_MODEL_RANK,REVIEW_FOR_REFRESH,3409,10,139,0.0,4.3,2886.0,0.0
177,content_c91e1c6a526b,client_349c41201b,0.7497981338195672,MODERATE_OPPORTUNITY,MODERATE_MODEL_RANK,REVIEW_FOR_REFRESH,883,28,144,0.0,6.7,3482.0,0.0
178,content_338b283a1949,client_19581e27de,0.7497470649314597,MODERATE_OPPORTUNITY,MODERATE_MODEL_RANK,REVIEW_FOR_REFRESH,322,2,139,0.0,17.5,2583.0,0.0
179,content_245531f14938,client_19581e27de,0.7497397268381006,MODERATE_OPPORTUNITY,MODERATE_MODEL_RANK,REVIEW_FOR_REFRESH,7382,4,95,0.01,10.0,2992.0,0.0
180,content_1cfa9d635f7f,client_19581e27de,0.7494174526074591,MODERATE_OPPORTUNITY,MODERATE_MODEL_RANK,REVIEW_FOR_REFRESH,4688,4,139,0.11,5.9,4937.0,0.0
181,content_00cd5e91c97a,client_19581e27de,0.7490109664282465,MODERATE_OPPORTUNITY,MODERATE_MODEL_RANK,REVIEW_FOR_REFRESH,941,9,139,0.0,13.8,3554.0,0.0
182,content_bb485e06e530,client_19581e27de,0.7488435547556632,MODERATE_OPPORTUNITY,MODERATE_MODEL_RANK,REVIEW_FOR_REFRESH,2080,11,139,0.0,6.3,3423.0,0.0
183,content_85a5d72ba44b,client_19581e27de,0.7484687858701118,MODERATE_OPPORTUNITY,MODERATE_MODEL_RANK,REVIEW_FOR_REFRESH,9809,9,95,0.09,4.1,2745.0,0.0
184,content_2141c4214099,client_19581e27de,0.7483716669419538,MODERATE_OPPORTUNITY,MODERATE_MODEL_RANK,REVIEW_FOR_REFRESH,212,2,126,0.0,6.2,3329.0,0.0
185,content_4c87e0328089,client_349c41201b,0.7482958567253531,MODERATE_OPPORTUNITY,MODERATE_MODEL_RANK,REVIEW_FOR_REFRESH,2007,10,144,0.1,13.6,4745.0,0.0
186,content_10e37d569f62,client_19581e27de,0.7477236887618632,MODERATE_OPPORTUNITY,MODERATE_MODEL_RANK,REVIEW_FOR_REFRESH,2290,4,98,0.09,2.1,3395.0,0.0
187,content_fe70d7024017,client_349c41201b,0.7476434877370461,MODERATE_OPPORTUNITY,MODERATE_MODEL_RANK,REVIEW_FOR_REFRESH,968,4,95,0.0,21.8,3099.0,0.0
188,content_297894f924e0,client_349c41201b,0.74755409477341,MODERATE_OPPORTUNITY,MODERATE_MODEL_RANK,REVIEW_FOR_REFRESH,1162,6,140,0.0,20.2,3126.0,0.0
189,content_1134d84101e8,client_624b60c58c,0.7474440135110723,MODERATE_OPPORTUNITY,MODERATE_MODEL_RANK,REVIEW_FOR_REFRESH,320,9,329,0.0,7.0,1641.0,0.0
190,content_e7a21cf6ede4,client_19581e27de,0.7474384013527167,MODERATE_OPPORTUNITY,MODERATE_MODEL_RANK,REVIEW_FOR_REFRESH,1494,2,123,0.07,10.3,3122.0,0.0
191,content_d266ee60db2c,client_349c41201b,0.7469307777352836,MODERATE_OPPORTUNITY,MODERATE_MODEL_RANK,REVIEW_FOR_REFRESH,1234,6,148,0.0,26.4,3512.0,0.0
192,content_43d25a231bd9,client_349c41201b,0.7468719975023734,MODERATE_OPPORTUNITY,MODERATE_MODEL_RANK,REVIEW_FOR_REFRESH,897,2,95,0.0,32.1,2712.0,0.0
193,content_25e4de7469fd,client_19581e27de,0.7468443538161954,MODERATE_OPPORTUNITY,MODERATE_MODEL_RANK,REVIEW_FOR_REFRESH,5624,4,148,0.02,11.9,2274.0,0.0
194,content_59480f4188cc,client_19581e27de,0.7467973024112312,MODERATE_OPPORTUNITY,MODERATE_MODEL_RANK,REVIEW_FOR_REFRESH,5861,12,148,0.07,8.9,2552.0,0.0
195,content_16dac4871b21,client_349c41201b,0.7467109495163439,MODERATE_OPPORTUNITY,MODERATE_MODEL_RANK,REVIEW_FOR_REFRESH,26528,28,119,0.06,34.2,2993.0,3.57
196,content_de147de3f5fe,client_624b60c58c,0.7466127368189216,MODERATE_OPPORTUNITY,MODERATE_MODEL_RANK,REVIEW_FOR_REFRESH,1747,7,113,0.06,11.5,3870.0,0.0
197,content_1675e8c654a4,client_19581e27de,0.7465980111272682,MODERATE_OPPORTUNITY,MODERATE_MODEL_RANK,REVIEW_FOR_REFRESH,6688,12,144,0.01,11.9,2282.0,0.0
198,content_9d0300db3dbb,client_624b60c58c,0.7465736833328003,MODERATE_OPPORTUNITY,MODERATE_MODEL_RANK,REVIEW_FOR_REFRESH,361,3,119,0.0,7.1,3677.0,0.0
199,content_28ed033856be,client_349c41201b,0.7463841653294806,MODERATE_OPPORTUNITY,MODERATE_MODEL_RANK,REVIEW_FOR_REFRESH,2452,2,126,0.0,13.5,3040.0,0.0
200,content_e8259898d88e,client_624b60c58c,0.7459471151092762,MODERATE_OPPORTUNITY,MODERATE_MODEL_RANK,REVIEW_FOR_REFRESH,1963,11,104,0.0,5.8,4118.0,0.0
201,content_dfee9929efc5,client_19581e27de,0.7459197640014718,MODERATE_OPPORTUNITY,MODERATE_MODEL_RANK,REVIEW_FOR_REFRESH,1303,2,124,0.0,14.2,3049.0,0.0
202,content_6ebb6f3b39ef,client_19581e27de,0.7454963979186104,MODERATE_OPPORTUNITY,MODERATE_MODEL_RANK,REVIEW_FOR_REFRESH,1058,1,119,0.0,10.0,3063.0,0.0
203,content_668bea7107e6,client_19581e27de,0.7452688782350017,MODERATE_OPPORTUNITY,MODERATE_MODEL_RANK,REVIEW_FOR_REFRESH,21573,26,139,0.1,7.5,3891.0,0.0
204,content_73a9cfafddca,client_19581e27de,0.7450114343913222,MODERATE_OPPORTUNITY,MODERATE_MODEL_RANK,REVIEW_FOR_REFRESH,726,4,139,0.0,5.3,4383.0,0.0
205,content_f5b2d4a27311,client_19581e27de,0.7449649433688776,MODERATE_OPPORTUNITY,MODERATE_MODEL_RANK,REVIEW_FOR_REFRESH,559,1,124,0.0,8.8,3098.0,0.0
206,content_fd4eff090477,client_19581e27de,0.7447826743100506,MODERATE_OPPORTUNITY,MODERATE_MODEL_RANK,REVIEW_FOR_REFRESH,861,3,126,0.0,15.2,3182.0,0.0
207,content_69db4dab53e2,client_19581e27de,0.7445628718153573,MODERATE_OPPORTUNITY,MODERATE_MODEL_RANK,REVIEW_FOR_REFRESH,382,2,139,0.0,13.8,2444.0,0.0
208,content_45f1707c9172,client_349c41201b,0.7441329160586725,MODERATE_OPPORTUNITY,MODERATE_MODEL_RANK,REVIEW_FOR_REFRESH,1541,9,124,0.06,26.3,2918.0,0.0
209,content_1e5b3a2ba843,client_19581e27de,0.7438581166482973,MODERATE_OPPORTUNITY,MODERATE_MODEL_RANK,REVIEW_FOR_REFRESH,9789,4,124,0.03,2.4,3198.0,25.0
210,content_ebf51d7079e2,client_19581e27de,0.7438393822071038,MODERATE_OPPORTUNITY,MODERATE_MODEL_RANK,REVIEW_FOR_REFRESH,20696,26,139,0.06,3.8,3609.0,3.85
211,content_47827b95324c,client_19581e27de,0.7435596025328549,MODERATE_OPPORTUNITY,MODERATE_MODEL_RANK,REVIEW_FOR_REFRESH,2472,3,123,0.08,4.1,3134.0,0.0
212,content_9139978ad46c,client_19581e27de,0.7435210314712137,MODERATE_OPPORTUNITY,MODERATE_MODEL_RANK,REVIEW_FOR_REFRESH,1564,41,139,0.0,11.0,3831.0,7.32
213,content_d4637f675b8e,client_19581e27de,0.7434998488960922,MODERATE_OPPORTUNITY,MODERATE_MODEL_RANK,REVIEW_FOR_REFRESH,209,1,124,0.0,11.9,3194.0,0.0
214,content_ad6b78d323b7,client_19581e27de,0.7434500948437743,MODERATE_OPPORTUNITY,MODERATE_MODEL_RANK,REVIEW_FOR_REFRESH,394,8,139,0.0,15.5,3164.0,0.0
215,content_dcbc62c26c9a,client_624b60c58c,0.7432377137820495,MODERATE_OPPORTUNITY,MODERATE_MODEL_RANK,REVIEW_FOR_REFRESH,867,27,133,0.12,10.9,3854.0,0.0
216,content_8db4c9e4360b,client_19581e27de,0.743234136717597,MODERATE_OPPORTUNITY,MODERATE_MODEL_RANK,REVIEW_FOR_REFRESH,1384,4,139,0.0,6.1,3234.0,0.0
217,content_dc3c55427486,client_624b60c58c,0.7431961933660838,MODERATE_OPPORTUNITY,MODERATE_MODEL_RANK,REVIEW_FOR_REFRESH,267,2,110,0.0,6.1,4142.0,0.0
218,content_acd898a2f08a,client_19581e27de,0.7431908661996363,MODERATE_OPPORTUNITY,MODERATE_MODEL_RANK,REVIEW_FOR_REFRESH,2902,16,139,0.03,15.6,3096.0,6.25
219,content_017571370a05,client_19581e27de,0.7427207303943026,MODERATE_OPPORTUNITY,MODERATE_MODEL_RANK,REVIEW_FOR_REFRESH,313,1,98,0.0,15.6,3307.0,0.0
220,content_b96f39de8ced,client_19581e27de,0.7424291570276813,MODERATE_OPPORTUNITY,MODERATE_MODEL_RANK,REVIEW_FOR_REFRESH,1911,15,139,0.1,12.6,4403.0,0.0
221,content_53ca739ee456,client_349c41201b,0.7423345359123058,MODERATE_OPPORTUNITY,MODERATE_MODEL_RANK,REVIEW_FOR_REFRESH,1720,3,165,0.17,5.2,4738.0,0.0
222,content_2f2569494af4,client_624b60c58c,0.7422894290825804,MODERATE_OPPORTUNITY,MODERATE_MODEL_RANK,REVIEW_FOR_REFRESH,164,5,110,0.0,7.6,5017.0,0.0
223,content_d2f9f48640c6,client_349c41201b,0.74223678283688,MODERATE_OPPORTUNITY,MODERATE_MODEL_RANK,REVIEW_FOR_REFRESH,588,3,148,0.17,17.1,4207.0,0.0
224,content_2097c4bc40b3,client_19581e27de,0.7421392917860437,MODERATE_OPPORTUNITY,MODERATE_MODEL_RANK,REVIEW_FOR_REFRESH,2753,5,112,0.07,7.3,2985.0,20.0
225,content_66c6f20591ec,client_19581e27de,0.7421362507965942,MODERATE_OPPORTUNITY,MODERATE_MODEL_RANK,REVIEW_FOR_REFRESH,6622,7,139,0.06,8.2,3015.0,0.0
226,content_b0ce54b7e445,client_9f14025af0,0.74194986181809,MODERATE_OPPORTUNITY,MODERATE_MODEL_RANK,REVIEW_FOR_REFRESH,332,2,298,0.6,32.7,1184.0,0.0
227,content_589c90f12b83,client_19581e27de,0.7418223738133931,MODERATE_OPPORTUNITY,MODERATE_MODEL_RANK,REVIEW_FOR_REFRESH,293,6,91,0.0,9.0,2819.0,0.0
228,content_d441e5af9fcf,client_19581e27de,0.7415487219538953,MODERATE_OPPORTUNITY,MODERATE_MODEL_RANK,REVIEW_FOR_REFRESH,2783,4,98,0.14,3.3,2544.0,0.0
229,content_1023abe9e4dd,client_624b60c58c,0.7414595744954994,MODERATE_OPPORTUNITY,MODERATE_MODEL_RANK,REVIEW_FOR_REFRESH,137,6,95,0.0,4.6,3659.0,0.0
230,content_d296baa9ea52,client_19581e27de,0.7413542393197272,MODERATE_OPPORTUNITY,MODERATE_MODEL_RANK,REVIEW_FOR_REFRESH,445,2,98,0.0,9.5,2569.0,0.0
231,content_597c1dcedde0,client_19581e27de,0.7413199960972698,MODERATE_OPPORTUNITY,MODERATE_MODEL_RANK,REVIEW_FOR_REFRESH,1771,2,112,0.0,3.8,2684.0,0.0
232,content_5272480eadec,client_624b60c58c,0.7412481245067226,MODERATE_OPPORTUNITY,MODERATE_MODEL_RANK,REVIEW_FOR_REFRESH,232,4,110,0.0,31.6,3907.0,0.0
233,content_511e3b0c806f,client_349c41201b,0.741165902713077,MODERATE_OPPORTUNITY,MODERATE_MODEL_RANK,REVIEW_FOR_REFRESH,18073,29,144,0.13,10.3,4155.0,3.45
234,content_de5948774202,client_19581e27de,0.7411315384057613,MODERATE_OPPORTUNITY,MODERATE_MODEL_RANK,REVIEW_FOR_REFRESH,1065,9,139,0.0,13.9,3021.0,0.0
235,content_2a7159313ef2,client_19581e27de,0.7411237718753684,MODERATE_OPPORTUNITY,MODERATE_MODEL_RANK,REVIEW_FOR_REFRESH,136,3,95,0.0,14.1,3248.0,0.0
236,content_2ee9b3cf900a,client_349c41201b,0.7407640245644521,MODERATE_OPPORTUNITY,MODERATE_MODEL_RANK,REVIEW_FOR_REFRESH,1083,2,119,0.0,20.7,2840.0,0.0
237,content_af33d56338a4,client_19581e27de,0.7407537323863309,MODERATE_OPPORTUNITY,MODERATE_MODEL_RANK,REVIEW_FOR_REFRESH,4921,5,95,0.14,3.6,2911.0,0.0
238,content_ec31e7041c89,client_349c41201b,0.7406429875749823,MODERATE_OPPORTUNITY,MODERATE_MODEL_RANK,REVIEW_FOR_REFRESH,1153,29,140,0.09,16.9,3248.0,0.0
239,content_9de5198731c5,client_349c41201b,0.7403130381016905,MODERATE_OPPORTUNITY,MODERATE_MODEL_RANK,REVIEW_FOR_REFRESH,677,8,140,0.15,23.5,3912.0,0.0
240,content_b847d3bc76b9,client_19581e27de,0.7401469290246476,MODERATE_OPPORTUNITY,MODERATE_MODEL_RANK,REVIEW_FOR_REFRESH,5378,6,126,0.07,9.3,3071.0,0.0
241,content_fdac62d7284e,client_349c41201b,0.7400982923981188,MODERATE_OPPORTUNITY,MODERATE_MODEL_RANK,REVIEW_FOR_REFRESH,1681,3,124,0.06,35.0,3332.0,0.0
242,content_85ff1bdf6dd6,client_19581e27de,0.7400936846173997,MODERATE_OPPORTUNITY,MODERATE_MODEL_RANK,REVIEW_FOR_REFRESH,837,5,139,0.0,4.8,3475.0,0.0
243,content_3542804590e9,client_19581e27de,0.7398681001218002,MODERATE_OPPORTUNITY,MODERATE_MODEL_RANK,REVIEW_FOR_REFRESH,403,5,139,0.0,15.6,3526.0,0.0
244,content_f4cb8147edc2,client_19581e27de,0.7397222542278142,MODERATE_OPPORTUNITY,MODERATE_MODEL_RANK,REVIEW_FOR_REFRESH,3431,28,148,0.09,10.3,2617.0,0.0
245,content_8cbda3f608d0,client_349c41201b,0.7396897581107206,MODERATE_OPPORTUNITY,MODERATE_MODEL_RANK,REVIEW_FOR_REFRESH,866,3,111,0.0,1.9,3146.0,0.0
246,content_7c24ed9fb606,client_19581e27de,0.739682442320371,MODERATE_OPPORTUNITY,MODERATE_MODEL_RANK,REVIEW_FOR_REFRESH,925,8,139,0.11,13.2,5269.0,0.0
247,content_26da35484d65,client_19581e27de,0.7395791670322964,MODERATE_OPPORTUNITY,MODERATE_MODEL_RANK,REVIEW_FOR_REFRESH,859,1,98,0.0,7.5,2907.0,0.0
248,content_034f7f73eae1,client_19581e27de,0.7389376492267071,MODERATE_OPPORTUNITY,MODERATE_MODEL_RANK,REVIEW_FOR_REFRESH,6209,13,139,0.11,6.9,4618.0,0.0
249,content_70b10b7227ac,client_624b60c58c,0.7388767390401649,MODERATE_OPPORTUNITY,MODERATE_MODEL_RANK,REVIEW_FOR_REFRESH,356,4,99,0.0,7.5,3931.0,0.0
250,content_4aa1ac31a195,client_19581e27de,0.7378715118455312,MODERATE_OPPORTUNITY,MODERATE_MODEL_RANK,REVIEW_FOR_REFRESH,6599,2,112,0.05,5.5,3025.0,0.0
251,content_bed8bc8b87a0,client_19581e27de,0.7378654062661114,MODERATE_OPPORTUNITY,MODERATE_MODEL_RANK,REVIEW_FOR_REFRESH,377,1,112,0.0,3.5,2976.0,0.0
252,content_a3abf75d2a55,client_624b60c58c,0.7377442340563747,MODERATE_OPPORTUNITY,MODERATE_MODEL_RANK,REVIEW_FOR_REFRESH,182,1,118,0.0,6.0,3867.0,0.0
253,content_f7c497d4464c,client_349c41201b,0.7376587318082268,MODERATE_OPPORTUNITY,MODERATE_MODEL_RANK,REVIEW_FOR_REFRESH,553,2,124,0.0,11.4,2742.0,0.0
254,content_c9c8fd0e7d30,client_19581e27de,0.7374486845909881,MODERATE_OPPORTUNITY,MODERATE_MODEL_RANK,REVIEW_FOR_REFRESH,2488,2,119,0.04,11.6,2866.0,0.0
255,content_53ef66d4e6b3,client_349c41201b,0.737280281508529,MODERATE_OPPORTUNITY,MODERATE_MODEL_RANK,REVIEW_FOR_REFRESH,359,1,119,0.0,8.6,2823.0,0.0
256,content_91283c049685,client_19581e27de,0.7370910131491892,MODERATE_OPPORTUNITY,MODERATE_MODEL_RANK,REVIEW_FOR_REFRESH,3904,13,139,0.1,5.4,4725.0,7.69
257,content_a24ca4627f7e,client_349c41201b,0.73702486304748,MODERATE_OPPORTUNITY,MODERATE_MODEL_RANK,REVIEW_FOR_REFRESH,1592,6,126,0.06,26.8,2733.0,0.0
258,content_62b053107a02,client_349c41201b,0.736860234134825,MODERATE_OPPORTUNITY,MODERATE_MODEL_RANK,REVIEW_FOR_REFRESH,408,1,126,0.0,14.8,2805.0,0.0
259,content_3d8b143de525,client_349c41201b,0.7367852046056718,MODERATE_OPPORTUNITY,MODERATE_MODEL_RANK,REVIEW_FOR_REFRESH,775,3,126,0.0,11.2,3126.0,0.0
260,content_97254fa2b11c,client_349c41201b,0.7366656005665315,MODERATE_OPPORTUNITY,MODERATE_MODEL_RANK,REVIEW_FOR_REFRESH,3154,13,154,0.19,29.4,4143.0,0.0
261,content_bcf129e18379,client_19581e27de,0.7366465775916233,MODERATE_OPPORTUNITY,MODERATE_MODEL_RANK,REVIEW_FOR_REFRESH,875,9,139,0.0,33.1,3405.0,0.0
262,content_ef1e5f4a8287,client_349c41201b,0.736537154474904,MODERATE_OPPORTUNITY,MODERATE_MODEL_RANK,REVIEW_FOR_REFRESH,1418,22,140,0.14,13.9,4207.0,0.0
263,content_3bfd3e9b576d,client_349c41201b,0.7363111870780666,MODERATE_OPPORTUNITY,MODERATE_MODEL_RANK,REVIEW_FOR_REFRESH,1965,5,154,0.15,8.8,3899.0,0.0
264,content_c746a2c72e43,client_349c41201b,0.7362830052188071,MODERATE_OPPORTUNITY,MODERATE_MODEL_RANK,REVIEW_FOR_REFRESH,209,1,124,0.0,23.2,2742.0,0.0
265,content_fda9f7170a22,client_19581e27de,0.7362415713992434,MODERATE_OPPORTUNITY,MODERATE_MODEL_RANK,REVIEW_FOR_REFRESH,3924,2,103,0.05,8.3,3113.0,0.0
266,content_3acbc02ae81e,client_19581e27de,0.7362365813796417,MODERATE_OPPORTUNITY,MODERATE_MODEL_RANK,REVIEW_FOR_REFRESH,1073,3,139,0.19,7.9,4699.0,0.0
267,content_1f8b71725363,client_349c41201b,0.7361487186869734,MODERATE_OPPORTUNITY,MODERATE_MODEL_RANK,REVIEW_FOR_REFRESH,465,6,144,0.0,32.4,3332.0,0.0
268,content_46de96f85924,client_349c41201b,0.7359165120530907,MODERATE_OPPORTUNITY,MODERATE_MODEL_RANK,REVIEW_FOR_REFRESH,1491,1,111,0.0,8.2,3186.0,0.0
269,content_2bc4a3f451eb,client_19581e27de,0.7358634066748797,MODERATE_OPPORTUNITY,MODERATE_MODEL_RANK,REVIEW_FOR_REFRESH,693,1,98,0.0,19.7,2915.0,0.0
270,content_e27fed48571e,client_19581e27de,0.7357558708375213,MODERATE_OPPORTUNITY,MODERATE_MODEL_RANK,REVIEW_FOR_REFRESH,315,3,98,0.0,7.8,3045.0,0.0
271,content_6e1add102562,client_624b60c58c,0.7357138918120855,MODERATE_OPPORTUNITY,MODERATE_MODEL_RANK,REVIEW_FOR_REFRESH,133,3,92,0.0,6.1,4056.0,0.0
272,content_7df2ad352b3a,client_19581e27de,0.7357078656815346,MODERATE_OPPORTUNITY,MODERATE_MODEL_RANK,REVIEW_FOR_REFRESH,1541,29,139,0.0,11.3,3300.0,3.45
273,content_bcd0dfae3a82,client_19581e27de,0.7356501656601503,MODERATE_OPPORTUNITY,MODERATE_MODEL_RANK,REVIEW_FOR_REFRESH,446,10,139,0.0,26.8,2794.0,0.0
274,content_e319408369bd,client_19581e27de,0.7352977490106757,MODERATE_OPPORTUNITY,MODERATE_MODEL_RANK,REVIEW_FOR_REFRESH,551,1,98,0.0,5.4,3050.0,0.0
275,content_54086712ccc2,client_349c41201b,0.7352874478310095,MODERATE_OPPORTUNITY,MODERATE_MODEL_RANK,REVIEW_FOR_REFRESH,1177,10,95,0.0,34.0,3076.0,0.0
276,content_75ea8d312e73,client_349c41201b,0.7352463647223538,MODERATE_OPPORTUNITY,MODERATE_MODEL_RANK,REVIEW_FOR_REFRESH,214,4,119,0.0,20.1,2933.0,0.0
277,content_893b8c1ac30f,client_349c41201b,0.7351816827523886,MODERATE_OPPORTUNITY,MODERATE_MODEL_RANK,REVIEW_FOR_REFRESH,1214,4,144,0.08,5.3,3374.0,0.0
278,content_88abe984795b,client_19581e27de,0.7351634540443064,MODERATE_OPPORTUNITY,MODERATE_MODEL_RANK,REVIEW_FOR_REFRESH,858,11,91,0.0,19.6,3010.0,0.0
279,content_e06389cec5c1,client_19581e27de,0.7351215361116554,MODERATE_OPPORTUNITY,MODERATE_MODEL_RANK,REVIEW_FOR_REFRESH,19572,11,139,0.01,7.0,3222.0,0.0
280,content_0cbf5c93e96e,client_624b60c58c,0.7349865586314993,MODERATE_OPPORTUNITY,MODERATE_MODEL_RANK,REVIEW_FOR_REFRESH,320,4,98,0.0,8.9,4511.0,25.0
281,content_9dbf8a465a23,client_349c41201b,0.734898416035189,MODERATE_OPPORTUNITY,MODERATE_MODEL_RANK,REVIEW_FOR_REFRESH,537,4,154,0.19,14.0,4907.0,0.0
282,content_312d60f11609,client_19581e27de,0.7345522781130299,MODERATE_OPPORTUNITY,MODERATE_MODEL_RANK,REVIEW_FOR_REFRESH,392,3,139,0.0,6.9,2582.0,0.0
283,content_b5162eb45307,client_19581e27de,0.73441973726608,MODERATE_OPPORTUNITY,MODERATE_MODEL_RANK,REVIEW_FOR_REFRESH,546,4,119,0.0,6.2,3136.0,0.0
284,content_8d8257690562,client_19581e27de,0.7342032060671957,MODERATE_OPPORTUNITY,MODERATE_MODEL_RANK,REVIEW_FOR_REFRESH,4248,17,139,0.14,5.3,3854.0,0.0
285,content_79bb85959143,client_19581e27de,0.733963356597148,MODERATE_OPPORTUNITY,MODERATE_MODEL_RANK,REVIEW_FOR_REFRESH,10272,8,126,0.11,3.2,2795.0,0.0
286,content_e2cecb581102,client_349c41201b,0.7339312617898678,MODERATE_OPPORTUNITY,MODERATE_MODEL_RANK,REVIEW_FOR_REFRESH,4508,27,140,0.09,16.9,3051.0,0.0
287,content_ff4f2f542546,client_624b60c58c,0.7339014368352527,MODERATE_OPPORTUNITY,MODERATE_MODEL_RANK,REVIEW_FOR_REFRESH,289,4,323,0.0,50.5,1316.0,0.0
288,content_3c5a47d61ef5,client_624b60c58c,0.7338760287522369,MODERATE_OPPORTUNITY,MODERATE_MODEL_RANK,REVIEW_FOR_REFRESH,140,6,99,0.0,9.2,3753.0,0.0
289,content_1e3f35867181,client_349c41201b,0.7337853607465706,MODERATE_OPPORTUNITY,MODERATE_MODEL_RANK,REVIEW_FOR_REFRESH,399,4,119,0.0,17.6,2986.0,0.0
290,content_f8f2ccc26bd5,client_19581e27de,0.7336713235951645,MODERATE_OPPORTUNITY,MODERATE_MODEL_RANK,REVIEW_FOR_REFRESH,2706,15,139,0.11,5.9,3768.0,0.0
291,content_f60a45a2af67,client_349c41201b,0.7334890611805498,MODERATE_OPPORTUNITY,MODERATE_MODEL_RANK,REVIEW_FOR_REFRESH,1885,11,168,0.11,6.9,3353.0,0.0
292,content_6f745f5c255d,client_624b60c58c,0.7334643473668389,MODERATE_OPPORTUNITY,MODERATE_MODEL_RANK,REVIEW_FOR_REFRESH,831,17,330,0.12,12.4,1705.0,0.0
293,content_f99c91e948eb,client_349c41201b,0.7334241056472901,MODERATE_OPPORTUNITY,MODERATE_MODEL_RANK,REVIEW_FOR_REFRESH,261,3,104,0.0,6.9,2669.0,0.0
294,content_337730f98f56,client_349c41201b,0.7332805423114844,MODERATE_OPPORTUNITY,MODERATE_MODEL_RANK,REVIEW_FOR_REFRESH,1817,8,140,0.11,26.8,2500.0,0.0
295,content_21bc70ade0e1,client_19581e27de,0.7332456433678486,MODERATE_OPPORTUNITY,MODERATE_MODEL_RANK,REVIEW_FOR_REFRESH,193,3,98,0.0,13.4,3270.0,0.0
296,content_0922823c38a5,client_19581e27de,0.7332387605865485,MODERATE_OPPORTUNITY,MODERATE_MODEL_RANK,REVIEW_FOR_REFRESH,660,1,139,0.15,7.6,4946.0,0.0
297,content_50f7c0078e8b,client_19581e27de,0.7329817968538349,MODERATE_OPPORTUNITY,MODERATE_MODEL_RANK,REVIEW_FOR_REFRESH,9291,3,124,0.09,2.5,2916.0,0.0
298,content_2cc89aac243b,client_19581e27de,0.7326798502996894,MODERATE_OPPORTUNITY,MODERATE_MODEL_RANK,REVIEW_FOR_REFRESH,2432,4,103,0.04,6.8,3402.0,0.0
299,content_5c716a495f33,client_624b60c58c,0.7326068183643479,MODERATE_OPPORTUNITY,MODERATE_MODEL_RANK,REVIEW_FOR_REFRESH,38,3,94,0.0,7.4,3640.0,0.0
300,content_900f828b925b,client_624b60c58c,0.7325799469318943,MODERATE_OPPORTUNITY,MODERATE_MODEL_RANK,REVIEW_FOR_REFRESH,2362,3,101,0.0,11.7,4302.0,0.0
301,content_58304dee07c1,client_19581e27de,0.732422845531477,MODERATE_OPPORTUNITY,MODERATE_MODEL_RANK,REVIEW_FOR_REFRESH,26544,64,139,0.06,5.1,3925.0,0.0
302,content_462dbe7afad8,client_349c41201b,0.7322996905156017,MODERATE_OPPORTUNITY,MODERATE_MODEL_RANK,REVIEW_FOR_REFRESH,262,2,111,0.0,15.3,2986.0,0.0
303,content_b96e111010b6,client_19581e27de,0.7318418479431327,MODERATE_OPPORTUNITY,MODERATE_MODEL_RANK,REVIEW_FOR_REFRESH,934,5,139,0.11,3.6,2922.0,20.0
304,content_d74b2ca2fe83,client_624b60c58c,0.7318417724097693,MODERATE_OPPORTUNITY,MODERATE_MODEL_RANK,REVIEW_FOR_REFRESH,2218,20,131,0.0,14.1,3868.0,5.0
305,content_3c5020578d4f,client_19581e27de,0.731801195329174,MODERATE_OPPORTUNITY,MODERATE_MODEL_RANK,REVIEW_FOR_REFRESH,21898,18,139,0.03,9.0,2591.0,0.0
306,content_931ffd5dc6aa,client_19581e27de,0.7314979719560813,MODERATE_OPPORTUNITY,MODERATE_MODEL_RANK,REVIEW_FOR_REFRESH,5494,12,95,0.07,19.4,3109.0,0.0
307,content_4060300f8da9,client_349c41201b,0.7311828929508899,MODERATE_OPPORTUNITY,MODERATE_MODEL_RANK,REVIEW_FOR_REFRESH,873,1,124,0.0,25.9,2905.0,0.0
308,content_055125728aed,client_349c41201b,0.730923139339242,MODERATE_OPPORTUNITY,MODERATE_MODEL_RANK,REVIEW_FOR_REFRESH,1920,5,154,0.16,27.3,5195.0,0.0
309,content_3a003823c571,client_624b60c58c,0.7308948694758538,MODERATE_OPPORTUNITY,MODERATE_MODEL_RANK,REVIEW_FOR_REFRESH,834,9,98,0.0,5.8,3632.0,0.0
310,content_9dee99470415,client_349c41201b,0.7306290710777874,MODERATE_OPPORTUNITY,MODERATE_MODEL_RANK,REVIEW_FOR_REFRESH,240,3,124,0.0,24.2,2879.0,0.0
311,content_41ff4a26c728,client_624b60c58c,0.7305867505374615,MODERATE_OPPORTUNITY,MODERATE_MODEL_RANK,REVIEW_FOR_REFRESH,84,5,327,1.19,7.9,1083.0,0.0
312,content_6f5451efaccc,client_349c41201b,0.730559554028433,MODERATE_OPPORTUNITY,MODERATE_MODEL_RANK,REVIEW_FOR_REFRESH,504,1,119,0.0,29.3,3112.0,0.0
313,content_ad2f62cb8827,client_349c41201b,0.730524285562259,MODERATE_OPPORTUNITY,MODERATE_MODEL_RANK,REVIEW_FOR_REFRESH,1162,7,140,0.09,29.2,3378.0,0.0
314,content_2a12375a7402,client_19581e27de,0.7303386987376186,MODERATE_OPPORTUNITY,MODERATE_MODEL_RANK,REVIEW_FOR_REFRESH,193,11,139,0.0,8.4,2681.0,9.09
315,content_364ddf5cbda1,client_19581e27de,0.7302173440896803,MODERATE_OPPORTUNITY,MODERATE_MODEL_RANK,REVIEW_FOR_REFRESH,1092,2,139,0.09,11.1,2990.0,0.0
316,content_f2e3b61b6901,client_349c41201b,0.7301879261634415,MODERATE_OPPORTUNITY,MODERATE_MODEL_RANK,REVIEW_FOR_REFRESH,951,2,126,0.0,31.8,3104.0,0.0
317,content_f2a63a8497e0,client_624b60c58c,0.7300120831502107,MODERATE_OPPORTUNITY,MODERATE_MODEL_RANK,REVIEW_FOR_REFRESH,294,6,99,0.0,13.3,4168.0,0.0
318,content_fe4b7cc20421,client_349c41201b,0.7299784559708904,MODERATE_OPPORTUNITY,MODERATE_MODEL_RANK,REVIEW_FOR_REFRESH,4292,7,144,0.02,45.2,4327.0,0.0
319,content_d61a79f50628,client_19581e27de,0.7299041920386129,MODERATE_OPPORTUNITY,MODERATE_MODEL_RANK,REVIEW_FOR_REFRESH,346,3,124,0.0,7.2,2748.0,0.0
320,content_41ffdf98a18e,client_624b60c58c,0.7297151610673829,MODERATE_OPPORTUNITY,MODERATE_MODEL_RANK,REVIEW_FOR_REFRESH,247,4,109,0.0,9.5,4366.0,0.0
321,content_fa3aad50d0be,client_19581e27de,0.729328901538781,MODERATE_OPPORTUNITY,MODERATE_MODEL_RANK,REVIEW_FOR_REFRESH,1728,4,98,0.06,12.7,3558.0,0.0
322,content_9a80c96d3a1e,client_349c41201b,0.7292158576488158,MODERATE_OPPORTUNITY,MODERATE_MODEL_RANK,REVIEW_FOR_REFRESH,7756,18,144,0.15,14.5,4515.0,0.0
323,content_0e46dceb362b,client_19581e27de,0.7289630932622869,MODERATE_OPPORTUNITY,MODERATE_MODEL_RANK,REVIEW_FOR_REFRESH,7601,10,119,0.12,3.5,3362.0,0.0
324,content_580ec262b140,client_19581e27de,0.7289056002232853,MODERATE_OPPORTUNITY,MODERATE_MODEL_RANK,REVIEW_FOR_REFRESH,5437,54,153,0.11,15.1,3122.0,1.85
325,content_ac41a0819740,client_19581e27de,0.7287046952019207,MODERATE_OPPORTUNITY,MODERATE_MODEL_RANK,REVIEW_FOR_REFRESH,2429,6,124,0.12,2.5,3029.0,0.0
326,content_d6753dcbee84,client_19581e27de,0.7286019206189688,MODERATE_OPPORTUNITY,MODERATE_MODEL_RANK,REVIEW_FOR_REFRESH,2897,4,119,0.14,2.3,2785.0,0.0
327,content_537c5ac762cb,client_19581e27de,0.7285180087614879,MODERATE_OPPORTUNITY,MODERATE_MODEL_RANK,REVIEW_FOR_REFRESH,324,2,103,0.0,14.9,3118.0,0.0
328,content_d76da4b6cfc6,client_19581e27de,0.7283943521706598,MODERATE_OPPORTUNITY,MODERATE_MODEL_RANK,REVIEW_FOR_REFRESH,235,80,139,0.0,37.1,2636.0,1.25
329,content_d31f4535caf1,client_9f14025af0,0.7281788744230123,MODERATE_OPPORTUNITY,MODERATE_MODEL_RANK,REVIEW_FOR_REFRESH,373,3,306,0.54,44.8,1137.0,0.0
330,content_e913ab1f851a,client_19581e27de,0.7281132065713379,MODERATE_OPPORTUNITY,MODERATE_MODEL_RANK,REVIEW_FOR_REFRESH,8110,7,95,0.14,2.4,2873.0,0.0
331,content_39a239acd65e,client_349c41201b,0.7278176686843697,MODERATE_OPPORTUNITY,MODERATE_MODEL_RANK,REVIEW_FOR_REFRESH,3306,11,148,0.21,21.4,4224.0,0.0
332,content_73cefde1b3af,client_624b60c58c,0.7277484039916153,MODERATE_OPPORTUNITY,MODERATE_MODEL_RANK,REVIEW_FOR_REFRESH,567,18,126,0.0,44.1,3870.0,0.0
333,content_76c23df68968,client_19581e27de,0.7276817510161466,MODERATE_OPPORTUNITY,MODERATE_MODEL_RANK,REVIEW_FOR_REFRESH,1023,3,126,0.0,8.1,2938.0,0.0
334,content_4f1a280698ef,client_19581e27de,0.7276313288469413,MODERATE_OPPORTUNITY,MODERATE_MODEL_RANK,REVIEW_FOR_REFRESH,11062,37,139,0.06,4.1,3219.0,0.0
335,content_9525864e2b43,client_19581e27de,0.7275815961857593,MODERATE_OPPORTUNITY,MODERATE_MODEL_RANK,REVIEW_FOR_REFRESH,198,3,103,0.0,23.3,3243.0,0.0
336,content_d185e41055fb,client_19581e27de,0.7272101553148711,MODERATE_OPPORTUNITY,MODERATE_MODEL_RANK,REVIEW_FOR_REFRESH,5356,7,126,0.15,2.2,2995.0,0.0
337,content_ff94c9b6b411,client_349c41201b,0.7272072164056942,MODERATE_OPPORTUNITY,MODERATE_MODEL_RANK,REVIEW_FOR_REFRESH,228566,87,154,0.04,27.4,5375.0,1.15
338,content_f92c70e87619,client_19581e27de,0.7271734038453558,MODERATE_OPPORTUNITY,MODERATE_MODEL_RANK,REVIEW_FOR_REFRESH,480,1,112,0.0,7.2,3049.0,0.0
339,content_66d21de5e7bf,client_349c41201b,0.7271336736128624,MODERATE_OPPORTUNITY,MODERATE_MODEL_RANK,REVIEW_FOR_REFRESH,275,1,104,0.0,9.5,3022.0,0.0
340,content_db2235d35a88,client_349c41201b,0.7268661993446511,MODERATE_OPPORTUNITY,MODERATE_MODEL_RANK,REVIEW_FOR_REFRESH,167,3,104,0.0,11.2,3083.0,0.0
341,content_a0e084cbcf6c,client_19581e27de,0.726806067017607,MODERATE_OPPORTUNITY,MODERATE_MODEL_RANK,REVIEW_FOR_REFRESH,1623,6,95,0.06,13.6,2689.0,0.0
342,content_194a3cd73c28,client_624b60c58c,0.7266761099322818,MODERATE_OPPORTUNITY,MODERATE_MODEL_RANK,REVIEW_FOR_REFRESH,159,5,110,0.0,11.6,3944.0,0.0
343,content_9bcc697ea7f3,client_624b60c58c,0.7266624073304042,MODERATE_OPPORTUNITY,MODERATE_MODEL_RANK,REVIEW_FOR_REFRESH,832,24,131,0.0,7.1,4589.0,4.17
344,content_fe4e6c1a622c,client_19581e27de,0.7265800772178116,MODERATE_OPPORTUNITY,MODERATE_MODEL_RANK,REVIEW_FOR_REFRESH,6971,87,148,0.01,11.9,2220.0,2.3
345,content_14b2996de02c,client_349c41201b,0.7264850424897789,MODERATE_OPPORTUNITY,MODERATE_MODEL_RANK,REVIEW_FOR_REFRESH,312,2,104,0.0,11.7,2970.0,0.0
346,content_316f467b65fe,client_19581e27de,0.7263161838009318,MODERATE_OPPORTUNITY,MODERATE_MODEL_RANK,REVIEW_FOR_REFRESH,3459,2,126,0.12,2.6,3456.0,0.0
347,content_3ff647c911d0,client_624b60c58c,0.7262857732119876,MODERATE_OPPORTUNITY,MODERATE_MODEL_RANK,REVIEW_FOR_REFRESH,954,11,132,0.21,7.8,4163.0,0.0
348,content_94f382daa1c3,client_349c41201b,0.7261785578806788,MODERATE_OPPORTUNITY,MODERATE_MODEL_RANK,REVIEW_FOR_REFRESH,110,3,95,0.0,33.7,2779.0,0.0
349,content_5a6ef5079533,client_349c41201b,0.7260355447044603,MODERATE_OPPORTUNITY,MODERATE_MODEL_RANK,REVIEW_FOR_REFRESH,615,3,144,0.16,13.3,3894.0,0.0
350,content_d56e49297d86,client_19581e27de,0.7258775570112787,MODERATE_OPPORTUNITY,MODERATE_MODEL_RANK,REVIEW_FOR_REFRESH,2602,2,98,0.08,3.5,2926.0,0.0
351,content_2e244ff1b58f,client_624b60c58c,0.7257460417109075,MODERATE_OPPORTUNITY,MODERATE_MODEL_RANK,REVIEW_FOR_REFRESH,394,6,322,0.0,10.8,1530.0,0.0
352,content_fc7ee928ca29,client_19581e27de,0.7257142297019751,MODERATE_OPPORTUNITY,MODERATE_MODEL_RANK,REVIEW_FOR_REFRESH,406,1,124,0.0,13.7,2848.0,0.0
353,content_e49654caefba,client_349c41201b,0.7256996661913014,MODERATE_OPPORTUNITY,MODERATE_MODEL_RANK,REVIEW_FOR_REFRESH,5658,16,165,0.21,11.0,4767.0,0.0
354,content_64d86659a6ac,client_624b60c58c,0.7256501866084367,MODERATE_OPPORTUNITY,MODERATE_MODEL_RANK,REVIEW_FOR_REFRESH,137,7,99,0.0,6.9,3880.0,0.0
355,content_62fad90d881c,client_19581e27de,0.7253263121554224,MODERATE_OPPORTUNITY,MODERATE_MODEL_RANK,REVIEW_FOR_REFRESH,200,1,112,0.0,21.5,3055.0,0.0
356,content_d63704fc7d21,client_19581e27de,0.7238772618644975,MODERATE_OPPORTUNITY,MODERATE_MODEL_RANK,REVIEW_FOR_REFRESH,681,1,139,0.0,34.9,2390.0,0.0
357,content_d528ef29dfc5,client_19581e27de,0.7237865755808176,MODERATE_OPPORTUNITY,MODERATE_MODEL_RANK,REVIEW_FOR_REFRESH,817,5,139,0.12,9.1,3584.0,0.0
358,content_75aa30f2dfc4,client_624b60c58c,0.7236734546797079,MODERATE_OPPORTUNITY,MODERATE_MODEL_RANK,REVIEW_FOR_REFRESH,15,1,96,0.0,7.6,3775.0,0.0
359,content_9eb8a44097da,client_349c41201b,0.7236346784288878,MODERATE_OPPORTUNITY,MODERATE_MODEL_RANK,REVIEW_FOR_REFRESH,437,4,104,0.0,6.6,3127.0,0.0
360,content_79404d272a6e,client_19581e27de,0.7235592329559672,MODERATE_OPPORTUNITY,MODERATE_MODEL_RANK,REVIEW_FOR_REFRESH,224,4,112,0.0,15.2,3016.0,0.0
361,content_7c345f3f778a,client_19581e27de,0.7234153110672601,MODERATE_OPPORTUNITY,MODERATE_MODEL_RANK,REVIEW_FOR_REFRESH,781,7,124,0.0,7.5,2928.0,0.0
362,content_b5b74ab91376,client_19581e27de,0.7234115605326431,MODERATE_OPPORTUNITY,MODERATE_MODEL_RANK,REVIEW_FOR_REFRESH,212,1,103,0.0,9.8,3460.0,0.0
363,content_33263b66aacf,client_19581e27de,0.7233240890649936,MODERATE_OPPORTUNITY,MODERATE_MODEL_RANK,REVIEW_FOR_REFRESH,5864,8,98,0.05,6.9,2950.0,0.0
364,content_ec907b8899c8,client_349c41201b,0.7232774349573384,MODERATE_OPPORTUNITY,MODERATE_MODEL_RANK,REVIEW_FOR_REFRESH,686,9,124,0.0,34.4,2636.0,0.0
365,content_b8c890f8560b,client_349c41201b,0.7230101081949535,MODERATE_OPPORTUNITY,MODERATE_MODEL_RANK,REVIEW_FOR_REFRESH,62,2,95,0.0,12.5,3080.0,0.0
366,content_21e0e4ba8cee,client_19581e27de,0.7229503278864086,MODERATE_OPPORTUNITY,MODERATE_MODEL_RANK,REVIEW_FOR_REFRESH,1395,14,112,0.0,12.3,3109.0,0.0
367,content_c305a823f22e,client_19581e27de,0.7228692707017653,MODERATE_OPPORTUNITY,MODERATE_MODEL_RANK,REVIEW_FOR_REFRESH,456,1,112,0.0,9.7,2769.0,0.0
368,content_d20b4e742dc6,client_19581e27de,0.7227775463138173,MODERATE_OPPORTUNITY,MODERATE_MODEL_RANK,REVIEW_FOR_REFRESH,19900,26,139,0.09,5.8,3684.0,0.0
369,content_7f70d78e475b,client_19581e27de,0.7226401786932142,MODERATE_OPPORTUNITY,MODERATE_MODEL_RANK,REVIEW_FOR_REFRESH,4305,12,313,0.02,26.8,2192.0,0.0
370,content_05dfd8a6feb6,client_19581e27de,0.7226242096307751,MODERATE_OPPORTUNITY,MODERATE_MODEL_RANK,REVIEW_FOR_REFRESH,2465,4,95,0.08,16.6,3138.0,0.0
371,content_e6d6f6a9ad5f,client_349c41201b,0.7226229406398584,MODERATE_OPPORTUNITY,MODERATE_MODEL_RANK,REVIEW_FOR_REFRESH,3312,18,154,0.18,21.5,3913.0,0.0
372,content_4706979c5848,client_349c41201b,0.722172276901289,MODERATE_OPPORTUNITY,MODERATE_MODEL_RANK,REVIEW_FOR_REFRESH,7038,170,148,0.09,26.6,5209.0,0.0
373,content_7932fbf97bec,client_624b60c58c,0.7218694126100575,MODERATE_OPPORTUNITY,MODERATE_MODEL_RANK,REVIEW_FOR_REFRESH,267,4,105,0.0,7.8,4172.0,0.0
374,content_1979bef80d6f,client_19581e27de,0.7217307888609374,MODERATE_OPPORTUNITY,MODERATE_MODEL_RANK,REVIEW_FOR_REFRESH,1460,11,126,0.07,9.7,2803.0,9.09
375,content_c26c1128d026,client_349c41201b,0.7211836603520364,MODERATE_OPPORTUNITY,MODERATE_MODEL_RANK,REVIEW_FOR_REFRESH,2068,2,148,0.05,41.7,4913.0,50.0
376,content_15a622775ebf,client_19581e27de,0.7210086589503786,MODERATE_OPPORTUNITY,MODERATE_MODEL_RANK,REVIEW_FOR_REFRESH,419,57,124,0.0,29.6,3113.0,3.51
377,content_33415c180c2a,client_19581e27de,0.7209897174856625,MODERATE_OPPORTUNITY,MODERATE_MODEL_RANK,REVIEW_FOR_REFRESH,2846,4,98,0.07,9.7,3024.0,0.0
378,content_8baa7e3799e4,client_19581e27de,0.7208375222573788,MODERATE_OPPORTUNITY,MODERATE_MODEL_RANK,REVIEW_FOR_REFRESH,360,5,112,0.0,4.7,3317.0,0.0
379,content_f6b42cfe5706,client_349c41201b,0.7200520795669676,MODERATE_OPPORTUNITY,MODERATE_MODEL_RANK,REVIEW_FOR_REFRESH,1317,2,119,0.0,33.1,3047.0,0.0
380,content_b2a55148cc44,client_19581e27de,0.7199977340500329,MODERATE_OPPORTUNITY,MODERATE_MODEL_RANK,REVIEW_FOR_REFRESH,2416,1,257,0.0,17.2,2681.0,0.0
381,content_c9c8ca306e59,client_349c41201b,0.7199083455504011,MODERATE_OPPORTUNITY,MODERATE_MODEL_RANK,REVIEW_FOR_REFRESH,677,2,104,0.0,5.1,2842.0,0.0
382,content_1f8057b30d20,client_349c41201b,0.7198952002726853,MODERATE_OPPORTUNITY,MODERATE_MODEL_RANK,REVIEW_FOR_REFRESH,178,7,126,0.0,22.8,2593.0,0.0
383,content_06fdd4b8ba3e,client_349c41201b,0.7198941953643793,MODERATE_OPPORTUNITY,MODERATE_MODEL_RANK,REVIEW_FOR_REFRESH,3919,28,165,0.51,3.9,2666.0,0.0
384,content_c1773ca9951d,client_349c41201b,0.7197468438853915,MODERATE_OPPORTUNITY,MODERATE_MODEL_RANK,REVIEW_FOR_REFRESH,365,5,126,0.0,20.8,2843.0,0.0
385,content_27ed51699c4a,client_19581e27de,0.7194512211743921,MODERATE_OPPORTUNITY,MODERATE_MODEL_RANK,REVIEW_FOR_REFRESH,1685,8,139,0.12,19.0,2919.0,0.0
386,content_99650ee03839,client_349c41201b,0.71921569475098,MODERATE_OPPORTUNITY,MODERATE_MODEL_RANK,REVIEW_FOR_REFRESH,304,2,104,0.0,23.3,2948.0,0.0
387,content_90f2011d980e,client_19581e27de,0.7192070397291098,MODERATE_OPPORTUNITY,MODERATE_MODEL_RANK,REVIEW_FOR_REFRESH,523,2,103,0.0,11.7,2880.0,0.0
388,content_fa654994bcce,client_349c41201b,0.7187064216608047,MODERATE_OPPORTUNITY,MODERATE_MODEL_RANK,REVIEW_FOR_REFRESH,5708,20,154,0.19,23.9,3482.0,0.0
389,content_e6e2d1f4f393,client_624b60c58c,0.7186870740834492,MODERATE_OPPORTUNITY,MODERATE_MODEL_RANK,REVIEW_FOR_REFRESH,185,12,99,0.0,41.8,4207.0,0.0
390,content_b57bda26063b,client_19581e27de,0.7184456476918887,MODERATE_OPPORTUNITY,MODERATE_MODEL_RANK,REVIEW_FOR_REFRESH,2318,40,139,0.04,13.3,2777.0,5.0
391,content_bfed5d33b36e,client_349c41201b,0.7179861933676065,MODERATE_OPPORTUNITY,MODERATE_MODEL_RANK,REVIEW_FOR_REFRESH,578,4,104,0.0,19.7,3074.0,0.0
392,content_f2f16a13d6d0,client_19581e27de,0.7178929602917029,MODERATE_OPPORTUNITY,MODERATE_MODEL_RANK,REVIEW_FOR_REFRESH,656,1,103,0.0,6.8,2846.0,0.0
393,content_0d50aa2e0d58,client_19581e27de,0.7177121148811342,MODERATE_OPPORTUNITY,MODERATE_MODEL_RANK,REVIEW_FOR_REFRESH,4732,6,95,0.11,4.7,2774.0,0.0
394,content_ebad357779bb,client_349c41201b,0.717656519142018,MODERATE_OPPORTUNITY,MODERATE_MODEL_RANK,REVIEW_FOR_REFRESH,14367,24,126,0.06,11.3,2927.0,0.0
395,content_264aac721e11,client_349c41201b,0.717643209538172,MODERATE_OPPORTUNITY,MODERATE_MODEL_RANK,REVIEW_FOR_REFRESH,224,5,124,0.0,30.9,2958.0,0.0
396,content_ab17bac1b626,client_349c41201b,0.7173737979668461,MODERATE_OPPORTUNITY,MODERATE_MODEL_RANK,REVIEW_FOR_REFRESH,25575,37,126,0.09,37.9,2679.0,0.0
397,content_2f0b4adc80b2,client_349c41201b,0.716716754331787,MODERATE_OPPORTUNITY,MODERATE_MODEL_RANK,REVIEW_FOR_REFRESH,3604,11,148,0.19,23.2,5606.0,0.0
398,content_09d5d5f0910b,client_624b60c58c,0.7166080642783929,MODERATE_OPPORTUNITY,MODERATE_MODEL_RANK,REVIEW_FOR_REFRESH,144,18,101,0.0,12.1,4256.0,0.0
399,content_a83c86a8d70c,client_19581e27de,0.716463688319081,MODERATE_OPPORTUNITY,MODERATE_MODEL_RANK,REVIEW_FOR_REFRESH,2109,5,139,0.09,7.7,2975.0,0.0
400,content_58367d69934a,client_9f14025af0,0.716359491015796,MODERATE_OPPORTUNITY,MODERATE_MODEL_RANK,REVIEW_FOR_REFRESH,305,1,298,0.0,27.4,1031.0,0.0
401,content_4fc85f9dcacd,client_349c41201b,0.7160856442487777,MODERATE_OPPORTUNITY,MODERATE_MODEL_RANK,REVIEW_FOR_REFRESH,6071,16,140,0.15,18.1,3515.0,0.0
402,content_aa2440f8c4ea,client_349c41201b,0.7158871860257817,MODERATE_OPPORTUNITY,MODERATE_MODEL_RANK,REVIEW_FOR_REFRESH,4144,1059,140,0.0,23.4,4030.0,0.94
403,content_b3761099dea5,client_19581e27de,0.7156649661315158,MODERATE_OPPORTUNITY,MODERATE_MODEL_RANK,REVIEW_FOR_REFRESH,1092,5,112,0.09,4.4,3115.0,0.0
404,content_08093639296d,client_19581e27de,0.7154570012938468,MODERATE_OPPORTUNITY,MODERATE_MODEL_RANK,REVIEW_FOR_REFRESH,1084,8,98,0.0,8.4,2923.0,0.0
405,content_c94b7442fc49,client_19581e27de,0.7153995864340662,MODERATE_OPPORTUNITY,MODERATE_MODEL_RANK,REVIEW_FOR_REFRESH,5763,18,139,0.14,5.3,4043.0,0.0
406,content_886649cf2f51,client_19581e27de,0.7152856228805919,MODERATE_OPPORTUNITY,MODERATE_MODEL_RANK,REVIEW_FOR_REFRESH,640,2,139,0.16,21.4,3544.0,0.0
407,content_f353cfa165c8,client_19581e27de,0.7152820246885264,MODERATE_OPPORTUNITY,MODERATE_MODEL_RANK,REVIEW_FOR_REFRESH,2160,8,139,0.19,6.9,3981.0,0.0
408,content_0b061c56fc66,client_19581e27de,0.7152403135108807,MODERATE_OPPORTUNITY,MODERATE_MODEL_RANK,REVIEW_FOR_REFRESH,611,4,103,0.0,19.8,2777.0,0.0
409,content_8c2151cdafa3,client_349c41201b,0.71487393649867,MODERATE_OPPORTUNITY,MODERATE_MODEL_RANK,REVIEW_FOR_REFRESH,2204,13,144,0.18,8.7,4597.0,0.0
410,content_4e6a1e87ecd6,client_19581e27de,0.7148169032535132,MODERATE_OPPORTUNITY,MODERATE_MODEL_RANK,REVIEW_FOR_REFRESH,126,1,124,0.0,23.3,3208.0,0.0
411,content_474f0938b788,client_349c41201b,0.7143862266695258,MODERATE_OPPORTUNITY,MODERATE_MODEL_RANK,REVIEW_FOR_REFRESH,938,114,144,0.11,27.5,3555.0,0.0
412,content_373798e89c38,client_19581e27de,0.7142791263526097,MODERATE_OPPORTUNITY,MODERATE_MODEL_RANK,REVIEW_FOR_REFRESH,3142,19,139,0.13,8.3,3510.0,0.0
413,content_92a2868c32eb,client_19581e27de,0.7141414559435151,MODERATE_OPPORTUNITY,MODERATE_MODEL_RANK,REVIEW_FOR_REFRESH,392,7,98,0.0,11.2,3218.0,0.0
414,content_b3c00e740b1b,client_19581e27de,0.7140835849971827,MODERATE_OPPORTUNITY,MODERATE_MODEL_RANK,REVIEW_FOR_REFRESH,795,4,139,0.13,7.5,2525.0,0.0
415,content_53e3110b0240,client_19581e27de,0.713975501902941,MODERATE_OPPORTUNITY,MODERATE_MODEL_RANK,REVIEW_FOR_REFRESH,20942,67,139,0.22,3.4,3958.0,0.0
416,content_a632e7e1e1ba,client_349c41201b,0.7139124009598677,MODERATE_OPPORTUNITY,MODERATE_MODEL_RANK,REVIEW_FOR_REFRESH,7197,31,144,0.24,30.8,5012.0,0.0
417,content_61a5fc492248,client_349c41201b,0.7138560613066872,MODERATE_OPPORTUNITY,MODERATE_MODEL_RANK,REVIEW_FOR_REFRESH,229,3,111,0.0,31.2,3074.0,0.0
418,content_de7b147db730,client_624b60c58c,0.7137540133574671,MODERATE_OPPORTUNITY,MODERATE_MODEL_RANK,REVIEW_FOR_REFRESH,125,6,99,0.0,6.4,3950.0,0.0
419,content_0ff7f5dbe7ed,client_19581e27de,0.7136991283084942,MODERATE_OPPORTUNITY,MODERATE_MODEL_RANK,REVIEW_FOR_REFRESH,164,3,112,0.0,19.7,3069.0,0.0
420,content_294c00218924,client_19581e27de,0.7129291117341467,MODERATE_OPPORTUNITY,MODERATE_MODEL_RANK,REVIEW_FOR_REFRESH,4838,19,148,0.12,8.4,2617.0,0.0
421,content_94e6aa44f988,client_624b60c58c,0.7128631490179491,MODERATE_OPPORTUNITY,MODERATE_MODEL_RANK,REVIEW_FOR_REFRESH,824,16,131,0.12,8.8,4491.0,0.0
422,content_e6782a272572,client_19581e27de,0.7127540241336249,MODERATE_OPPORTUNITY,MODERATE_MODEL_RANK,REVIEW_FOR_REFRESH,1767,9,134,0.11,14.5,2968.0,0.0
423,content_0f040868264b,client_349c41201b,0.7123604233112399,MODERATE_OPPORTUNITY,MODERATE_MODEL_RANK,REVIEW_FOR_REFRESH,1340,29,140,0.22,27.9,4504.0,0.0
424,content_5a195ef82bd9,client_349c41201b,0.7122142140852236,MODERATE_OPPORTUNITY,MODERATE_MODEL_RANK,REVIEW_FOR_REFRESH,5464,19,144,0.18,10.1,4850.0,0.0
425,content_4055bab1ffd6,client_19581e27de,0.7121879335046962,MODERATE_OPPORTUNITY,MODERATE_MODEL_RANK,REVIEW_FOR_REFRESH,796,6,98,0.0,14.3,3097.0,0.0
426,content_049e9c466e09,client_19581e27de,0.7121879190637739,MODERATE_OPPORTUNITY,MODERATE_MODEL_RANK,REVIEW_FOR_REFRESH,208,1,139,0.0,37.0,3102.0,0.0
427,content_5d5f645e0162,client_349c41201b,0.7120371565165017,MODERATE_OPPORTUNITY,MODERATE_MODEL_RANK,REVIEW_FOR_REFRESH,874,1,148,0.23,11.4,4268.0,0.0
428,content_8217bd533d5d,client_349c41201b,0.7117766144334593,MODERATE_OPPORTUNITY,MODERATE_MODEL_RANK,REVIEW_FOR_REFRESH,1459,9,140,0.0,42.8,3426.0,0.0
429,content_674b37eb5f33,client_624b60c58c,0.711606597298685,MODERATE_OPPORTUNITY,MODERATE_MODEL_RANK,REVIEW_FOR_REFRESH,135,3,104,0.0,6.9,4634.0,0.0
430,content_bcc6c330c8c5,client_624b60c58c,0.7112393231642552,MODERATE_OPPORTUNITY,MODERATE_MODEL_RANK,REVIEW_FOR_REFRESH,1821,19,91,0.0,12.9,4212.0,5.26
431,content_db779585797d,client_624b60c58c,0.71075364939065,MODERATE_OPPORTUNITY,MODERATE_MODEL_RANK,REVIEW_FOR_REFRESH,187,2,325,1.07,32.2,1199.0,0.0
432,content_f75d5523742b,client_349c41201b,0.7107041782312087,MODERATE_OPPORTUNITY,MODERATE_MODEL_RANK,REVIEW_FOR_REFRESH,2405,35,140,0.17,8.5,4575.0,0.0
433,content_199565e73dc1,client_19581e27de,0.710082013089534,MODERATE_OPPORTUNITY,MODERATE_MODEL_RANK,REVIEW_FOR_REFRESH,141,19,98,0.0,10.5,2736.0,0.0
434,content_2604a2184b1d,client_349c41201b,0.7099710235020048,MODERATE_OPPORTUNITY,MODERATE_MODEL_RANK,REVIEW_FOR_REFRESH,3065,23,148,0.2,19.3,4552.0,0.0
435,content_8ca5d30aeeb2,client_19581e27de,0.7095385696937881,MODERATE_OPPORTUNITY,MODERATE_MODEL_RANK,REVIEW_FOR_REFRESH,1656,5,139,0.12,6.1,3330.0,0.0
436,content_9de1f0e1077b,client_624b60c58c,0.7095182527881155,MODERATE_OPPORTUNITY,MODERATE_MODEL_RANK,REVIEW_FOR_REFRESH,1316,2,344,0.0,6.3,1393.0,0.0
437,content_6e098546a7a2,client_19581e27de,0.7094125269160917,MODERATE_OPPORTUNITY,MODERATE_MODEL_RANK,REVIEW_FOR_REFRESH,10575,12,124,0.13,1.9,2864.0,0.0
438,content_30c0e40aebc6,client_19581e27de,0.7089600675231134,MODERATE_OPPORTUNITY,MODERATE_MODEL_RANK,REVIEW_FOR_REFRESH,277,5,103,0.0,25.2,3090.0,0.0
439,content_8e03ed6f8e00,client_349c41201b,0.7087761380635186,MODERATE_OPPORTUNITY,MODERATE_MODEL_RANK,REVIEW_FOR_REFRESH,628,4,144,0.16,5.8,5007.0,25.0
440,content_bdd2262f586f,client_349c41201b,0.708362878558466,MODERATE_OPPORTUNITY,MODERATE_MODEL_RANK,REVIEW_FOR_REFRESH,6575,16,168,0.14,6.3,3539.0,0.0
441,content_cc6b3aef8420,client_02d20bbd7e,0.7081036588317938,MODERATE_OPPORTUNITY,MODERATE_MODEL_RANK,REVIEW_FOR_REFRESH,722,9,332,0.28,15.0,1422.0,0.0
442,content_3ceedbb6ac7b,client_349c41201b,0.7080658380069837,MODERATE_OPPORTUNITY,MODERATE_MODEL_RANK,REVIEW_FOR_REFRESH,4456,15,148,0.16,10.8,3674.0,0.0
443,content_e598166d69ec,client_349c41201b,0.7078940852279717,MODERATE_OPPORTUNITY,MODERATE_MODEL_RANK,REVIEW_FOR_REFRESH,2449,13,126,0.08,15.9,2908.0,7.69
444,content_18403983874c,client_624b60c58c,0.7077402895017032,MODERATE_OPPORTUNITY,MODERATE_MODEL_RANK,REVIEW_FOR_REFRESH,2218,20,103,0.05,11.8,4148.0,5.0
445,content_f48309254bb6,client_19581e27de,0.707738827346516,MODERATE_OPPORTUNITY,MODERATE_MODEL_RANK,REVIEW_FOR_REFRESH,21363,23,139,0.09,4.9,3590.0,8.7
446,content_9e470ecfd0ef,client_19581e27de,0.7076618357313886,MODERATE_OPPORTUNITY,MODERATE_MODEL_RANK,REVIEW_FOR_REFRESH,16669,29,139,0.15,6.1,4102.0,0.0
447,content_3d5c0258db84,client_19581e27de,0.7074061185927938,MODERATE_OPPORTUNITY,MODERATE_MODEL_RANK,REVIEW_FOR_REFRESH,760,3,98,0.0,17.3,3204.0,33.33
448,content_2aae951c32a6,client_349c41201b,0.7072618532557147,MODERATE_OPPORTUNITY,MODERATE_MODEL_RANK,REVIEW_FOR_REFRESH,155,4,126,0.0,13.8,3129.0,0.0
449,content_c3310a9f5c2b,client_349c41201b,0.7072174098679906,MODERATE_OPPORTUNITY,MODERATE_MODEL_RANK,REVIEW_FOR_REFRESH,2306,13,126,0.09,14.2,3115.0,0.0
450,content_6cd5ca185bc6,client_624b60c58c,0.7069691336942655,MODERATE_OPPORTUNITY,MODERATE_MODEL_RANK,REVIEW_FOR_REFRESH,150,3,117,0.0,13.6,3963.0,0.0
451,content_8a1c6e9a25e3,client_19581e27de,0.7068935544258119,MODERATE_OPPORTUNITY,MODERATE_MODEL_RANK,REVIEW_FOR_REFRESH,826,4,126,0.36,1.8,2778.0,0.0
452,content_bc437c20d7ed,client_19581e27de,0.706525922675093,MODERATE_OPPORTUNITY,MODERATE_MODEL_RANK,REVIEW_FOR_REFRESH,6045,9,124,0.2,2.1,2955.0,0.0
453,content_0c56e233cc69,client_19581e27de,0.706523967563811,MODERATE_OPPORTUNITY,MODERATE_MODEL_RANK,REVIEW_FOR_REFRESH,830,2,95,0.12,4.2,3089.0,0.0
454,content_76a2f9f5288f,client_19581e27de,0.7064250833400368,MODERATE_OPPORTUNITY,MODERATE_MODEL_RANK,REVIEW_FOR_REFRESH,1622,20,139,0.12,10.9,3378.0,0.0
455,content_c568b688b098,client_19581e27de,0.7063223510562275,MODERATE_OPPORTUNITY,MODERATE_MODEL_RANK,REVIEW_FOR_REFRESH,3791,8,126,0.16,3.7,2855.0,0.0
456,content_0303b4448197,client_19581e27de,0.7061034678636677,MODERATE_OPPORTUNITY,MODERATE_MODEL_RANK,REVIEW_FOR_REFRESH,960,2,112,0.0,31.8,2892.0,0.0
457,content_6209725f9b57,client_19581e27de,0.7060382123892026,MODERATE_OPPORTUNITY,MODERATE_MODEL_RANK,REVIEW_FOR_REFRESH,5001,13,98,0.06,7.2,2845.0,0.0
458,content_ee024a1d7d54,client_349c41201b,0.706028110812991,MODERATE_OPPORTUNITY,MODERATE_MODEL_RANK,REVIEW_FOR_REFRESH,9489,31,154,0.22,9.1,4565.0,0.0
459,content_5a600b1bcdcd,client_349c41201b,0.7060209376552607,MODERATE_OPPORTUNITY,MODERATE_MODEL_RANK,REVIEW_FOR_REFRESH,1225,5,148,0.24,14.3,3796.0,0.0
460,content_4b8f0a05b1c8,client_624b60c58c,0.7059212546632766,MODERATE_OPPORTUNITY,MODERATE_MODEL_RANK,REVIEW_FOR_REFRESH,118,2,104,0.0,8.7,3757.0,0.0
461,content_83948ca6d498,client_349c41201b,0.7059115217357614,MODERATE_OPPORTUNITY,MODERATE_MODEL_RANK,REVIEW_FOR_REFRESH,8975,62,140,0.17,9.6,3842.0,0.0
462,content_d5698aa9b26d,client_19581e27de,0.705777507127793,MODERATE_OPPORTUNITY,MODERATE_MODEL_RANK,REVIEW_FOR_REFRESH,637,3,124,0.16,2.3,2775.0,0.0
463,content_31f2223858c8,client_19581e27de,0.7057006605647698,MODERATE_OPPORTUNITY,MODERATE_MODEL_RANK,REVIEW_FOR_REFRESH,15845,18,119,0.08,2.4,2850.0,0.0
464,content_93212d38d737,client_19581e27de,0.7055359569693753,MODERATE_OPPORTUNITY,MODERATE_MODEL_RANK,REVIEW_FOR_REFRESH,4868,7,119,0.14,1.7,3024.0,14.29
465,content_2813ec7b28f3,client_349c41201b,0.7055131509587885,MODERATE_OPPORTUNITY,MODERATE_MODEL_RANK,REVIEW_FOR_REFRESH,38,3,95,0.0,24.2,3138.0,0.0
466,content_40b82b1becdb,client_349c41201b,0.7051490165814158,MODERATE_OPPORTUNITY,MODERATE_MODEL_RANK,REVIEW_FOR_REFRESH,3001,28,140,0.17,19.0,3688.0,0.0
467,content_fea7f9c67955,client_19581e27de,0.7050159710080811,MODERATE_OPPORTUNITY,MODERATE_MODEL_RANK,REVIEW_FOR_REFRESH,2476,11,119,0.48,1.3,2500.0,9.09
468,content_22950f1aba15,client_19581e27de,0.7048377957574155,MODERATE_OPPORTUNITY,MODERATE_MODEL_RANK,REVIEW_FOR_REFRESH,1025,1,95,0.1,16.3,2982.0,0.0
469,content_72dc73e1269a,client_19581e27de,0.704133376091304,MODERATE_OPPORTUNITY,MODERATE_MODEL_RANK,REVIEW_FOR_REFRESH,1554,7,95,0.13,4.6,2712.0,0.0
470,content_07e2e331a274,client_19581e27de,0.7040850619385839,MODERATE_OPPORTUNITY,MODERATE_MODEL_RANK,REVIEW_FOR_REFRESH,1092,1,98,0.09,4.0,2957.0,0.0
471,content_249d3c8e8238,client_349c41201b,0.703203194450536,MODERATE_OPPORTUNITY,MODERATE_MODEL_RANK,REVIEW_FOR_REFRESH,3312,33,154,0.21,32.9,3401.0,0.0
472,content_603b24b79c8a,client_19581e27de,0.703060297310977,MODERATE_OPPORTUNITY,MODERATE_MODEL_RANK,REVIEW_FOR_REFRESH,9657,15,139,0.18,4.6,3739.0,0.0
473,content_30c123cdca3e,client_19581e27de,0.7030112587790769,MODERATE_OPPORTUNITY,MODERATE_MODEL_RANK,REVIEW_FOR_REFRESH,2306,4,103,0.09,5.3,3263.0,0.0
474,content_ceb2a4e185d5,client_19581e27de,0.7025675931783704,MODERATE_OPPORTUNITY,MODERATE_MODEL_RANK,REVIEW_FOR_REFRESH,612,5,139,0.16,19.8,3388.0,0.0
475,content_9b4ddfa91f64,client_0b918943df,0.7024355806425352,MODERATE_OPPORTUNITY,MODERATE_MODEL_RANK,REVIEW_FOR_REFRESH,121,7,133,0.0,8.5,4551.0,0.0
476,content_252719d611e3,client_19581e27de,0.7020064108379295,MODERATE_OPPORTUNITY,MODERATE_MODEL_RANK,REVIEW_FOR_REFRESH,5606,10,139,0.11,5.0,2855.0,0.0
477,content_c4a383850ef8,client_19581e27de,0.7019541665949882,MODERATE_OPPORTUNITY,MODERATE_MODEL_RANK,REVIEW_FOR_REFRESH,1064,4,124,0.19,2.8,3184.0,0.0
478,content_9de791be5717,client_19581e27de,0.7014847688165682,MODERATE_OPPORTUNITY,MODERATE_MODEL_RANK,REVIEW_FOR_REFRESH,1278,6,98,0.08,10.3,2645.0,0.0
479,content_c3f4ed1998f7,client_624b60c58c,0.7012478734801774,MODERATE_OPPORTUNITY,MODERATE_MODEL_RANK,REVIEW_FOR_REFRESH,365,15,112,0.0,9.8,3534.0,6.67
480,content_390ce3344788,client_349c41201b,0.7010563485716588,MODERATE_OPPORTUNITY,MODERATE_MODEL_RANK,REVIEW_FOR_REFRESH,562,1,154,0.0,37.2,2970.0,0.0
481,content_03c957094bba,client_19581e27de,0.7010215863766776,MODERATE_OPPORTUNITY,MODERATE_MODEL_RANK,REVIEW_FOR_REFRESH,9449,13,124,0.16,3.1,3050.0,0.0
482,content_7701fe619e12,client_624b60c58c,0.7009590122529299,MODERATE_OPPORTUNITY,MODERATE_MODEL_RANK,REVIEW_FOR_REFRESH,122,2,121,0.0,35.9,3849.0,0.0
483,content_a32f80dbc0d0,client_19581e27de,0.7007362558655368,MODERATE_OPPORTUNITY,MODERATE_MODEL_RANK,REVIEW_FOR_REFRESH,1149,2,98,0.09,4.5,3078.0,0.0
484,content_321ecbe651a7,client_19581e27de,0.7001527284827377,MODERATE_OPPORTUNITY,MODERATE_MODEL_RANK,REVIEW_FOR_REFRESH,26039,56,139,0.05,6.4,4321.0,10.71
485,content_f7dac28dcb7b,client_19581e27de,0.6998672567047796,MODERATE_OPPORTUNITY,MODERATE_MODEL_RANK,REVIEW_FOR_REFRESH,4806,87,313,0.12,22.5,2540.0,0.0
486,content_96e4d5e38e32,client_19581e27de,0.6994868345512735,MODERATE_OPPORTUNITY,MODERATE_MODEL_RANK,REVIEW_FOR_REFRESH,989,4,103,0.0,28.1,2973.0,0.0
487,content_1269e3965247,client_19581e27de,0.6994349039009876,MODERATE_OPPORTUNITY,MODERATE_MODEL_RANK,REVIEW_FOR_REFRESH,2974,4,124,0.1,10.5,3171.0,0.0
488,content_56247ba27607,client_624b60c58c,0.6993341270074328,MODERATE_OPPORTUNITY,MODERATE_MODEL_RANK,REVIEW_FOR_REFRESH,107,3,98,0.0,6.3,4428.0,0.0
489,content_1bbbcfd31213,client_349c41201b,0.6990987550588951,MODERATE_OPPORTUNITY,MODERATE_MODEL_RANK,REVIEW_FOR_REFRESH,118,1,104,0.0,16.8,2598.0,0.0
490,content_944947a9d51e,client_624b60c58c,0.6989203991904108,MODERATE_OPPORTUNITY,MODERATE_MODEL_RANK,REVIEW_FOR_REFRESH,1157,60,279,0.09,9.0,5057.0,0.0
491,content_dac554439f73,client_349c41201b,0.6988382551224886,MODERATE_OPPORTUNITY,MODERATE_MODEL_RANK,REVIEW_FOR_REFRESH,6549,20,140,0.05,9.1,3235.0,5.0
492,content_14a73933da0f,client_349c41201b,0.6987626881179078,MODERATE_OPPORTUNITY,MODERATE_MODEL_RANK,REVIEW_FOR_REFRESH,1337,31,144,0.22,14.8,5492.0,0.0
493,content_5c5266a7c536,client_19581e27de,0.698262625553522,MODERATE_OPPORTUNITY,MODERATE_MODEL_RANK,REVIEW_FOR_REFRESH,7498,8,236,0.05,9.2,2683.0,0.0
494,content_415764b88f9d,client_19581e27de,0.6980587040185344,MODERATE_OPPORTUNITY,MODERATE_MODEL_RANK,REVIEW_FOR_REFRESH,351,27,313,0.0,20.1,2698.0,0.0
495,content_846f65ecc038,client_349c41201b,0.6980007307174432,MODERATE_OPPORTUNITY,MODERATE_MODEL_RANK,REVIEW_FOR_REFRESH,25007,74,144,0.17,8.4,4827.0,0.0
496,content_457e995c2191,client_19581e27de,0.6978659026265732,MODERATE_OPPORTUNITY,MODERATE_MODEL_RANK,REVIEW_FOR_REFRESH,2492,6,119,0.2,2.5,2761.0,0.0
497,content_a7f0498840e9,client_19581e27de,0.6977643500608502,MODERATE_OPPORTUNITY,MODERATE_MODEL_RANK,REVIEW_FOR_REFRESH,2458,10,139,0.24,5.7,4891.0,0.0
498,content_5d18679f894f,client_349c41201b,0.6975335727542614,MODERATE_OPPORTUNITY,MODERATE_MODEL_RANK,REVIEW_FOR_REFRESH,105,1,124,0.0,15.2,2880.0,0.0
499,content_6b6a1f41dc0b,client_19581e27de,0.6975212014839697,MODERATE_OPPORTUNITY,MODERATE_MODEL_RANK,REVIEW_FOR_REFRESH,1858,3,126,0.16,4.0,2831.0,0.0
500,content_4a77f09bb322,client_e629fa6598,0.6973788867985362,MODERATE_OPPORTUNITY,MODERATE_MODEL_RANK,REVIEW_FOR_REFRESH,226,2,358,0.44,6.8,1446.0,0.0
501,content_e9ff609506ba,client_19581e27de,0.6971079510431173,MODERATE_OPPORTUNITY,MODERATE_MODEL_RANK,REVIEW_FOR_REFRESH,30007,65,139,0.15,4.5,4160.0,0.0
502,content_04fbd0b6c4ba,client_349c41201b,0.6970061343957991,MODERATE_OPPORTUNITY,MODERATE_MODEL_RANK,REVIEW_FOR_REFRESH,216,3,126,0.0,41.9,3064.0,0.0
503,content_42f79b19d0e4,client_349c41201b,0.6969305166632145,MODERATE_OPPORTUNITY,MODERATE_MODEL_RANK,REVIEW_FOR_REFRESH,3063,10,165,0.2,5.8,3477.0,0.0
504,content_a0eeb9201f04,client_19581e27de,0.6966616627462696,MODERATE_OPPORTUNITY,MODERATE_MODEL_RANK,REVIEW_FOR_REFRESH,6274,12,126,0.26,1.6,2806.0,0.0
505,content_1441a9be621f,client_19581e27de,0.696640653429164,MODERATE_OPPORTUNITY,MODERATE_MODEL_RANK,REVIEW_FOR_REFRESH,2438,3,124,0.16,3.4,2861.0,0.0
506,content_e8397e001cd5,client_19581e27de,0.6966173050774398,MODERATE_OPPORTUNITY,MODERATE_MODEL_RANK,REVIEW_FOR_REFRESH,516,1,103,0.0,37.5,2586.0,0.0
507,content_43d802721b0c,client_19581e27de,0.6966138051480507,MODERATE_OPPORTUNITY,MODERATE_MODEL_RANK,REVIEW_FOR_REFRESH,9222,28,256,0.02,11.4,2547.0,0.0
508,content_055251b0c899,client_9f14025af0,0.6961705075355392,MODERATE_OPPORTUNITY,MODERATE_MODEL_RANK,REVIEW_FOR_REFRESH,339,6,298,1.18,45.3,1357.0,0.0
509,content_9b6444addb57,client_349c41201b,0.6961250559117002,MODERATE_OPPORTUNITY,MODERATE_MODEL_RANK,REVIEW_FOR_REFRESH,3066,29,168,0.23,14.4,3865.0,0.0
510,content_4157305244c6,client_19581e27de,0.6957864462077084,MODERATE_OPPORTUNITY,MODERATE_MODEL_RANK,REVIEW_FOR_REFRESH,799,2,124,0.13,17.2,2906.0,0.0
511,content_fecba9594a33,client_19581e27de,0.6957373177899434,MODERATE_OPPORTUNITY,MODERATE_MODEL_RANK,REVIEW_FOR_REFRESH,478,2,119,0.0,40.7,3374.0,0.0
512,content_92a79caa6072,client_9f14025af0,0.6956711525769137,MODERATE_OPPORTUNITY,MODERATE_MODEL_RANK,REVIEW_FOR_REFRESH,4489,32,298,0.76,32.9,1165.0,12.5
513,content_2f38c656fc95,client_9f14025af0,0.6956428655456682,MODERATE_OPPORTUNITY,MODERATE_MODEL_RANK,REVIEW_FOR_REFRESH,1830,6,335,0.33,52.5,1076.0,0.0
514,content_21d4527c9a63,client_349c41201b,0.6954481783258477,MODERATE_OPPORTUNITY,MODERATE_MODEL_RANK,REVIEW_FOR_REFRESH,1268,10,140,0.0,45.6,4445.0,0.0
515,content_8b0770bbcaf8,client_19581e27de,0.6943222833484007,MODERATE_OPPORTUNITY,MODERATE_MODEL_RANK,REVIEW_FOR_REFRESH,129,1,119,0.0,10.4,2906.0,0.0
516,content_708a4c3cb9b1,client_624b60c58c,0.694307300038858,MODERATE_OPPORTUNITY,MODERATE_MODEL_RANK,REVIEW_FOR_REFRESH,35,2,96,0.0,13.5,3718.0,0.0
517,content_2432fcb036bb,client_0b918943df,0.6941756773815626,MODERATE_OPPORTUNITY,MODERATE_MODEL_RANK,REVIEW_FOR_REFRESH,73,8,95,0.0,7.2,4388.0,0.0
518,content_f942cb8b3a4a,client_349c41201b,0.6941293472747851,MODERATE_OPPORTUNITY,MODERATE_MODEL_RANK,REVIEW_FOR_REFRESH,8312,44,144,0.13,11.6,3399.0,0.0
519,content_c62f8c8c9530,client_349c41201b,0.6940615606611753,MODERATE_OPPORTUNITY,MODERATE_MODEL_RANK,REVIEW_FOR_REFRESH,429,7,104,0.0,18.1,2834.0,0.0
520,content_d74dd3913cbe,client_349c41201b,0.6936601271267413,MODERATE_OPPORTUNITY,MODERATE_MODEL_RANK,REVIEW_FOR_REFRESH,153,1,111,0.0,7.7,3127.0,0.0
521,content_b1b25cc9ee37,client_19581e27de,0.6932913690427472,MODERATE_OPPORTUNITY,MODERATE_MODEL_RANK,REVIEW_FOR_REFRESH,2636,11,98,0.0,41.8,2896.0,0.0
522,content_5bc7f554bd4e,client_19581e27de,0.6932803212592201,MODERATE_OPPORTUNITY,MODERATE_MODEL_RANK,REVIEW_FOR_REFRESH,2633,4,98,0.08,14.2,3089.0,0.0
523,content_ee55ce453594,client_19581e27de,0.693239267206598,MODERATE_OPPORTUNITY,MODERATE_MODEL_RANK,REVIEW_FOR_REFRESH,1529,6,139,0.2,7.7,3847.0,33.33
524,content_9de87c28e9a4,client_349c41201b,0.6929274786340978,MODERATE_OPPORTUNITY,MODERATE_MODEL_RANK,REVIEW_FOR_REFRESH,2105,16,148,0.24,23.0,3975.0,0.0
525,content_c68bc301d616,client_19581e27de,0.6927372616736324,MODERATE_OPPORTUNITY,MODERATE_MODEL_RANK,REVIEW_FOR_REFRESH,6918,21,257,0.04,10.6,2335.0,0.0
526,content_ab3c2b5ce77c,client_624b60c58c,0.6927195581748564,MODERATE_OPPORTUNITY,MODERATE_MODEL_RANK,REVIEW_FOR_REFRESH,91,3,99,0.0,8.5,4331.0,0.0
527,content_523083f6f852,client_624b60c58c,0.6925689597999409,MODERATE_OPPORTUNITY,MODERATE_MODEL_RANK,REVIEW_FOR_REFRESH,63,20,95,0.0,6.9,3636.0,0.0
528,content_2fd2b3384eb7,client_624b60c58c,0.6924140795176328,MODERATE_OPPORTUNITY,MODERATE_MODEL_RANK,REVIEW_FOR_REFRESH,30,3,92,0.0,7.3,4146.0,0.0
529,content_633aaa0cd74b,client_19581e27de,0.6923811802784627,MODERATE_OPPORTUNITY,MODERATE_MODEL_RANK,REVIEW_FOR_REFRESH,2221,3,124,0.18,2.2,2993.0,0.0
530,content_c6f3c2999ba8,client_19581e27de,0.6922057358975148,MODERATE_OPPORTUNITY,MODERATE_MODEL_RANK,REVIEW_FOR_REFRESH,5824,34,236,0.0,41.3,2830.0,0.0
531,content_a144df080708,client_349c41201b,0.6921048961771337,MODERATE_OPPORTUNITY,MODERATE_MODEL_RANK,REVIEW_FOR_REFRESH,6467,10,119,0.09,15.0,2869.0,0.0
532,content_4c0a2fbb8091,client_19581e27de,0.6919828670453713,MODERATE_OPPORTUNITY,MODERATE_MODEL_RANK,REVIEW_FOR_REFRESH,2709,1,119,0.26,1.7,2704.0,0.0
533,content_b0733e17fd55,client_349c41201b,0.6918985451743481,MODERATE_OPPORTUNITY,MODERATE_MODEL_RANK,REVIEW_FOR_REFRESH,567,4,148,0.18,13.9,3318.0,0.0
534,content_99796a3b1094,client_19581e27de,0.691692203236438,MODERATE_OPPORTUNITY,MODERATE_MODEL_RANK,REVIEW_FOR_REFRESH,2620,3,124,0.11,9.4,2718.0,0.0
535,content_61bafff6d889,client_624b60c58c,0.6916690920151567,MODERATE_OPPORTUNITY,MODERATE_MODEL_RANK,REVIEW_FOR_REFRESH,210,6,254,0.0,6.5,3621.0,0.0
536,content_ca828adc8570,client_349c41201b,0.6912044431140548,MODERATE_OPPORTUNITY,MODERATE_MODEL_RANK,REVIEW_FOR_REFRESH,938,4,124,0.11,23.9,2791.0,0.0
537,content_32ed5dac37c8,client_349c41201b,0.690941336179154,MODERATE_OPPORTUNITY,MODERATE_MODEL_RANK,REVIEW_FOR_REFRESH,3037,9,154,0.23,11.5,4113.0,0.0
538,content_4c64c5c7a72e,client_349c41201b,0.6900657122760687,MODERATE_OPPORTUNITY,MODERATE_MODEL_RANK,REVIEW_FOR_REFRESH,118,1,124,0.0,16.2,2835.0,0.0
539,content_dcfe23b57646,client_349c41201b,0.6900624299998523,MODERATE_OPPORTUNITY,MODERATE_MODEL_RANK,REVIEW_FOR_REFRESH,1450,9,165,0.21,14.1,3262.0,0.0
540,content_35fd7b3640e5,client_349c41201b,0.6900523591563406,MODERATE_OPPORTUNITY,MODERATE_MODEL_RANK,REVIEW_FOR_REFRESH,1978,6,126,0.1,11.9,2641.0,0.0
541,content_027c23a56bc4,client_349c41201b,0.6899533530032933,MODERATE_OPPORTUNITY,MODERATE_MODEL_RANK,REVIEW_FOR_REFRESH,2346,10,148,0.21,10.5,3573.0,0.0
542,content_d2c4afc97001,client_624b60c58c,0.6899476540885682,MODERATE_OPPORTUNITY,MODERATE_MODEL_RANK,REVIEW_FOR_REFRESH,474,7,127,0.21,6.3,4028.0,0.0
543,content_febce0c31b33,client_19581e27de,0.6898708524505903,MODERATE_OPPORTUNITY,MODERATE_MODEL_RANK,REVIEW_FOR_REFRESH,424,9,139,0.0,32.9,3099.0,11.11
544,content_8084b6bed4f2,client_349c41201b,0.6892603222582756,MODERATE_OPPORTUNITY,MODERATE_MODEL_RANK,REVIEW_FOR_REFRESH,2093,4,124,0.1,6.1,3027.0,0.0
545,content_76d8e75967bb,client_624b60c58c,0.6891223998097893,MODERATE_OPPORTUNITY,MODERATE_MODEL_RANK,REVIEW_FOR_REFRESH,343,8,323,0.29,7.5,1115.0,0.0
546,content_86ac9077d4d1,client_19581e27de,0.6890458214671947,MODERATE_OPPORTUNITY,MODERATE_MODEL_RANK,REVIEW_FOR_REFRESH,3703,9,98,0.16,2.6,2952.0,0.0
547,content_54fe25e03784,client_19581e27de,0.6889212929459976,MODERATE_OPPORTUNITY,MODERATE_MODEL_RANK,REVIEW_FOR_REFRESH,9545,20,112,0.24,3.1,2601.0,0.0
548,content_197d2cb308e0,client_624b60c58c,0.6889051895138849,MODERATE_OPPORTUNITY,MODERATE_MODEL_RANK,REVIEW_FOR_REFRESH,988,27,274,0.1,5.9,4187.0,0.0
549,content_19c233eee601,client_19581e27de,0.6889030453296934,MODERATE_OPPORTUNITY,MODERATE_MODEL_RANK,REVIEW_FOR_REFRESH,16253,19,139,0.12,3.8,3167.0,0.0
550,content_7f49b34e6d16,client_19581e27de,0.6887844359194324,MODERATE_OPPORTUNITY,MODERATE_MODEL_RANK,REVIEW_FOR_REFRESH,1717,3,126,0.12,10.0,3046.0,0.0
551,content_cf560f9d5c79,client_19581e27de,0.6884038567649655,MODERATE_OPPORTUNITY,MODERATE_MODEL_RANK,REVIEW_FOR_REFRESH,918,2,126,0.11,4.8,2779.0,0.0
552,content_f85384aa8757,client_19581e27de,0.6881906956446018,MODERATE_OPPORTUNITY,MODERATE_MODEL_RANK,REVIEW_FOR_REFRESH,2819,4,124,0.11,5.7,3015.0,0.0
553,content_0e20f2544022,client_349c41201b,0.6879951680096968,MODERATE_OPPORTUNITY,MODERATE_MODEL_RANK,REVIEW_FOR_REFRESH,301,1,124,0.0,40.0,3071.0,0.0
554,content_c389035fce1d,client_349c41201b,0.6874128214425811,MODERATE_OPPORTUNITY,MODERATE_MODEL_RANK,REVIEW_FOR_REFRESH,767,4,168,0.26,4.3,4371.0,0.0
555,content_ca505d6fe567,client_349c41201b,0.6873867638809722,MODERATE_OPPORTUNITY,MODERATE_MODEL_RANK,REVIEW_FOR_REFRESH,3506,17,119,0.09,36.5,2824.0,0.0
556,content_76e7834fe3a7,client_624b60c58c,0.687317189957865,MODERATE_OPPORTUNITY,MODERATE_MODEL_RANK,REVIEW_FOR_REFRESH,142,6,328,0.0,12.8,1309.0,0.0
557,content_1e74de68fb37,client_349c41201b,0.6867716291107466,MODERATE_OPPORTUNITY,MODERATE_MODEL_RANK,REVIEW_FOR_REFRESH,1867,6,165,0.21,9.5,3553.0,0.0
558,content_0757195ca8ca,client_19581e27de,0.6866797267942224,MODERATE_OPPORTUNITY,MODERATE_MODEL_RANK,REVIEW_FOR_REFRESH,8483,25,148,0.08,11.4,2440.0,0.0
559,content_c38b6bcd8a8b,client_19581e27de,0.6866094439928616,MODERATE_OPPORTUNITY,MODERATE_MODEL_RANK,REVIEW_FOR_REFRESH,1962,8,139,0.2,17.6,3002.0,0.0
560,content_f284b1c0ce6c,client_19581e27de,0.6865447641344926,MODERATE_OPPORTUNITY,MODERATE_MODEL_RANK,REVIEW_FOR_REFRESH,6079,14,139,0.18,6.0,6054.0,0.0
561,content_73df81553583,client_19581e27de,0.6865114114732056,MODERATE_OPPORTUNITY,MODERATE_MODEL_RANK,REVIEW_FOR_REFRESH,6523,16,103,0.06,7.8,3155.0,0.0
562,content_58034d93aa57,client_349c41201b,0.6864813341177666,MODERATE_OPPORTUNITY,MODERATE_MODEL_RANK,REVIEW_FOR_REFRESH,15640,59,148,0.24,5.6,3844.0,0.0
563,content_1f0eb45854e7,client_624b60c58c,0.6863612974738613,LOW_PRIORITY_SIGNAL,LOW_MODEL_RANK,MONITOR,131,3,328,0.0,37.7,1122.0,0.0
564,content_0a6e6a7ecc9e,client_19581e27de,0.6863414206866737,LOW_PRIORITY_SIGNAL,LOW_MODEL_RANK,MONITOR,4826,8,257,0.08,7.7,2614.0,0.0
565,content_7fe00d0ebbbd,client_624b60c58c,0.6859994257443273,LOW_PRIORITY_SIGNAL,LOW_MODEL_RANK,MONITOR,130,2,314,0.0,8.6,5469.0,0.0
566,content_c3dd69918c8c,client_9f14025af0,0.6857076357949322,LOW_PRIORITY_SIGNAL,LOW_MODEL_RANK,MONITOR,159,2,335,0.0,49.3,1048.0,0.0
567,content_5615415da73b,client_349c41201b,0.6856047517288575,LOW_PRIORITY_SIGNAL,LOW_MODEL_RANK,MONITOR,37890,53,95,0.09,25.6,2744.0,1.89
568,content_74da88d882b5,client_349c41201b,0.6855172396354915,LOW_PRIORITY_SIGNAL,LOW_MODEL_RANK,MONITOR,986,4,124,0.0,40.7,3083.0,0.0
569,content_bcf2090ede32,client_349c41201b,0.6854320822739569,LOW_PRIORITY_SIGNAL,LOW_MODEL_RANK,MONITOR,7161,20,118,0.1,4.6,2410.0,0.0
570,content_e0fe5527ff56,client_19581e27de,0.6852347071243837,LOW_PRIORITY_SIGNAL,LOW_MODEL_RANK,MONITOR,828,3,124,0.12,5.2,3246.0,0.0
571,content_c55134ec935d,client_349c41201b,0.6852321194691455,LOW_PRIORITY_SIGNAL,LOW_MODEL_RANK,MONITOR,895,3,126,0.0,35.8,2565.0,0.0
572,content_c33a7796544a,client_349c41201b,0.6848078029425069,LOW_PRIORITY_SIGNAL,LOW_MODEL_RANK,MONITOR,1055,41,124,0.19,23.7,2661.0,0.0
573,content_ca180bc64ded,client_19581e27de,0.684760418218898,LOW_PRIORITY_SIGNAL,LOW_MODEL_RANK,MONITOR,5616,17,257,0.07,10.6,2376.0,0.0
574,content_ad3389beec5f,client_19581e27de,0.6845123617520109,LOW_PRIORITY_SIGNAL,LOW_MODEL_RANK,MONITOR,607,4,139,0.16,13.0,3522.0,0.0
575,content_68513b19873a,client_349c41201b,0.6843958693149337,LOW_PRIORITY_SIGNAL,LOW_MODEL_RANK,MONITOR,718,7,165,0.56,3.4,3719.0,0.0
576,content_6feb473b25d3,client_19581e27de,0.6843874144834294,LOW_PRIORITY_SIGNAL,LOW_MODEL_RANK,MONITOR,2001,5,98,0.1,21.4,3308.0,0.0
577,content_bbca2b1427ba,client_19581e27de,0.6841626641407942,LOW_PRIORITY_SIGNAL,LOW_MODEL_RANK,MONITOR,1902,8,95,0.11,6.2,2868.0,25.0
578,content_863a3a79fc46,client_19581e27de,0.683772132486646,LOW_PRIORITY_SIGNAL,LOW_MODEL_RANK,MONITOR,1512,11,95,0.26,3.0,2834.0,0.0
579,content_87f1ffe0bedb,client_19581e27de,0.6837051407419449,LOW_PRIORITY_SIGNAL,LOW_MODEL_RANK,MONITOR,8225,13,126,0.23,1.7,2953.0,0.0
580,content_f957b46b50c2,client_19581e27de,0.683507019732376,LOW_PRIORITY_SIGNAL,LOW_MODEL_RANK,MONITOR,2135,5,103,0.09,10.4,3075.0,0.0
581,content_ecaff68e21e3,client_19581e27de,0.6834682319597875,LOW_PRIORITY_SIGNAL,LOW_MODEL_RANK,MONITOR,9594,7,112,0.14,2.3,2970.0,14.29
582,content_3826588830ac,client_624b60c58c,0.6833121216794654,LOW_PRIORITY_SIGNAL,LOW_MODEL_RANK,MONITOR,365,17,318,0.0,9.6,4259.0,0.0
583,content_e9346bcbeb4b,client_349c41201b,0.6830154971174011,LOW_PRIORITY_SIGNAL,LOW_MODEL_RANK,MONITOR,1219,8,124,0.0,43.9,3152.0,0.0
584,content_704abb512bac,client_19581e27de,0.6826086018167575,LOW_PRIORITY_SIGNAL,LOW_MODEL_RANK,MONITOR,2464,6,91,0.12,10.4,3180.0,0.0
585,content_0f2015811c7e,client_19581e27de,0.6825284568897522,LOW_PRIORITY_SIGNAL,LOW_MODEL_RANK,MONITOR,8560,14,112,0.14,1.7,3169.0,0.0
586,content_2d6dd9c9b23f,client_349c41201b,0.6824975919287374,LOW_PRIORITY_SIGNAL,LOW_MODEL_RANK,MONITOR,28028,60,154,0.05,48.4,4412.0,0.0
587,content_ccae0af6d8a7,client_349c41201b,0.6823624297685492,LOW_PRIORITY_SIGNAL,LOW_MODEL_RANK,MONITOR,27713,555,144,0.78,20.8,4373.0,0.0
588,content_e43189301d4d,client_349c41201b,0.6821383342105196,LOW_PRIORITY_SIGNAL,LOW_MODEL_RANK,MONITOR,1619,24,148,0.19,26.6,5147.0,4.17
589,content_caa26858b45d,client_19581e27de,0.6818618638751692,LOW_PRIORITY_SIGNAL,LOW_MODEL_RANK,MONITOR,93,1,91,0.0,5.1,2837.0,0.0
590,content_f675308771af,client_19581e27de,0.6818160493402177,LOW_PRIORITY_SIGNAL,LOW_MODEL_RANK,MONITOR,1290,5,126,0.16,4.2,3150.0,0.0
591,content_902c340a5426,client_19581e27de,0.6818106263069791,LOW_PRIORITY_SIGNAL,LOW_MODEL_RANK,MONITOR,4494,4,126,0.11,7.2,2916.0,0.0
592,content_c6199ca9ebe9,client_349c41201b,0.6817940515793084,LOW_PRIORITY_SIGNAL,LOW_MODEL_RANK,MONITOR,4053,17,126,0.15,22.4,2851.0,0.0
593,content_ff8f5d4026b2,client_19581e27de,0.6817399984702394,LOW_PRIORITY_SIGNAL,LOW_MODEL_RANK,MONITOR,9688,21,124,0.19,1.8,2753.0,0.0
594,content_e8b5e3a4e344,client_e629fa6598,0.681738729785455,LOW_PRIORITY_SIGNAL,LOW_MODEL_RANK,MONITOR,167,1,358,0.6,4.7,1638.0,0.0
595,content_8d21793a6e51,client_349c41201b,0.681733908732451,LOW_PRIORITY_SIGNAL,LOW_MODEL_RANK,MONITOR,3375,10,165,0.21,9.0,3255.0,0.0
596,content_32f58a411da6,client_349c41201b,0.6813631473318565,LOW_PRIORITY_SIGNAL,LOW_MODEL_RANK,MONITOR,751,4,95,0.13,31.4,2893.0,0.0
597,content_32eb3a9af325,client_349c41201b,0.6811536038530047,LOW_PRIORITY_SIGNAL,LOW_MODEL_RANK,MONITOR,1035,2,124,0.1,34.5,2522.0,0.0
598,content_b95c27ff834c,client_19581e27de,0.680855655520843,LOW_PRIORITY_SIGNAL,LOW_MODEL_RANK,MONITOR,2916,13,95,0.27,2.7,2783.0,0.0
599,content_4f9592ec7c59,client_19581e27de,0.6806626957441156,LOW_PRIORITY_SIGNAL,LOW_MODEL_RANK,MONITOR,1149,5,257,0.09,28.4,2370.0,0.0
600,content_5b2e7d93a33e,client_19581e27de,0.680531453389333,LOW_PRIORITY_SIGNAL,LOW_MODEL_RANK,MONITOR,2379,11,98,0.08,13.0,2870.0,0.0
601,content_4107eef649fc,client_349c41201b,0.6802742277089835,LOW_PRIORITY_SIGNAL,LOW_MODEL_RANK,MONITOR,1494,2,95,0.13,27.5,2911.0,0.0
602,content_ad65e579404c,client_19581e27de,0.6800187826216473,LOW_PRIORITY_SIGNAL,LOW_MODEL_RANK,MONITOR,1062,5,112,0.09,7.6,3246.0,0.0
603,content_00d3b3cb7891,client_624b60c58c,0.6794783177408718,LOW_PRIORITY_SIGNAL,LOW_MODEL_RANK,MONITOR,41,6,96,0.0,13.0,3883.0,0.0
604,content_2667c6dfaed3,client_19581e27de,0.6791912458554533,LOW_PRIORITY_SIGNAL,LOW_MODEL_RANK,MONITOR,2715,4,98,0.11,13.2,2669.0,0.0
605,content_2dd7f5e4e57b,client_349c41201b,0.6789799007070069,LOW_PRIORITY_SIGNAL,LOW_MODEL_RANK,MONITOR,7163,14,148,0.08,46.2,3507.0,0.0
606,content_357d52721d97,client_349c41201b,0.6789042156743653,LOW_PRIORITY_SIGNAL,LOW_MODEL_RANK,MONITOR,860,36,126,0.23,22.2,2517.0,0.0
607,content_febe6bc4e443,client_349c41201b,0.6783237196587435,LOW_PRIORITY_SIGNAL,LOW_MODEL_RANK,MONITOR,17277,44,111,0.24,29.9,2744.0,2.27
608,content_ba914aa6e4a4,client_349c41201b,0.6782058156918171,LOW_PRIORITY_SIGNAL,LOW_MODEL_RANK,MONITOR,8345,37,165,0.41,3.4,4310.0,0.0
609,content_0b1d08fde5a2,client_349c41201b,0.6781455642621772,LOW_PRIORITY_SIGNAL,LOW_MODEL_RANK,MONITOR,945,8,124,0.11,30.8,3211.0,0.0
610,content_2ff92081f450,client_19581e27de,0.6780211094054756,LOW_PRIORITY_SIGNAL,LOW_MODEL_RANK,MONITOR,623,1,329,0.32,1.8,2238.0,0.0
611,content_b28ca67abe05,client_19581e27de,0.677820730255534,LOW_PRIORITY_SIGNAL,LOW_MODEL_RANK,MONITOR,4723,9,112,0.21,3.4,2974.0,0.0
612,content_11cdc53302e3,client_19581e27de,0.6774091253396687,LOW_PRIORITY_SIGNAL,LOW_MODEL_RANK,MONITOR,1515,4,98,0.13,8.4,3420.0,0.0
613,content_cbd4067c4147,client_19581e27de,0.6772604860935978,LOW_PRIORITY_SIGNAL,LOW_MODEL_RANK,MONITOR,563,3,124,0.18,4.0,3101.0,0.0
614,content_8902e63ab0b6,client_9f14025af0,0.6771318316627785,LOW_PRIORITY_SIGNAL,LOW_MODEL_RANK,MONITOR,198,1,306,0.51,60.3,1164.0,0.0
615,content_61f61fd28e79,client_19581e27de,0.6770596964400103,LOW_PRIORITY_SIGNAL,LOW_MODEL_RANK,MONITOR,8811,18,119,0.22,2.5,2833.0,0.0
616,content_628b0072a55e,client_349c41201b,0.6769976664072728,LOW_PRIORITY_SIGNAL,LOW_MODEL_RANK,MONITOR,4909,27,144,0.22,13.0,5090.0,0.0
617,content_eb171f136a0c,client_349c41201b,0.6769392339778819,LOW_PRIORITY_SIGNAL,LOW_MODEL_RANK,MONITOR,9615,38,154,0.24,10.8,4259.0,2.63
618,content_465d94a71d6e,client_349c41201b,0.6767052674912131,LOW_PRIORITY_SIGNAL,LOW_MODEL_RANK,MONITOR,954,2,119,0.0,41.1,2928.0,0.0
619,content_bc9713318310,client_349c41201b,0.6765111765110451,LOW_PRIORITY_SIGNAL,LOW_MODEL_RANK,MONITOR,427,1,124,0.0,37.1,2789.0,0.0
620,content_5cfe8ee91c65,client_349c41201b,0.6764431784738599,LOW_PRIORITY_SIGNAL,LOW_MODEL_RANK,MONITOR,14647,66,144,0.34,18.0,3498.0,0.0
621,content_cca74085f335,client_19581e27de,0.6763729220183435,LOW_PRIORITY_SIGNAL,LOW_MODEL_RANK,MONITOR,3812,32,313,0.08,11.0,2325.0,0.0
622,content_3cb440ad45cf,client_19581e27de,0.6760639654825635,LOW_PRIORITY_SIGNAL,LOW_MODEL_RANK,MONITOR,8308,18,126,0.24,3.0,3316.0,0.0
623,content_9042a5355ff7,client_624b60c58c,0.6752433429652704,LOW_PRIORITY_SIGNAL,LOW_MODEL_RANK,MONITOR,32,7,91,0.0,5.0,3839.0,0.0
624,content_154099ac7607,client_19581e27de,0.675176995585513,LOW_PRIORITY_SIGNAL,LOW_MODEL_RANK,MONITOR,5162,8,124,0.33,3.0,2884.0,0.0
625,content_b5da83dcbf8e,client_19581e27de,0.6749880544230442,LOW_PRIORITY_SIGNAL,LOW_MODEL_RANK,MONITOR,2681,6,119,0.15,4.9,2824.0,0.0
626,content_25e58e2d3927,client_19581e27de,0.6747925396362406,LOW_PRIORITY_SIGNAL,LOW_MODEL_RANK,MONITOR,1957,2,126,0.15,6.5,2849.0,50.0
627,content_309b226f1d15,client_624b60c58c,0.6746026386783598,LOW_PRIORITY_SIGNAL,LOW_MODEL_RANK,MONITOR,33,2,92,0.0,14.2,4236.0,0.0
628,content_03a398c11474,client_349c41201b,0.6742780356159226,LOW_PRIORITY_SIGNAL,LOW_MODEL_RANK,MONITOR,989,14,95,0.1,21.0,2982.0,0.0
629,content_527283b53b43,client_19581e27de,0.6742056395686882,LOW_PRIORITY_SIGNAL,LOW_MODEL_RANK,MONITOR,21078,54,139,0.2,3.4,4394.0,1.85
630,content_2987bed39226,client_624b60c58c,0.6735472733000547,LOW_PRIORITY_SIGNAL,LOW_MODEL_RANK,MONITOR,50,3,95,0.0,6.4,3886.0,0.0
631,content_99b92eeb7d61,client_19581e27de,0.6734155253519317,LOW_PRIORITY_SIGNAL,LOW_MODEL_RANK,MONITOR,523,4,98,0.0,38.7,2937.0,0.0
632,content_57f2ab8f6bee,client_19581e27de,0.6733305802847279,LOW_PRIORITY_SIGNAL,LOW_MODEL_RANK,MONITOR,5120,14,313,0.06,10.6,2628.0,0.0
633,content_a07deba7e9e5,client_9f14025af0,0.6732097776664466,LOW_PRIORITY_SIGNAL,LOW_MODEL_RANK,MONITOR,224,1,306,0.0,61.3,1167.0,0.0
634,content_a51f84a48b68,client_02d20bbd7e,0.6731802832451257,LOW_PRIORITY_SIGNAL,LOW_MODEL_RANK,MONITOR,189,5,332,0.53,10.9,1543.0,0.0
635,content_eae0ce663056,client_349c41201b,0.6731628586620118,LOW_PRIORITY_SIGNAL,LOW_MODEL_RANK,MONITOR,1415,8,144,0.28,22.0,3983.0,0.0
636,content_53bcfa77aff4,client_02d20bbd7e,0.67295287860882,LOW_PRIORITY_SIGNAL,LOW_MODEL_RANK,MONITOR,539,7,332,0.56,15.5,1499.0,0.0
637,content_6138b6f254ec,client_19581e27de,0.6728536882851134,LOW_PRIORITY_SIGNAL,LOW_MODEL_RANK,MONITOR,490,16,139,0.0,44.6,3132.0,0.0
638,content_6c330c18ad36,client_624b60c58c,0.6724655895774144,LOW_PRIORITY_SIGNAL,LOW_MODEL_RANK,MONITOR,28,2,90,0.0,8.4,3726.0,0.0
639,content_38112bdd0c6e,client_349c41201b,0.6722809870137547,LOW_PRIORITY_SIGNAL,LOW_MODEL_RANK,MONITOR,6336,44,124,0.19,4.1,2857.0,0.0
640,content_7d014a477d14,client_349c41201b,0.6722717960865124,LOW_PRIORITY_SIGNAL,LOW_MODEL_RANK,MONITOR,7051,16,104,0.1,16.0,2697.0,0.0
641,content_4aa3bd47b90c,client_19581e27de,0.6721362313219291,LOW_PRIORITY_SIGNAL,LOW_MODEL_RANK,MONITOR,964,6,126,0.1,12.2,2754.0,0.0
642,content_74de17fdb849,client_19581e27de,0.6720313711854206,LOW_PRIORITY_SIGNAL,LOW_MODEL_RANK,MONITOR,1711,13,139,0.12,9.5,2969.0,7.69
643,content_c0342d33095e,client_19581e27de,0.6718266926635427,LOW_PRIORITY_SIGNAL,LOW_MODEL_RANK,MONITOR,1643,12,139,0.18,7.7,2702.0,0.0
644,content_4d7bba3dcb7c,client_19581e27de,0.6713101373668847,LOW_PRIORITY_SIGNAL,LOW_MODEL_RANK,MONITOR,12076,23,103,0.07,5.3,2780.0,0.0
645,content_7d8e5e6b1f73,client_19581e27de,0.6713067747873245,LOW_PRIORITY_SIGNAL,LOW_MODEL_RANK,MONITOR,1712,5,124,0.12,9.4,2975.0,20.0
646,content_d90a179d732f,client_349c41201b,0.6708860046714032,LOW_PRIORITY_SIGNAL,LOW_MODEL_RANK,MONITOR,1581,8,126,0.13,9.9,2830.0,0.0
647,content_b893865b83e3,client_19581e27de,0.6706507366864163,LOW_PRIORITY_SIGNAL,LOW_MODEL_RANK,MONITOR,12947,51,139,0.16,8.0,3757.0,15.69
648,content_89b7d57d16fd,client_19581e27de,0.6699014424224201,LOW_PRIORITY_SIGNAL,LOW_MODEL_RANK,MONITOR,688,2,124,0.73,1.7,2621.0,0.0
649,content_a40dfc3c5ff9,client_19581e27de,0.6697910732355341,LOW_PRIORITY_SIGNAL,LOW_MODEL_RANK,MONITOR,997,4,98,0.1,8.9,3051.0,0.0
650,content_621a8827feb1,client_19581e27de,0.6695661377981824,LOW_PRIORITY_SIGNAL,LOW_MODEL_RANK,MONITOR,798,5,98,0.5,1.9,2829.0,0.0
651,content_b43fe565d3fb,client_19581e27de,0.6693304515311838,LOW_PRIORITY_SIGNAL,LOW_MODEL_RANK,MONITOR,900,19,95,0.0,43.9,2918.0,5.26
652,content_02707e327a37,client_0b918943df,0.6692078833667523,LOW_PRIORITY_SIGNAL,LOW_MODEL_RANK,MONITOR,144,2,347,1.39,5.4,1369.0,0.0
653,content_575564a123ab,client_19581e27de,0.6689730840677237,LOW_PRIORITY_SIGNAL,LOW_MODEL_RANK,MONITOR,527,3,126,0.76,2.5,2896.0,0.0
654,content_f6f172c354a7,client_624b60c58c,0.668758862937441,LOW_PRIORITY_SIGNAL,LOW_MODEL_RANK,MONITOR,59,6,96,0.0,4.1,4256.0,0.0
655,content_345cef6bdf4e,client_349c41201b,0.6682270519785775,LOW_PRIORITY_SIGNAL,LOW_MODEL_RANK,MONITOR,806,4,165,0.25,10.9,3108.0,0.0
656,content_0bfb89290c3c,client_19581e27de,0.6679915286716729,LOW_PRIORITY_SIGNAL,LOW_MODEL_RANK,MONITOR,110,2,112,0.0,8.2,3002.0,0.0
657,content_b426ad494acc,client_349c41201b,0.6678815763991334,LOW_PRIORITY_SIGNAL,LOW_MODEL_RANK,MONITOR,359,4,148,0.28,10.0,3773.0,0.0
658,content_51ab2032df03,client_19581e27de,0.6674061288432737,LOW_PRIORITY_SIGNAL,LOW_MODEL_RANK,MONITOR,720,3,139,0.28,12.6,3147.0,0.0
659,content_d66f60bb6d3d,client_349c41201b,0.6673410810778445,LOW_PRIORITY_SIGNAL,LOW_MODEL_RANK,MONITOR,6397,45,126,0.22,23.4,3074.0,2.22
660,content_f8ffc6900606,client_349c41201b,0.6671267402662551,LOW_PRIORITY_SIGNAL,LOW_MODEL_RANK,MONITOR,6003,48,148,0.25,35.1,4225.0,2.08
661,content_b361b9bdad60,client_624b60c58c,0.6669875099860473,LOW_PRIORITY_SIGNAL,LOW_MODEL_RANK,MONITOR,41,8,91,0.0,5.1,4638.0,0.0
662,content_4c5aa1c92120,client_19581e27de,0.666625570662229,LOW_PRIORITY_SIGNAL,LOW_MODEL_RANK,MONITOR,1066,6,119,0.09,8.8,3021.0,16.67
663,content_688dce3d9b17,client_349c41201b,0.6662340123126005,LOW_PRIORITY_SIGNAL,LOW_MODEL_RANK,MONITOR,1038,16,144,0.29,9.9,5547.0,0.0
664,content_1ba5be6351de,client_624b60c58c,0.6650687764180002,LOW_PRIORITY_SIGNAL,LOW_MODEL_RANK,MONITOR,469,1,307,0.0,10.2,4281.0,0.0
665,content_8c9c21c6f817,client_19581e27de,0.6650012288687358,LOW_PRIORITY_SIGNAL,LOW_MODEL_RANK,MONITOR,3785,6,98,0.13,7.7,2774.0,0.0
666,content_2950a7746afa,client_19581e27de,0.6648830775809762,LOW_PRIORITY_SIGNAL,LOW_MODEL_RANK,MONITOR,911,3,98,0.11,5.9,3185.0,0.0
667,content_d32e4fb1896a,client_624b60c58c,0.664765603697075,LOW_PRIORITY_SIGNAL,LOW_MODEL_RANK,MONITOR,112,4,112,0.0,6.6,4154.0,0.0
668,content_2833a1b8e20f,client_19581e27de,0.6645337309938713,LOW_PRIORITY_SIGNAL,LOW_MODEL_RANK,MONITOR,1232,4,126,0.32,3.2,3347.0,0.0
669,content_dc7c45ce8806,client_19581e27de,0.6644383104417411,LOW_PRIORITY_SIGNAL,LOW_MODEL_RANK,MONITOR,2615,4,95,0.15,9.4,2761.0,0.0
670,content_fec82453d953,client_19581e27de,0.6642215198354758,LOW_PRIORITY_SIGNAL,LOW_MODEL_RANK,MONITOR,1411,4,98,0.14,19.0,2735.0,0.0
671,content_f2011d0e4e74,client_19581e27de,0.6636570657722727,LOW_PRIORITY_SIGNAL,LOW_MODEL_RANK,MONITOR,918,9,139,0.11,42.0,2773.0,11.11
672,content_024a399cc14b,client_19581e27de,0.663652848030147,LOW_PRIORITY_SIGNAL,LOW_MODEL_RANK,MONITOR,2031,8,119,0.15,14.7,2652.0,0.0
673,content_9e5fd2619399,client_349c41201b,0.6635527876634778,LOW_PRIORITY_SIGNAL,LOW_MODEL_RANK,MONITOR,1450,9,144,0.34,9.9,3041.0,0.0
674,content_4e5f8f3d7d9f,client_19581e27de,0.6634276358310083,LOW_PRIORITY_SIGNAL,LOW_MODEL_RANK,MONITOR,16255,20,124,0.09,4.7,3024.0,0.0
675,content_672622d84ce9,client_9f14025af0,0.6632942218691373,LOW_PRIORITY_SIGNAL,LOW_MODEL_RANK,MONITOR,148,1,309,0.68,51.8,1030.0,0.0
676,content_f8b027f2c75d,client_624b60c58c,0.6632045008536681,LOW_PRIORITY_SIGNAL,LOW_MODEL_RANK,MONITOR,74,3,91,0.0,3.3,4156.0,0.0
677,content_1605ce53a19d,client_349c41201b,0.6631613947885292,LOW_PRIORITY_SIGNAL,LOW_MODEL_RANK,MONITOR,12240,28,104,0.11,33.3,2830.0,0.0
678,content_9278ef59fcf2,client_349c41201b,0.6626465598612835,LOW_PRIORITY_SIGNAL,LOW_MODEL_RANK,MONITOR,4368,33,124,0.18,24.1,3184.0,0.0
679,content_2468bdd1b421,client_19581e27de,0.6625211698171349,LOW_PRIORITY_SIGNAL,LOW_MODEL_RANK,MONITOR,3065,8,126,0.33,2.7,3052.0,12.5
680,content_4f28576f7f2e,client_19581e27de,0.6623822844918839,LOW_PRIORITY_SIGNAL,LOW_MODEL_RANK,MONITOR,1281,2,124,0.16,6.2,3251.0,0.0
681,content_0be93d1ca84b,client_349c41201b,0.6621177426691538,LOW_PRIORITY_SIGNAL,LOW_MODEL_RANK,MONITOR,2517,27,126,0.16,14.1,2589.0,0.0
682,content_2298b37c89a0,client_349c41201b,0.6617456842566751,LOW_PRIORITY_SIGNAL,LOW_MODEL_RANK,MONITOR,7833,62,148,0.56,21.2,4442.0,1.61
683,content_7e6334f1b59b,client_19581e27de,0.6616656611126635,LOW_PRIORITY_SIGNAL,LOW_MODEL_RANK,MONITOR,3053,1,119,0.16,12.6,2792.0,0.0
684,content_034e44c5c8c6,client_349c41201b,0.6615467961342653,LOW_PRIORITY_SIGNAL,LOW_MODEL_RANK,MONITOR,1544,12,148,0.32,12.7,4946.0,0.0
685,content_8fa10895f9a4,client_349c41201b,0.6614646908433565,LOW_PRIORITY_SIGNAL,LOW_MODEL_RANK,MONITOR,774,7,144,0.26,14.1,4231.0,0.0
686,content_6c99350e52d8,client_349c41201b,0.6612548381123158,LOW_PRIORITY_SIGNAL,LOW_MODEL_RANK,MONITOR,879,4,154,0.34,6.4,4880.0,0.0
687,content_58213c4a07dc,client_19581e27de,0.6610776024053082,LOW_PRIORITY_SIGNAL,LOW_MODEL_RANK,MONITOR,6046,18,313,0.05,9.2,2472.0,5.56
688,content_7fd278d546f7,client_19581e27de,0.6606935663401475,LOW_PRIORITY_SIGNAL,LOW_MODEL_RANK,MONITOR,6291,13,124,0.29,3.5,2652.0,0.0
689,content_2719464a3b3d,client_349c41201b,0.6604680623030477,LOW_PRIORITY_SIGNAL,LOW_MODEL_RANK,MONITOR,16533,44,111,0.08,9.5,3332.0,0.0
690,content_60b799ef98ae,client_624b60c58c,0.6604662919648723,LOW_PRIORITY_SIGNAL,LOW_MODEL_RANK,MONITOR,18,4,90,0.0,9.2,4113.0,0.0
691,content_81641d8402ae,client_349c41201b,0.6603782903542132,LOW_PRIORITY_SIGNAL,LOW_MODEL_RANK,MONITOR,11598,47,165,0.3,3.1,4104.0,2.13
692,content_46bd4617de3d,client_624b60c58c,0.6602641007050077,LOW_PRIORITY_SIGNAL,LOW_MODEL_RANK,MONITOR,32,5,98,0.0,10.0,3804.0,0.0
693,content_1875d5d44776,client_19581e27de,0.6602077484146618,LOW_PRIORITY_SIGNAL,LOW_MODEL_RANK,MONITOR,983,4,124,0.2,12.7,3505.0,0.0
694,content_51ca70ca6815,client_349c41201b,0.6601684113978402,LOW_PRIORITY_SIGNAL,LOW_MODEL_RANK,MONITOR,1519,6,126,0.2,25.1,2872.0,0.0
695,content_48ebfd95c889,client_349c41201b,0.6599687973024654,LOW_PRIORITY_SIGNAL,LOW_MODEL_RANK,MONITOR,898,2,111,0.11,26.9,3099.0,0.0
696,content_3bf6e7411b07,client_19581e27de,0.6598725999161439,LOW_PRIORITY_SIGNAL,LOW_MODEL_RANK,MONITOR,2600,5,112,0.15,12.0,2478.0,0.0
697,content_f00cc99553fe,client_19581e27de,0.6597641041041227,LOW_PRIORITY_SIGNAL,LOW_MODEL_RANK,MONITOR,1483,6,119,0.2,12.3,2619.0,0.0
698,content_f9b44af81656,client_e629fa6598,0.6597334698253999,LOW_PRIORITY_SIGNAL,LOW_MODEL_RANK,MONITOR,297,5,358,0.34,7.5,1508.0,0.0
699,content_510afb81e74e,client_19581e27de,0.65951860037779,LOW_PRIORITY_SIGNAL,LOW_MODEL_RANK,MONITOR,1267,7,98,0.08,9.5,3168.0,14.29
700,content_efe1c25a4004,client_19581e27de,0.6592353691216445,LOW_PRIORITY_SIGNAL,LOW_MODEL_RANK,MONITOR,2689,7,139,0.26,4.6,4516.0,0.0
701,content_e45e3efbc878,client_19581e27de,0.6591698998826179,LOW_PRIORITY_SIGNAL,LOW_MODEL_RANK,MONITOR,3133,15,103,0.1,10.4,3306.0,0.0
702,content_bc2cabfcac4d,client_19581e27de,0.6590555783173266,LOW_PRIORITY_SIGNAL,LOW_MODEL_RANK,MONITOR,6204,62,313,0.06,10.7,2656.0,1.61
703,content_2df930dbde62,client_349c41201b,0.6590183223308173,LOW_PRIORITY_SIGNAL,LOW_MODEL_RANK,MONITOR,28277,81,119,0.22,22.8,2889.0,0.0
704,content_28ef7fb0ee3a,client_349c41201b,0.6589521910721278,LOW_PRIORITY_SIGNAL,LOW_MODEL_RANK,MONITOR,1553,31,154,0.26,9.0,3655.0,0.0
705,content_7c9b6dc4d232,client_19581e27de,0.6588780303497691,LOW_PRIORITY_SIGNAL,LOW_MODEL_RANK,MONITOR,5218,23,329,0.11,10.4,2511.0,0.0
706,content_02b965f20fa6,client_349c41201b,0.6587987261079142,LOW_PRIORITY_SIGNAL,LOW_MODEL_RANK,MONITOR,10947,73,140,0.17,9.0,5494.0,1.37
707,content_b56f1e6534fa,client_349c41201b,0.6587589441326592,LOW_PRIORITY_SIGNAL,LOW_MODEL_RANK,MONITOR,441,4,119,0.23,16.2,2654.0,0.0
708,content_856c393ec65c,client_19581e27de,0.6585263885008453,LOW_PRIORITY_SIGNAL,LOW_MODEL_RANK,MONITOR,5523,76,236,0.11,17.3,2410.0,1.32
709,content_5dabf0ed15af,client_349c41201b,0.6583154941796998,LOW_PRIORITY_SIGNAL,LOW_MODEL_RANK,MONITOR,504,2,154,0.2,10.8,3277.0,50.0
710,content_5a8a28f6de12,client_19581e27de,0.6582803857937821,LOW_PRIORITY_SIGNAL,LOW_MODEL_RANK,MONITOR,7426,14,126,0.18,2.1,3011.0,7.14
711,content_b4ecca11ef62,client_19581e27de,0.6580402113250592,LOW_PRIORITY_SIGNAL,LOW_MODEL_RANK,MONITOR,5980,20,124,0.32,3.0,2920.0,0.0
712,content_2a8332312038,client_19581e27de,0.6578236355212056,LOW_PRIORITY_SIGNAL,LOW_MODEL_RANK,MONITOR,2734,13,95,0.22,3.8,3204.0,0.0
713,content_0252c59b4b99,client_349c41201b,0.6577711181443872,LOW_PRIORITY_SIGNAL,LOW_MODEL_RANK,MONITOR,1120,5,144,0.27,16.6,3487.0,0.0
714,content_b346c9ff4eb8,client_349c41201b,0.6576679209725816,LOW_PRIORITY_SIGNAL,LOW_MODEL_RANK,MONITOR,9566,36,154,0.27,6.0,4412.0,0.0
715,content_34d6d80e0a51,client_19581e27de,0.6576168674375883,LOW_PRIORITY_SIGNAL,LOW_MODEL_RANK,MONITOR,7992,20,124,0.11,3.5,3189.0,10.0
716,content_f01e5f4b741e,client_349c41201b,0.657519676014436,LOW_PRIORITY_SIGNAL,LOW_MODEL_RANK,MONITOR,2410,33,144,0.46,13.6,2895.0,3.03
717,content_fd4635ae38d7,client_19581e27de,0.657391621663278,LOW_PRIORITY_SIGNAL,LOW_MODEL_RANK,MONITOR,589,3,124,0.17,18.6,3038.0,0.0
718,content_bb11381ed532,client_349c41201b,0.6570445675980836,LOW_PRIORITY_SIGNAL,LOW_MODEL_RANK,MONITOR,1902,6,118,0.16,19.4,2729.0,0.0
719,content_11e5498a4124,client_349c41201b,0.657008103150076,LOW_PRIORITY_SIGNAL,LOW_MODEL_RANK,MONITOR,646,6,124,0.15,21.6,3197.0,0.0
720,content_acae5ab6fd6b,client_19581e27de,0.6569141104265499,LOW_PRIORITY_SIGNAL,LOW_MODEL_RANK,MONITOR,5423,108,124,0.06,22.1,2681.0,2.78
721,content_975258bc8e7a,client_19581e27de,0.6567580711434702,LOW_PRIORITY_SIGNAL,LOW_MODEL_RANK,MONITOR,1206,12,139,0.25,17.3,3194.0,0.0
722,content_786087f31ca3,client_19581e27de,0.6565207033319272,LOW_PRIORITY_SIGNAL,LOW_MODEL_RANK,MONITOR,19499,35,139,0.2,5.8,3810.0,2.86
723,content_7aed680f61ad,client_19581e27de,0.6564296950357271,LOW_PRIORITY_SIGNAL,LOW_MODEL_RANK,MONITOR,567,7,126,0.18,15.9,3269.0,0.0
724,content_7f016f81c31b,client_19581e27de,0.6563679086817238,LOW_PRIORITY_SIGNAL,LOW_MODEL_RANK,MONITOR,1463,6,124,0.21,4.4,3131.0,0.0
725,content_d90cb6df2013,client_19581e27de,0.6563033022563437,LOW_PRIORITY_SIGNAL,LOW_MODEL_RANK,MONITOR,3078,13,98,0.16,4.1,2848.0,0.0
726,content_caad5f6f28c2,client_624b60c58c,0.6562678194682118,LOW_PRIORITY_SIGNAL,LOW_MODEL_RANK,MONITOR,62,2,99,0.0,7.2,3421.0,0.0
727,content_02468c89aef1,client_349c41201b,0.6562507463893322,LOW_PRIORITY_SIGNAL,LOW_MODEL_RANK,MONITOR,435,6,165,0.46,14.8,2977.0,0.0
728,content_6c56c0675297,client_9f14025af0,0.6559514182743775,LOW_PRIORITY_SIGNAL,LOW_MODEL_RANK,MONITOR,1790,12,306,0.39,46.0,1230.0,8.33
729,content_c6d36a141d1c,client_349c41201b,0.6559032953488139,LOW_PRIORITY_SIGNAL,LOW_MODEL_RANK,MONITOR,3018,41,124,0.17,25.3,3364.0,0.0
730,content_d7a8781097a4,client_19581e27de,0.6556694778990075,LOW_PRIORITY_SIGNAL,LOW_MODEL_RANK,MONITOR,496,3,124,0.2,9.5,2825.0,0.0
731,content_8df036e4a882,client_19581e27de,0.6555727543090377,LOW_PRIORITY_SIGNAL,LOW_MODEL_RANK,MONITOR,8228,25,126,0.13,3.5,2884.0,4.0
732,content_db464134d3f4,client_19581e27de,0.6555192647393103,LOW_PRIORITY_SIGNAL,LOW_MODEL_RANK,MONITOR,1796,5,95,0.17,4.6,2984.0,0.0
733,content_35e6edbb0a2d,client_349c41201b,0.6553074083658142,LOW_PRIORITY_SIGNAL,LOW_MODEL_RANK,MONITOR,3115,1400,144,0.16,23.7,2658.0,1.07
734,content_677e61a6b128,client_349c41201b,0.655286359721099,LOW_PRIORITY_SIGNAL,LOW_MODEL_RANK,MONITOR,1051,6,140,0.29,9.8,3443.0,0.0
735,content_55b3c6c65818,client_19581e27de,0.6551984602032257,LOW_PRIORITY_SIGNAL,LOW_MODEL_RANK,MONITOR,5416,5,236,0.09,7.5,2044.0,0.0
736,content_6f01dc56c2b4,client_19581e27de,0.6551907467462229,LOW_PRIORITY_SIGNAL,LOW_MODEL_RANK,MONITOR,708,8,139,0.42,14.5,2950.0,0.0
737,content_656738ade014,client_19581e27de,0.6550894159333897,LOW_PRIORITY_SIGNAL,LOW_MODEL_RANK,MONITOR,733,4,139,0.27,7.8,3199.0,0.0
738,content_c1e33f249ae9,client_19581e27de,0.6549239682624711,LOW_PRIORITY_SIGNAL,LOW_MODEL_RANK,MONITOR,1746,5,95,0.17,7.3,2699.0,0.0
739,content_3f7483504601,client_624b60c58c,0.6548237544780716,LOW_PRIORITY_SIGNAL,LOW_MODEL_RANK,MONITOR,14,4,90,0.0,8.0,4302.0,0.0
740,content_93ed14703fd7,client_19581e27de,0.6548106467590413,LOW_PRIORITY_SIGNAL,LOW_MODEL_RANK,MONITOR,1462,4,124,0.21,9.6,2769.0,0.0
741,content_5d7fa6c841f9,client_624b60c58c,0.6547002808454654,LOW_PRIORITY_SIGNAL,LOW_MODEL_RANK,MONITOR,44,4,90,0.0,13.0,3699.0,0.0
742,content_432a53b6529b,client_19581e27de,0.6545976861660531,LOW_PRIORITY_SIGNAL,LOW_MODEL_RANK,MONITOR,492,3,119,0.2,12.2,2844.0,0.0
743,content_d70bd00789d0,client_349c41201b,0.6545573492202909,LOW_PRIORITY_SIGNAL,LOW_MODEL_RANK,MONITOR,10796,49,144,0.27,8.1,4359.0,0.0
744,content_dee4268ec163,client_19581e27de,0.654088277565287,LOW_PRIORITY_SIGNAL,LOW_MODEL_RANK,MONITOR,4263,9,98,0.12,6.3,3218.0,0.0
745,content_0a4fa09621d6,client_02d20bbd7e,0.6537979037771968,LOW_PRIORITY_SIGNAL,LOW_MODEL_RANK,MONITOR,61,8,332,0.0,27.5,1392.0,0.0
746,content_062d5fc4e197,client_19581e27de,0.6537465767639786,LOW_PRIORITY_SIGNAL,LOW_MODEL_RANK,MONITOR,4990,7,257,0.12,9.5,2652.0,0.0
747,content_3c68f1f1fb9f,client_624b60c58c,0.6537421931510958,LOW_PRIORITY_SIGNAL,LOW_MODEL_RANK,MONITOR,444,62,277,0.0,13.7,4376.0,12.9
748,content_7948ff233021,client_349c41201b,0.6533554419454494,LOW_PRIORITY_SIGNAL,LOW_MODEL_RANK,MONITOR,10081,63,95,0.13,13.2,2879.0,1.59
749,content_2f0d3803995d,client_349c41201b,0.6531826285365888,LOW_PRIORITY_SIGNAL,LOW_MODEL_RANK,MONITOR,5889,27,148,0.31,19.1,3830.0,3.7
750,content_c7d15ce0c936,client_19581e27de,0.6531238054913395,LOW_PRIORITY_SIGNAL,LOW_MODEL_RANK,MONITOR,11238,35,95,0.28,2.1,2798.0,0.0
751,content_ba4db5889b31,client_349c41201b,0.6530677322764465,LOW_PRIORITY_SIGNAL,LOW_MODEL_RANK,MONITOR,1312,45,124,0.23,14.1,2852.0,0.0
752,content_4d6bf36804ac,client_19581e27de,0.6529351493717784,LOW_PRIORITY_SIGNAL,LOW_MODEL_RANK,MONITOR,3455,5,119,0.2,10.1,2579.0,0.0
753,content_f9463f724678,client_9f14025af0,0.6526430261052504,LOW_PRIORITY_SIGNAL,LOW_MODEL_RANK,MONITOR,337,4,298,0.3,56.3,1299.0,0.0
754,content_ed7d20b1950d,client_19581e27de,0.6526221076569534,LOW_PRIORITY_SIGNAL,LOW_MODEL_RANK,MONITOR,4636,14,126,0.28,3.3,3150.0,0.0
755,content_cd743418495d,client_19581e27de,0.65257475922655,LOW_PRIORITY_SIGNAL,LOW_MODEL_RANK,MONITOR,2274,2,126,0.22,7.1,2620.0,0.0
756,content_5b063a9d6a33,client_19581e27de,0.6524687323738708,LOW_PRIORITY_SIGNAL,LOW_MODEL_RANK,MONITOR,12067,30,139,0.17,6.3,4170.0,3.33
757,content_27be1cd9f603,client_349c41201b,0.6521927182724441,LOW_PRIORITY_SIGNAL,LOW_MODEL_RANK,MONITOR,381,2,148,0.26,6.4,4472.0,0.0
758,content_5b34da1da3a4,client_19581e27de,0.6518961375141472,LOW_PRIORITY_SIGNAL,LOW_MODEL_RANK,MONITOR,526,3,119,0.19,5.2,3282.0,0.0
759,content_c028838f267c,client_349c41201b,0.6516471592597887,LOW_PRIORITY_SIGNAL,LOW_MODEL_RANK,MONITOR,606,2,124,0.17,11.4,2819.0,0.0
760,content_8fc1775e73e8,client_19581e27de,0.6516018502070068,LOW_PRIORITY_SIGNAL,LOW_MODEL_RANK,MONITOR,557,1,119,0.18,7.3,2814.0,0.0
761,content_33f9eac55744,client_349c41201b,0.6515537754613441,LOW_PRIORITY_SIGNAL,LOW_MODEL_RANK,MONITOR,2674,8,154,0.22,16.1,2958.0,12.5
762,content_8c4768d16f54,client_19581e27de,0.6515327546001545,LOW_PRIORITY_SIGNAL,LOW_MODEL_RANK,MONITOR,1646,2,123,0.18,5.5,3312.0,0.0
763,content_2afe3078fb32,client_19581e27de,0.6511014843131998,LOW_PRIORITY_SIGNAL,LOW_MODEL_RANK,MONITOR,836,2,124,0.24,8.8,2892.0,0.0
764,content_6ac5011e0f04,client_349c41201b,0.6502930380282287,LOW_PRIORITY_SIGNAL,LOW_MODEL_RANK,MONITOR,7424,34,154,0.3,15.1,2808.0,0.0
765,content_6bf6954c2a49,client_349c41201b,0.650223296977208,LOW_PRIORITY_SIGNAL,LOW_MODEL_RANK,MONITOR,447,3,95,0.22,18.2,2582.0,0.0
766,content_d089dc9500a8,client_624b60c58c,0.6500350249373662,LOW_PRIORITY_SIGNAL,LOW_MODEL_RANK,MONITOR,2040,8,279,0.2,8.3,4065.0,0.0
767,content_6c47522386ba,client_349c41201b,0.6499913128684186,LOW_PRIORITY_SIGNAL,LOW_MODEL_RANK,MONITOR,16788,75,140,0.16,10.4,3854.0,1.33
768,content_decaa3a41ec4,client_9f14025af0,0.6498672040560401,LOW_PRIORITY_SIGNAL,LOW_MODEL_RANK,MONITOR,236,2,306,0.85,63.7,1009.0,0.0
769,content_7ee23b811dfe,client_349c41201b,0.6496602136239662,LOW_PRIORITY_SIGNAL,LOW_MODEL_RANK,MONITOR,2414,9,165,0.29,10.9,4681.0,0.0
770,content_bc94bc662bb6,client_02d20bbd7e,0.649532832920843,LOW_PRIORITY_SIGNAL,LOW_MODEL_RANK,MONITOR,46,1,332,0.0,8.1,1670.0,0.0
771,content_4677fc3bd03d,client_349c41201b,0.6492792149245663,LOW_PRIORITY_SIGNAL,LOW_MODEL_RANK,MONITOR,846,4,165,0.35,7.7,3809.0,0.0
772,content_3f3ef60f32f6,client_19581e27de,0.6490797521474053,LOW_PRIORITY_SIGNAL,LOW_MODEL_RANK,MONITOR,510,17,91,0.2,9.6,3234.0,0.0
773,content_1b71e617d3e3,client_349c41201b,0.6488389839172654,LOW_PRIORITY_SIGNAL,LOW_MODEL_RANK,MONITOR,1210,10,126,0.17,11.1,3286.0,0.0
774,content_03d2dad2de0d,client_19581e27de,0.6486666030614292,LOW_PRIORITY_SIGNAL,LOW_MODEL_RANK,MONITOR,30246,35,139,0.13,4.2,3401.0,0.0
775,content_256f013cbf0b,client_349c41201b,0.6485017952043276,LOW_PRIORITY_SIGNAL,LOW_MODEL_RANK,MONITOR,952,15,124,0.11,36.8,2941.0,0.0
776,content_a0ca535dee13,client_19581e27de,0.6484759724105761,LOW_PRIORITY_SIGNAL,LOW_MODEL_RANK,MONITOR,2515,5,95,0.16,7.2,2781.0,0.0
777,content_da2326a269c7,client_349c41201b,0.6481649005620812,LOW_PRIORITY_SIGNAL,LOW_MODEL_RANK,MONITOR,2234,14,148,0.27,8.8,4789.0,0.0
778,content_d76fae202e5c,client_19581e27de,0.647405399952528,LOW_PRIORITY_SIGNAL,LOW_MODEL_RANK,MONITOR,22126,54,139,0.17,3.9,3402.0,0.0
779,content_39535cc1436a,client_19581e27de,0.6472461867985992,LOW_PRIORITY_SIGNAL,LOW_MODEL_RANK,MONITOR,3324,7,91,0.21,24.6,3008.0,0.0
780,content_f7f52ee380b2,client_19581e27de,0.6470041716122189,LOW_PRIORITY_SIGNAL,LOW_MODEL_RANK,MONITOR,1360,2,119,0.37,2.4,3132.0,0.0
781,content_ec1f3d01d0ee,client_19581e27de,0.6468571763934239,LOW_PRIORITY_SIGNAL,LOW_MODEL_RANK,MONITOR,250,2,124,0.0,47.9,3483.0,0.0
782,content_761720ad15a6,client_0b918943df,0.6466961610937858,LOW_PRIORITY_SIGNAL,LOW_MODEL_RANK,MONITOR,596,4,347,0.0,6.5,1424.0,0.0
783,content_abd058df82a4,client_19581e27de,0.646680664740726,LOW_PRIORITY_SIGNAL,LOW_MODEL_RANK,MONITOR,851,1,124,0.24,10.5,3094.0,0.0
784,content_32d99307d773,client_624b60c58c,0.6466696121366035,LOW_PRIORITY_SIGNAL,LOW_MODEL_RANK,MONITOR,4433,16,291,0.18,7.7,3896.0,0.0
785,content_b8380d4ec71b,client_349c41201b,0.6466360411418605,LOW_PRIORITY_SIGNAL,LOW_MODEL_RANK,MONITOR,5381,28,124,0.15,12.7,2850.0,0.0
786,content_c6efb083cd84,client_349c41201b,0.6466184427744824,LOW_PRIORITY_SIGNAL,LOW_MODEL_RANK,MONITOR,1688,11,154,0.3,27.4,4271.0,0.0
787,content_31e982815b32,client_624b60c58c,0.6464237233301513,LOW_PRIORITY_SIGNAL,LOW_MODEL_RANK,MONITOR,32,1,99,0.0,6.8,3703.0,0.0
788,content_2b8fb4df03ad,client_349c41201b,0.6463758878825838,LOW_PRIORITY_SIGNAL,LOW_MODEL_RANK,MONITOR,266,1,154,0.38,8.3,4489.0,0.0
789,content_4a7582bfb40c,client_349c41201b,0.6461490124685396,LOW_PRIORITY_SIGNAL,LOW_MODEL_RANK,MONITOR,5444,29,144,0.26,16.8,4589.0,3.45
790,content_dbbcfc700b35,client_19581e27de,0.6460915603465012,LOW_PRIORITY_SIGNAL,LOW_MODEL_RANK,MONITOR,8407,15,91,0.14,4.5,2891.0,0.0
791,content_04b4f4c5b620,client_349c41201b,0.6459293306246139,LOW_PRIORITY_SIGNAL,LOW_MODEL_RANK,MONITOR,1583,16,165,0.38,5.4,3792.0,0.0
792,content_4d6404c8501d,client_19581e27de,0.6458815109613221,LOW_PRIORITY_SIGNAL,LOW_MODEL_RANK,MONITOR,4015,7,112,0.17,5.1,2805.0,0.0
793,content_effacec3e876,client_19581e27de,0.6457553118317902,LOW_PRIORITY_SIGNAL,LOW_MODEL_RANK,MONITOR,1809,7,95,0.17,5.7,2755.0,0.0
794,content_712bbbab9ff4,client_349c41201b,0.6457478057738295,LOW_PRIORITY_SIGNAL,LOW_MODEL_RANK,MONITOR,993,4,111,0.1,26.2,3086.0,25.0
795,content_b73b1ee3f1ac,client_19581e27de,0.6456731202887197,LOW_PRIORITY_SIGNAL,LOW_MODEL_RANK,MONITOR,6168,19,112,0.19,4.0,2617.0,5.26
796,content_ebab0744ca5a,client_19581e27de,0.6455547895078533,LOW_PRIORITY_SIGNAL,LOW_MODEL_RANK,MONITOR,9546,13,124,0.13,6.5,3364.0,0.0
797,content_57cd2fd7d33c,client_19581e27de,0.6455005157477511,LOW_PRIORITY_SIGNAL,LOW_MODEL_RANK,MONITOR,9877,9,126,0.11,6.3,2871.0,0.0
798,content_c7112985c15c,client_19581e27de,0.6450834595825014,LOW_PRIORITY_SIGNAL,LOW_MODEL_RANK,MONITOR,5142,13,103,0.12,7.3,2627.0,0.0
799,content_4ab74e2dcdc6,client_349c41201b,0.6447800146071535,LOW_PRIORITY_SIGNAL,LOW_MODEL_RANK,MONITOR,1203,12,165,0.33,18.7,4190.0,0.0
800,content_e3e3979ecbbf,client_19581e27de,0.6447065131964432,LOW_PRIORITY_SIGNAL,LOW_MODEL_RANK,MONITOR,5541,19,153,0.14,12.3,2311.0,15.79
801,content_bcc0598ae87a,client_0b918943df,0.6446312536849654,LOW_PRIORITY_SIGNAL,LOW_MODEL_RANK,MONITOR,45,1,97,0.0,6.7,3966.0,0.0
802,content_f10c67d2ab31,client_19581e27de,0.6443411385674509,LOW_PRIORITY_SIGNAL,LOW_MODEL_RANK,MONITOR,1478,7,139,0.34,16.7,3683.0,0.0
803,content_0a22a4015a09,client_349c41201b,0.6442850624037542,LOW_PRIORITY_SIGNAL,LOW_MODEL_RANK,MONITOR,11472,44,104,0.19,31.1,3180.0,2.27
804,content_2e24ad2c2569,client_349c41201b,0.6442376350054784,LOW_PRIORITY_SIGNAL,LOW_MODEL_RANK,MONITOR,2360,80,154,0.25,26.2,4922.0,0.0
805,content_fc0de672fe9a,client_624b60c58c,0.6441633177165424,LOW_PRIORITY_SIGNAL,LOW_MODEL_RANK,MONITOR,177,2,290,0.0,10.8,4255.0,0.0
806,content_dae22a764cf8,client_19581e27de,0.6441491022771324,LOW_PRIORITY_SIGNAL,LOW_MODEL_RANK,MONITOR,10951,25,139,0.16,6.0,4302.0,4.0
807,content_3513a163054f,client_19581e27de,0.6440519521675454,LOW_PRIORITY_SIGNAL,LOW_MODEL_RANK,MONITOR,2387,6,124,0.17,9.9,3250.0,0.0
808,content_3a59ab89b70c,client_349c41201b,0.643955207127929,LOW_PRIORITY_SIGNAL,LOW_MODEL_RANK,MONITOR,13710,62,154,0.46,7.6,3807.0,0.0
809,content_1bf7cf6cec95,client_349c41201b,0.6438545864598936,LOW_PRIORITY_SIGNAL,LOW_MODEL_RANK,MONITOR,3157,26,168,0.6,4.2,3961.0,11.54
810,content_730128ff8af6,client_624b60c58c,0.6438297927018852,LOW_PRIORITY_SIGNAL,LOW_MODEL_RANK,MONITOR,2702,39,285,0.22,7.4,3802.0,15.38
811,content_aad26a98721d,client_349c41201b,0.6434494386247376,LOW_PRIORITY_SIGNAL,LOW_MODEL_RANK,MONITOR,1014,5,165,0.39,5.9,3992.0,0.0
812,content_900eb8aaf299,client_349c41201b,0.6434146468991571,LOW_PRIORITY_SIGNAL,LOW_MODEL_RANK,MONITOR,1230,20,165,0.57,6.2,3548.0,0.0
813,content_e36acf1a6916,client_19581e27de,0.6432573706473953,LOW_PRIORITY_SIGNAL,LOW_MODEL_RANK,MONITOR,8892,35,139,0.19,6.7,4385.0,5.71
814,content_de4ba2c7499a,client_349c41201b,0.6431887595593239,LOW_PRIORITY_SIGNAL,LOW_MODEL_RANK,MONITOR,14451,121,140,0.21,21.5,4537.0,1.65
815,content_31086aab833d,client_349c41201b,0.6425113717738568,LOW_PRIORITY_SIGNAL,LOW_MODEL_RANK,MONITOR,4881,30,95,0.12,5.9,3017.0,3.33
816,content_271f59853841,client_624b60c58c,0.6423266721923742,LOW_PRIORITY_SIGNAL,LOW_MODEL_RANK,MONITOR,133,4,252,0.0,20.7,3735.0,0.0
817,content_1031eff6f464,client_349c41201b,0.6422920510402377,LOW_PRIORITY_SIGNAL,LOW_MODEL_RANK,MONITOR,4074,19,165,0.32,5.5,5005.0,0.0
818,content_ba6e25d6acfa,client_349c41201b,0.6419930758069107,LOW_PRIORITY_SIGNAL,LOW_MODEL_RANK,MONITOR,14986,55,104,0.1,14.5,2904.0,0.0
819,content_cd4f4983677f,client_9f14025af0,0.6411878805143548,LOW_PRIORITY_SIGNAL,LOW_MODEL_RANK,MONITOR,256,4,306,1.17,14.9,1082.0,50.0
820,content_25f5ef32d8af,client_19581e27de,0.640939603038496,LOW_PRIORITY_SIGNAL,LOW_MODEL_RANK,MONITOR,4195,13,119,0.17,9.1,2780.0,0.0
821,content_31488f0dfd3a,client_19581e27de,0.6408800689854245,LOW_PRIORITY_SIGNAL,LOW_MODEL_RANK,MONITOR,824,3,91,0.24,11.8,2855.0,0.0
822,content_3e260353aa82,client_19581e27de,0.6405566256682502,LOW_PRIORITY_SIGNAL,LOW_MODEL_RANK,MONITOR,4422,10,98,0.14,8.5,2866.0,0.0
823,content_3d7f1563fbe0,client_349c41201b,0.6405180479475413,LOW_PRIORITY_SIGNAL,LOW_MODEL_RANK,MONITOR,1085,8,168,0.46,11.1,3578.0,0.0
824,content_21d5352e5669,client_19581e27de,0.6405104414716614,LOW_PRIORITY_SIGNAL,LOW_MODEL_RANK,MONITOR,33,7,98,0.0,8.1,2664.0,0.0
825,content_ed23e7e8b3a7,client_19581e27de,0.6402552039426308,LOW_PRIORITY_SIGNAL,LOW_MODEL_RANK,MONITOR,5575,14,98,0.11,8.3,2942.0,0.0
826,content_0b360eb9db55,client_349c41201b,0.640185665639414,LOW_PRIORITY_SIGNAL,LOW_MODEL_RANK,MONITOR,5141,43,119,0.14,11.4,2945.0,2.33
827,content_dd0f312e0b17,client_349c41201b,0.6401031125463996,LOW_PRIORITY_SIGNAL,LOW_MODEL_RANK,MONITOR,1628,38,140,0.31,13.9,4150.0,0.0
828,content_49f0ee3397dc,client_9f14025af0,0.639880473583561,LOW_PRIORITY_SIGNAL,LOW_MODEL_RANK,MONITOR,79,2,298,1.27,47.7,1169.0,0.0
829,content_54846e719c1c,client_349c41201b,0.6398392698320077,LOW_PRIORITY_SIGNAL,LOW_MODEL_RANK,MONITOR,4894,23,124,0.2,22.8,2913.0,4.35
830,content_2c2b1af1f18d,client_9f14025af0,0.6395122095694961,LOW_PRIORITY_SIGNAL,LOW_MODEL_RANK,MONITOR,1042,17,309,0.96,9.8,1111.0,11.76
831,content_e10dbfa8e12a,client_19581e27de,0.6394831950040256,LOW_PRIORITY_SIGNAL,LOW_MODEL_RANK,MONITOR,851,4,98,0.12,12.6,2654.0,25.0
832,content_3ee344eebad7,client_19581e27de,0.6394383944274992,LOW_PRIORITY_SIGNAL,LOW_MODEL_RANK,MONITOR,3690,16,103,0.22,3.7,2667.0,0.0
833,content_dec6ccf4570f,client_349c41201b,0.6392293609495139,LOW_PRIORITY_SIGNAL,LOW_MODEL_RANK,MONITOR,4481,17,124,0.2,11.5,2908.0,0.0
834,content_ffe06d0d8008,client_19581e27de,0.6392135560210067,LOW_PRIORITY_SIGNAL,LOW_MODEL_RANK,MONITOR,3739,12,119,0.21,11.3,2851.0,0.0
835,content_b531ca412924,client_19581e27de,0.6390581509446358,LOW_PRIORITY_SIGNAL,LOW_MODEL_RANK,MONITOR,1063,8,126,0.28,3.8,2869.0,25.0
836,content_91c3bd9ffc04,client_19581e27de,0.6389501361186585,LOW_PRIORITY_SIGNAL,LOW_MODEL_RANK,MONITOR,2462,8,95,0.16,9.6,2672.0,0.0
837,content_b098d3a4f545,client_349c41201b,0.6389124397129005,LOW_PRIORITY_SIGNAL,LOW_MODEL_RANK,MONITOR,36185,133,148,0.26,13.1,4107.0,0.0
838,content_1625cccaa424,client_349c41201b,0.6388478743993913,LOW_PRIORITY_SIGNAL,LOW_MODEL_RANK,MONITOR,3362,42,126,0.57,15.9,2736.0,0.0
839,content_06e9e92cfb31,client_349c41201b,0.6385869581820205,LOW_PRIORITY_SIGNAL,LOW_MODEL_RANK,MONITOR,4119,73,144,0.32,18.8,4113.0,0.0
840,content_7dbb9c61fe74,client_349c41201b,0.6384479041314877,LOW_PRIORITY_SIGNAL,LOW_MODEL_RANK,MONITOR,10793,49,95,0.26,14.9,2772.0,2.04
841,content_9d5d2ad2933c,client_19581e27de,0.6383891717849586,LOW_PRIORITY_SIGNAL,LOW_MODEL_RANK,MONITOR,15578,22,119,0.1,1.8,3269.0,4.55
842,content_c897409546b8,client_349c41201b,0.6382417851292443,LOW_PRIORITY_SIGNAL,LOW_MODEL_RANK,MONITOR,1717,11,144,0.47,9.1,3092.0,0.0
843,content_446f8c66d9f5,client_624b60c58c,0.6382202871716606,LOW_PRIORITY_SIGNAL,LOW_MODEL_RANK,MONITOR,60,11,102,0.0,11.4,4034.0,0.0
844,content_e2ed404cce4f,client_349c41201b,0.6381502285477909,LOW_PRIORITY_SIGNAL,LOW_MODEL_RANK,MONITOR,653,2,124,0.31,13.4,2764.0,0.0
845,content_6ef74105ef2e,client_349c41201b,0.638111563456779,LOW_PRIORITY_SIGNAL,LOW_MODEL_RANK,MONITOR,1147,3,126,0.26,14.3,2846.0,0.0
846,content_76a67647eaf2,client_349c41201b,0.6380085281435002,LOW_PRIORITY_SIGNAL,LOW_MODEL_RANK,MONITOR,627,8,144,0.32,15.3,3392.0,0.0
847,content_27441bff4885,client_349c41201b,0.6379604423362908,LOW_PRIORITY_SIGNAL,LOW_MODEL_RANK,MONITOR,7170,56,126,0.25,19.2,2856.0,3.57
848,content_00f64dd4d04a,client_624b60c58c,0.6378333805028537,LOW_PRIORITY_SIGNAL,LOW_MODEL_RANK,MONITOR,84,13,131,0.0,6.5,3305.0,0.0
849,content_f85b1d19126c,client_349c41201b,0.6372691010139743,LOW_PRIORITY_SIGNAL,LOW_MODEL_RANK,MONITOR,1299,10,126,0.23,7.6,2973.0,0.0
850,content_12b8d8a8d62f,client_19581e27de,0.6367629545570922,LOW_PRIORITY_SIGNAL,LOW_MODEL_RANK,MONITOR,23326,17,98,0.09,5.7,2651.0,0.0
851,content_47fec3bc4b6d,client_19581e27de,0.6365745594620797,LOW_PRIORITY_SIGNAL,LOW_MODEL_RANK,MONITOR,6116,12,139,0.23,4.9,3186.0,0.0
852,content_c3bd62afd209,client_349c41201b,0.6365588751228357,LOW_PRIORITY_SIGNAL,LOW_MODEL_RANK,MONITOR,5425,26,148,0.29,11.3,3651.0,0.0
853,content_d13f3441716a,client_624b60c58c,0.6364631977954607,LOW_PRIORITY_SIGNAL,LOW_MODEL_RANK,MONITOR,291,15,299,0.0,44.7,4477.0,0.0
854,content_d65cb99c7b83,client_349c41201b,0.6362735308186995,LOW_PRIORITY_SIGNAL,LOW_MODEL_RANK,MONITOR,4567,23,167,0.42,4.6,3990.0,0.0
855,content_ea307903c562,client_19581e27de,0.636255935374398,LOW_PRIORITY_SIGNAL,LOW_MODEL_RANK,MONITOR,1306,8,119,0.38,3.7,3133.0,12.5
856,content_b6776924fa86,client_349c41201b,0.636240859820503,LOW_PRIORITY_SIGNAL,LOW_MODEL_RANK,MONITOR,1286,8,126,0.31,5.8,2751.0,0.0
857,content_8b040d2fcdda,client_349c41201b,0.6361802951335358,LOW_PRIORITY_SIGNAL,LOW_MODEL_RANK,MONITOR,306,1,124,0.0,46.4,3026.0,0.0
858,content_b323ffeb2b68,client_19581e27de,0.6359778812433557,LOW_PRIORITY_SIGNAL,LOW_MODEL_RANK,MONITOR,3076,16,91,0.16,10.9,2888.0,0.0
859,content_153ef109c6d9,client_19581e27de,0.6358267400077571,LOW_PRIORITY_SIGNAL,LOW_MODEL_RANK,MONITOR,1429,7,98,0.14,7.8,2950.0,0.0
860,content_625731272085,client_19581e27de,0.6356254105881378,LOW_PRIORITY_SIGNAL,LOW_MODEL_RANK,MONITOR,13184,17,126,0.11,4.5,3158.0,5.88
861,content_9a2e5a9a0bbf,client_349c41201b,0.6346580706187265,LOW_PRIORITY_SIGNAL,LOW_MODEL_RANK,MONITOR,1120,7,111,0.18,8.2,2697.0,0.0
862,content_cd298854913b,client_19581e27de,0.6345576148475405,LOW_PRIORITY_SIGNAL,LOW_MODEL_RANK,MONITOR,11886,19,112,0.15,4.4,2815.0,0.0
863,content_28eb3cdd98a5,client_19581e27de,0.634489448779128,LOW_PRIORITY_SIGNAL,LOW_MODEL_RANK,MONITOR,7285,35,256,0.03,12.9,2764.0,17.14
864,content_2a0e2853b9be,client_19581e27de,0.634460061926623,LOW_PRIORITY_SIGNAL,LOW_MODEL_RANK,MONITOR,12180,44,124,0.09,5.7,2946.0,0.0
865,content_567bb6257073,client_349c41201b,0.6343298925870322,LOW_PRIORITY_SIGNAL,LOW_MODEL_RANK,MONITOR,3089,29,126,0.49,17.6,2619.0,0.0
866,content_6d907dc315e2,client_349c41201b,0.6342466673827731,LOW_PRIORITY_SIGNAL,LOW_MODEL_RANK,MONITOR,5886,19,119,0.22,13.1,2888.0,0.0
867,content_eca68debfbe8,client_349c41201b,0.6341790140777956,LOW_PRIORITY_SIGNAL,LOW_MODEL_RANK,MONITOR,437,7,124,0.46,6.1,3014.0,0.0
868,content_bd89dce2080f,client_19581e27de,0.6341543107110441,LOW_PRIORITY_SIGNAL,LOW_MODEL_RANK,MONITOR,698,4,119,0.29,4.5,2709.0,0.0
869,content_0043afd4da06,client_19581e27de,0.6335630560389558,LOW_PRIORITY_SIGNAL,LOW_MODEL_RANK,MONITOR,444,7,139,0.45,8.0,4398.0,0.0
870,content_e1188c3a6cb2,client_349c41201b,0.6334651410482566,LOW_PRIORITY_SIGNAL,LOW_MODEL_RANK,MONITOR,997,15,144,0.5,10.7,3443.0,0.0
871,content_20411f597850,client_0b918943df,0.6331077892808719,LOW_PRIORITY_SIGNAL,LOW_MODEL_RANK,MONITOR,21,2,90,0.0,7.0,3753.0,0.0
872,content_524b4675417c,client_19581e27de,0.6330841170606862,LOW_PRIORITY_SIGNAL,LOW_MODEL_RANK,MONITOR,846,3,119,0.24,9.3,3082.0,0.0
873,content_965d2fed253b,client_19581e27de,0.6328040078101523,LOW_PRIORITY_SIGNAL,LOW_MODEL_RANK,MONITOR,659,2,103,0.15,6.9,2745.0,0.0
874,content_efc2922376db,client_349c41201b,0.6327617606960212,LOW_PRIORITY_SIGNAL,LOW_MODEL_RANK,MONITOR,10816,49,119,0.24,12.6,2755.0,0.0
875,content_d455f8adf0d1,client_19581e27de,0.632512340220562,LOW_PRIORITY_SIGNAL,LOW_MODEL_RANK,MONITOR,707,3,119,0.28,13.1,2702.0,0.0
876,content_8d28cde8af7c,client_349c41201b,0.6324975027308999,LOW_PRIORITY_SIGNAL,LOW_MODEL_RANK,MONITOR,584,6,124,0.34,9.3,2766.0,0.0
877,content_de75bd4417f1,client_349c41201b,0.6323853142464404,LOW_PRIORITY_SIGNAL,LOW_MODEL_RANK,MONITOR,1721,10,165,0.35,11.6,3723.0,0.0
878,content_716f3fb827fe,client_624b60c58c,0.6320820145286282,LOW_PRIORITY_SIGNAL,LOW_MODEL_RANK,MONITOR,336,9,314,0.0,7.1,3326.0,0.0
879,content_7f297bcbe7f0,client_19581e27de,0.6320735060576133,LOW_PRIORITY_SIGNAL,LOW_MODEL_RANK,MONITOR,3903,14,112,0.2,4.8,3094.0,0.0
880,content_173a7e7353c0,client_349c41201b,0.6319080507910577,LOW_PRIORITY_SIGNAL,LOW_MODEL_RANK,MONITOR,12407,56,124,0.27,18.3,2645.0,0.0
881,content_571af8547426,client_19581e27de,0.6318043779278728,LOW_PRIORITY_SIGNAL,LOW_MODEL_RANK,MONITOR,1780,5,112,0.17,8.2,3146.0,0.0
882,content_a69ce7ecd14a,client_624b60c58c,0.6314257780304746,LOW_PRIORITY_SIGNAL,LOW_MODEL_RANK,MONITOR,45,3,101,0.0,8.0,3951.0,0.0
883,content_65bbea6fc2e4,client_19581e27de,0.6310940630240152,LOW_PRIORITY_SIGNAL,LOW_MODEL_RANK,MONITOR,4377,24,119,0.37,4.2,2985.0,4.17
884,content_bc24d205e378,client_19581e27de,0.6309660371718924,LOW_PRIORITY_SIGNAL,LOW_MODEL_RANK,MONITOR,9955,25,112,0.1,2.3,3061.0,4.0
885,content_159168852e68,client_349c41201b,0.6308899770133503,LOW_PRIORITY_SIGNAL,LOW_MODEL_RANK,MONITOR,9605,68,148,0.49,17.4,5035.0,0.0
886,content_76e77629e9f1,client_349c41201b,0.6308202657542366,LOW_PRIORITY_SIGNAL,LOW_MODEL_RANK,MONITOR,105643,106,154,0.09,5.7,4438.0,0.0
887,content_3389a7c697a0,client_349c41201b,0.6307746913182168,LOW_PRIORITY_SIGNAL,LOW_MODEL_RANK,MONITOR,4767,24,104,0.38,3.7,2435.0,4.17
888,content_7f96c36789a6,client_349c41201b,0.6305984373170592,LOW_PRIORITY_SIGNAL,LOW_MODEL_RANK,MONITOR,782,6,144,0.51,10.9,3608.0,0.0
889,content_57b8665577f7,client_349c41201b,0.6305943075660071,LOW_PRIORITY_SIGNAL,LOW_MODEL_RANK,MONITOR,406,5,95,0.25,7.1,2606.0,0.0
890,content_6c550167a36d,client_e629fa6598,0.6304947426324508,LOW_PRIORITY_SIGNAL,LOW_MODEL_RANK,MONITOR,218,2,358,0.46,22.6,1429.0,0.0
891,content_72d8c3fdaf97,client_19581e27de,0.6304801639957663,LOW_PRIORITY_SIGNAL,LOW_MODEL_RANK,MONITOR,1587,4,95,0.19,7.8,3267.0,0.0
892,content_8799049a6336,client_19581e27de,0.6303991461199684,LOW_PRIORITY_SIGNAL,LOW_MODEL_RANK,MONITOR,6574,21,98,0.32,2.2,2663.0,4.76
893,content_1e5237b7cb82,client_19581e27de,0.6302739682861881,LOW_PRIORITY_SIGNAL,LOW_MODEL_RANK,MONITOR,11242,29,139,0.3,5.5,3868.0,3.45
894,content_bc288a9b6c12,client_19581e27de,0.6302685986384149,LOW_PRIORITY_SIGNAL,LOW_MODEL_RANK,MONITOR,6038,22,313,0.08,9.8,2642.0,0.0
895,content_e828799cd882,client_19581e27de,0.6301989920079737,LOW_PRIORITY_SIGNAL,LOW_MODEL_RANK,MONITOR,13813,25,124,0.2,1.9,2947.0,0.0
896,content_c8e778a52755,client_19581e27de,0.6299309091373394,LOW_PRIORITY_SIGNAL,LOW_MODEL_RANK,MONITOR,2381,7,126,0.29,6.5,2530.0,0.0
897,content_62072c5cda0d,client_349c41201b,0.6298278972682664,LOW_PRIORITY_SIGNAL,LOW_MODEL_RANK,MONITOR,1011,5,148,0.49,18.1,3928.0,0.0
898,content_5d91fda8e0ab,client_349c41201b,0.629772928970691,LOW_PRIORITY_SIGNAL,LOW_MODEL_RANK,MONITOR,7496,40,104,0.23,28.2,3269.0,0.0
899,content_783991be9fd1,client_624b60c58c,0.6297105182085776,LOW_PRIORITY_SIGNAL,LOW_MODEL_RANK,MONITOR,83,1,124,0.0,5.7,5053.0,0.0
900,content_cd89c08a4fce,client_0b918943df,0.6297046180438437,LOW_PRIORITY_SIGNAL,LOW_MODEL_RANK,MONITOR,63,24,133,0.0,6.4,4900.0,0.0
901,content_4c6a5921a756,client_624b60c58c,0.6296952095242612,LOW_PRIORITY_SIGNAL,LOW_MODEL_RANK,MONITOR,90,4,120,0.0,7.3,3835.0,0.0
902,content_52f939033692,client_624b60c58c,0.6296804684615097,LOW_PRIORITY_SIGNAL,LOW_MODEL_RANK,MONITOR,51,3,98,0.0,8.5,4350.0,0.0
903,content_9807c64459c7,client_624b60c58c,0.6294832469802053,LOW_PRIORITY_SIGNAL,LOW_MODEL_RANK,MONITOR,31,1,98,0.0,7.0,4077.0,0.0
904,content_c55d84ac67b8,client_19581e27de,0.6291342990819111,LOW_PRIORITY_SIGNAL,LOW_MODEL_RANK,MONITOR,805,1,124,0.37,7.1,3114.0,0.0
905,content_ded28514e22f,client_624b60c58c,0.6289842527713756,LOW_PRIORITY_SIGNAL,LOW_MODEL_RANK,MONITOR,6154,37,274,0.23,7.4,3855.0,0.0
906,content_725782749fd6,client_19581e27de,0.6289683841753057,LOW_PRIORITY_SIGNAL,LOW_MODEL_RANK,MONITOR,344,2,119,0.29,8.5,2883.0,0.0
907,content_d422a3839ecb,client_19581e27de,0.6288895864970211,LOW_PRIORITY_SIGNAL,LOW_MODEL_RANK,MONITOR,235,2,126,0.43,6.5,2941.0,0.0
908,content_84d5f676464b,client_19581e27de,0.6288346964307698,LOW_PRIORITY_SIGNAL,LOW_MODEL_RANK,MONITOR,1190,7,112,0.17,15.9,3072.0,0.0
909,content_97e0945f76a0,client_02d20bbd7e,0.6288246480926991,LOW_PRIORITY_SIGNAL,LOW_MODEL_RANK,MONITOR,2078,94,332,3.56,4.9,1539.0,3.19
910,content_31ded58cad63,client_19581e27de,0.6286803964506446,LOW_PRIORITY_SIGNAL,LOW_MODEL_RANK,MONITOR,2755,7,124,0.29,3.9,3244.0,0.0
911,content_056b0e259990,client_19581e27de,0.6284033832866426,LOW_PRIORITY_SIGNAL,LOW_MODEL_RANK,MONITOR,9880,20,112,0.19,4.0,3298.0,0.0
912,content_3258cee6a2e0,client_19581e27de,0.6282865100614322,LOW_PRIORITY_SIGNAL,LOW_MODEL_RANK,MONITOR,582,2,119,0.34,9.4,3137.0,0.0
913,content_738aa32af4f2,client_19581e27de,0.6282579412893322,LOW_PRIORITY_SIGNAL,LOW_MODEL_RANK,MONITOR,3222,16,95,0.4,4.4,2991.0,6.25
914,content_e9745f4d14c3,client_349c41201b,0.6279048360700481,LOW_PRIORITY_SIGNAL,LOW_MODEL_RANK,MONITOR,3604,28,104,0.17,20.2,2714.0,0.0
915,content_e731548846d2,client_19581e27de,0.6278710442803511,LOW_PRIORITY_SIGNAL,LOW_MODEL_RANK,MONITOR,20240,32,98,0.14,4.1,3258.0,0.0
916,content_b62c91e1c902,client_19581e27de,0.6277631691285201,LOW_PRIORITY_SIGNAL,LOW_MODEL_RANK,MONITOR,1882,9,112,0.43,2.5,2942.0,0.0
917,content_fba169739370,client_19581e27de,0.6274143619206725,LOW_PRIORITY_SIGNAL,LOW_MODEL_RANK,MONITOR,5165,23,236,0.21,7.1,2230.0,0.0
918,content_860daaa30c60,client_349c41201b,0.6268258386417866,LOW_PRIORITY_SIGNAL,LOW_MODEL_RANK,MONITOR,8631,27,126,0.17,11.8,2849.0,0.0
919,content_07a9ad640c6e,client_349c41201b,0.6267076932117165,LOW_PRIORITY_SIGNAL,LOW_MODEL_RANK,MONITOR,527,3,124,0.57,9.2,2885.0,0.0
920,content_a28baa469eaa,client_349c41201b,0.6265089715705415,LOW_PRIORITY_SIGNAL,LOW_MODEL_RANK,MONITOR,7793,40,148,0.33,12.0,5324.0,2.5
921,content_fd276e6d3b9d,client_19581e27de,0.6263670574072616,LOW_PRIORITY_SIGNAL,LOW_MODEL_RANK,MONITOR,651,2,124,0.77,12.9,2981.0,0.0
922,content_6d8501560c85,client_349c41201b,0.6263086212708767,LOW_PRIORITY_SIGNAL,LOW_MODEL_RANK,MONITOR,10721,66,148,0.5,6.3,4759.0,0.0
923,content_34a187b9afa8,client_349c41201b,0.6260318399718798,LOW_PRIORITY_SIGNAL,LOW_MODEL_RANK,MONITOR,635,3,124,0.47,10.9,2402.0,0.0
924,content_b9740c3535a3,client_19581e27de,0.626026508231653,LOW_PRIORITY_SIGNAL,LOW_MODEL_RANK,MONITOR,8683,41,95,0.36,3.3,2796.0,0.0
925,content_d3a25cebf10c,client_624b60c58c,0.6260255304098079,LOW_PRIORITY_SIGNAL,LOW_MODEL_RANK,MONITOR,54,6,100,0.0,7.4,4234.0,0.0
926,content_df4fe7b483b9,client_19581e27de,0.6257605432463904,LOW_PRIORITY_SIGNAL,LOW_MODEL_RANK,MONITOR,9818,29,126,0.13,4.2,2800.0,3.45
927,content_225eec6627e5,client_19581e27de,0.625675419030413,LOW_PRIORITY_SIGNAL,LOW_MODEL_RANK,MONITOR,88,1,126,0.0,8.9,2704.0,0.0
928,content_718b2384bae1,client_624b60c58c,0.6255970254078999,LOW_PRIORITY_SIGNAL,LOW_MODEL_RANK,MONITOR,56,3,98,0.0,5.4,5040.0,0.0
929,content_cc310ef4cde7,client_19581e27de,0.625567491477765,LOW_PRIORITY_SIGNAL,LOW_MODEL_RANK,MONITOR,16702,30,126,0.2,3.5,3067.0,0.0
930,content_2e69cf92bbf4,client_19581e27de,0.6254086386024035,LOW_PRIORITY_SIGNAL,LOW_MODEL_RANK,MONITOR,7051,17,236,0.14,8.9,2017.0,0.0
931,content_472ac7d4d442,client_349c41201b,0.6251954957670198,LOW_PRIORITY_SIGNAL,LOW_MODEL_RANK,MONITOR,8873,59,148,0.37,10.0,4313.0,1.69
932,content_2c3e1a414ec7,client_349c41201b,0.6250552988940044,LOW_PRIORITY_SIGNAL,LOW_MODEL_RANK,MONITOR,2128,17,165,0.42,6.0,4032.0,0.0
933,content_33893ed00144,client_19581e27de,0.6250351850532875,LOW_PRIORITY_SIGNAL,LOW_MODEL_RANK,MONITOR,3214,8,95,0.22,5.1,3102.0,0.0
934,content_9029c9f20f02,client_19581e27de,0.6247001320282172,LOW_PRIORITY_SIGNAL,LOW_MODEL_RANK,MONITOR,3841,10,124,0.31,8.0,2580.0,0.0
935,content_9dc6f57294bf,client_19581e27de,0.624636395242617,LOW_PRIORITY_SIGNAL,LOW_MODEL_RANK,MONITOR,560,1,103,0.18,2.3,2965.0,0.0
936,content_b425fcabfac6,client_9f14025af0,0.6245442572834765,LOW_PRIORITY_SIGNAL,LOW_MODEL_RANK,MONITOR,416,2,306,0.24,56.8,884.0,0.0
937,content_2e566f07df83,client_19581e27de,0.6243064024474819,LOW_PRIORITY_SIGNAL,LOW_MODEL_RANK,MONITOR,5609,19,95,0.2,4.8,2779.0,0.0
938,content_b872eeb1b563,client_19581e27de,0.6242018183751876,LOW_PRIORITY_SIGNAL,LOW_MODEL_RANK,MONITOR,4272,15,124,0.21,7.1,3269.0,0.0
939,content_df1245873905,client_349c41201b,0.6241265000025643,LOW_PRIORITY_SIGNAL,LOW_MODEL_RANK,MONITOR,1268,16,124,0.55,12.7,2799.0,0.0
940,content_6475bcaad4bb,client_19581e27de,0.6240085821233562,LOW_PRIORITY_SIGNAL,LOW_MODEL_RANK,MONITOR,6487,15,313,0.12,7.9,2189.0,0.0
941,content_dc01cd869661,client_02d20bbd7e,0.6239984628671374,LOW_PRIORITY_SIGNAL,LOW_MODEL_RANK,MONITOR,53,3,332,3.77,12.4,1340.0,0.0
942,content_43034f3d5135,client_349c41201b,0.6235996460814931,LOW_PRIORITY_SIGNAL,LOW_MODEL_RANK,MONITOR,657,10,104,0.15,17.6,2980.0,0.0
943,content_0dd62b390bba,client_19581e27de,0.6234287358082136,LOW_PRIORITY_SIGNAL,LOW_MODEL_RANK,MONITOR,444,1,91,0.23,14.6,2866.0,0.0
944,content_0a30552c5010,client_349c41201b,0.6233707103988291,LOW_PRIORITY_SIGNAL,LOW_MODEL_RANK,MONITOR,4751,12,104,0.23,30.8,2813.0,0.0
945,content_b0dd771d5f36,client_19581e27de,0.6233388859186714,LOW_PRIORITY_SIGNAL,LOW_MODEL_RANK,MONITOR,14443,31,124,0.27,3.0,3062.0,0.0
946,content_31508d969c9a,client_19581e27de,0.6231720604699091,LOW_PRIORITY_SIGNAL,LOW_MODEL_RANK,MONITOR,1062,3,95,0.28,8.2,2836.0,0.0
947,content_09cfe2ef706d,client_02d20bbd7e,0.6227153975484278,LOW_PRIORITY_SIGNAL,LOW_MODEL_RANK,MONITOR,34,6,332,0.0,14.4,1386.0,0.0
948,content_5b69f9beb3c4,client_19581e27de,0.6227113349354765,LOW_PRIORITY_SIGNAL,LOW_MODEL_RANK,MONITOR,5286,17,257,0.19,8.4,2619.0,0.0
949,content_7e90f3f26da7,client_349c41201b,0.6226143063311667,LOW_PRIORITY_SIGNAL,LOW_MODEL_RANK,MONITOR,6524,27,111,0.15,9.6,2741.0,0.0
950,content_e6b986a0c054,client_349c41201b,0.6222927497635203,LOW_PRIORITY_SIGNAL,LOW_MODEL_RANK,MONITOR,1083,19,165,0.37,24.4,3383.0,0.0
951,content_0fd360ab9067,client_349c41201b,0.6222298813036127,LOW_PRIORITY_SIGNAL,LOW_MODEL_RANK,MONITOR,1959,16,167,0.51,5.8,4007.0,0.0
952,content_34a3df3e3891,client_19581e27de,0.6220938490407297,LOW_PRIORITY_SIGNAL,LOW_MODEL_RANK,MONITOR,5001,75,313,0.22,7.4,1735.0,0.0
953,content_7f1eb5e368c9,client_349c41201b,0.6219957312565133,LOW_PRIORITY_SIGNAL,LOW_MODEL_RANK,MONITOR,5082,26,124,0.43,15.0,2578.0,0.0
954,content_df0b2c0bc420,client_349c41201b,0.6219459674924134,LOW_PRIORITY_SIGNAL,LOW_MODEL_RANK,MONITOR,4791,32,148,0.44,16.1,4089.0,0.0
955,content_39f0f4f005bf,client_349c41201b,0.6218209759061724,LOW_PRIORITY_SIGNAL,LOW_MODEL_RANK,MONITOR,120,9,126,0.83,4.6,2702.0,0.0
956,content_8521f3c8d8e7,client_19581e27de,0.6217520778716084,LOW_PRIORITY_SIGNAL,LOW_MODEL_RANK,MONITOR,7708,17,126,0.21,4.7,2631.0,0.0
957,content_37664caf5662,client_19581e27de,0.6216368090289498,LOW_PRIORITY_SIGNAL,LOW_MODEL_RANK,MONITOR,6494,28,313,0.08,9.4,2198.0,3.57
958,content_bc54c4c6d29e,client_624b60c58c,0.6214738674348228,LOW_PRIORITY_SIGNAL,LOW_MODEL_RANK,MONITOR,91,1,123,0.0,5.9,3809.0,0.0
959,content_4ac2c78f3495,client_19581e27de,0.6209689503168305,LOW_PRIORITY_SIGNAL,LOW_MODEL_RANK,MONITOR,957,5,119,0.31,8.3,2930.0,0.0
960,content_990df00f57b7,client_19581e27de,0.6208586798035697,LOW_PRIORITY_SIGNAL,LOW_MODEL_RANK,MONITOR,1236,7,126,0.32,5.7,3340.0,0.0
961,content_16d8a1cb23ee,client_624b60c58c,0.6205018598327624,LOW_PRIORITY_SIGNAL,LOW_MODEL_RANK,MONITOR,87,5,252,0.0,5.4,3431.0,0.0
962,content_07bea9632daf,client_349c41201b,0.6204985623045135,LOW_PRIORITY_SIGNAL,LOW_MODEL_RANK,MONITOR,4126,35,148,0.24,9.7,5162.0,8.57
963,content_8160d36df806,client_19581e27de,0.62046165601877,LOW_PRIORITY_SIGNAL,LOW_MODEL_RANK,MONITOR,14105,32,126,0.28,2.8,2486.0,0.0
964,content_0a59dc982aa7,client_349c41201b,0.6203909188665664,LOW_PRIORITY_SIGNAL,LOW_MODEL_RANK,MONITOR,141,1,126,0.71,13.1,2752.0,0.0
965,content_e84821e5cc65,client_19581e27de,0.6201629252087651,LOW_PRIORITY_SIGNAL,LOW_MODEL_RANK,MONITOR,588,3,112,0.17,5.8,2968.0,0.0
966,content_84ef997fb274,client_349c41201b,0.6201095725394216,LOW_PRIORITY_SIGNAL,LOW_MODEL_RANK,MONITOR,1341,30,144,0.6,13.1,5051.0,0.0
967,content_4da731032645,client_349c41201b,0.6200298161407493,LOW_PRIORITY_SIGNAL,LOW_MODEL_RANK,MONITOR,1699,18,165,0.59,15.4,3879.0,0.0
968,content_6cc95bb17aea,client_349c41201b,0.6199792141613699,LOW_PRIORITY_SIGNAL,LOW_MODEL_RANK,MONITOR,1490,10,126,0.47,12.5,3106.0,0.0
969,content_19c7f1107d3a,client_19581e27de,0.6197565171959551,LOW_PRIORITY_SIGNAL,LOW_MODEL_RANK,MONITOR,5142,18,124,0.18,6.9,2896.0,0.0
970,content_7f15c7a571b5,client_349c41201b,0.619590463405466,LOW_PRIORITY_SIGNAL,LOW_MODEL_RANK,MONITOR,20725,56,144,0.16,7.0,3445.0,0.0
971,content_42e063dd7f01,client_19581e27de,0.6193416846163161,LOW_PRIORITY_SIGNAL,LOW_MODEL_RANK,MONITOR,20652,38,126,0.11,4.8,2959.0,0.0
972,content_16a2d52cd13b,client_624b60c58c,0.6192028583028789,LOW_PRIORITY_SIGNAL,LOW_MODEL_RANK,MONITOR,614,50,307,0.16,8.7,5695.0,16.0
973,content_12bbe30ef9e0,client_624b60c58c,0.6190885955929089,LOW_PRIORITY_SIGNAL,LOW_MODEL_RANK,MONITOR,13,4,99,0.0,8.6,3620.0,0.0
974,content_35e1528bf6a7,client_349c41201b,0.6190766179187047,LOW_PRIORITY_SIGNAL,LOW_MODEL_RANK,MONITOR,242,5,144,0.83,12.8,3669.0,0.0
975,content_fa6b37071973,client_19581e27de,0.618964949172143,LOW_PRIORITY_SIGNAL,LOW_MODEL_RANK,MONITOR,23165,20,103,0.07,7.7,3188.0,5.0
976,content_f198cee05177,client_19581e27de,0.6189228282931386,LOW_PRIORITY_SIGNAL,LOW_MODEL_RANK,MONITOR,936,3,119,0.43,10.5,2651.0,0.0
977,content_5fe2e1c3e646,client_349c41201b,0.618871913872411,LOW_PRIORITY_SIGNAL,LOW_MODEL_RANK,MONITOR,3644,34,154,0.52,6.2,3183.0,0.0
978,content_f86731aaeb01,client_19581e27de,0.6185380274098058,LOW_PRIORITY_SIGNAL,LOW_MODEL_RANK,MONITOR,5516,32,313,0.11,10.1,2369.0,3.13
979,content_add5de6e47a7,client_19581e27de,0.6184767857376074,LOW_PRIORITY_SIGNAL,LOW_MODEL_RANK,MONITOR,31640,44,95,0.11,8.1,2943.0,0.0
980,content_81a8bfe14442,client_349c41201b,0.6180879971084206,LOW_PRIORITY_SIGNAL,LOW_MODEL_RANK,MONITOR,1439,10,126,0.42,10.0,3138.0,0.0
981,content_6889baf7d76b,client_624b60c58c,0.6180070003477846,LOW_PRIORITY_SIGNAL,LOW_MODEL_RANK,MONITOR,301,3,286,0.33,6.7,3843.0,0.0
982,content_eb299374f25e,client_e629fa6598,0.617661685215685,LOW_PRIORITY_SIGNAL,LOW_MODEL_RANK,MONITOR,307,2,358,0.0,13.6,1303.0,0.0
983,content_af1794a9ace6,client_19581e27de,0.6176583785365769,LOW_PRIORITY_SIGNAL,LOW_MODEL_RANK,MONITOR,11298,19,139,0.16,6.3,2546.0,0.0
984,content_99228efdc707,client_19581e27de,0.6176482484401266,LOW_PRIORITY_SIGNAL,LOW_MODEL_RANK,MONITOR,7961,21,119,0.08,7.5,3170.0,4.76
985,content_5d4665d37704,client_19581e27de,0.6171497669860578,LOW_PRIORITY_SIGNAL,LOW_MODEL_RANK,MONITOR,10701,45,139,0.32,5.8,4563.0,4.44
986,content_7ee8609cce3b,client_19581e27de,0.6170565424567303,LOW_PRIORITY_SIGNAL,LOW_MODEL_RANK,MONITOR,6357,31,112,0.33,2.5,2780.0,6.45
987,content_a19c8ee994c2,client_349c41201b,0.6169979231334858,LOW_PRIORITY_SIGNAL,LOW_MODEL_RANK,MONITOR,124782,1091,144,0.63,3.0,5845.0,0.27
988,content_b5db823ecaf3,client_19581e27de,0.6167923822928245,LOW_PRIORITY_SIGNAL,LOW_MODEL_RANK,MONITOR,9028,15,124,0.17,4.9,2883.0,0.0
989,content_94cc8e490bb3,client_19581e27de,0.6167771006561727,LOW_PRIORITY_SIGNAL,LOW_MODEL_RANK,MONITOR,3448,18,126,0.38,4.6,2687.0,0.0
990,content_e595e50f05b2,client_19581e27de,0.6167133545869867,LOW_PRIORITY_SIGNAL,LOW_MODEL_RANK,MONITOR,5579,24,126,0.56,3.1,3383.0,0.0
991,content_e00136c98eaf,client_19581e27de,0.616688913536128,LOW_PRIORITY_SIGNAL,LOW_MODEL_RANK,MONITOR,2596,5,139,0.35,5.7,3140.0,0.0
992,content_1e3ce4cb75b5,client_349c41201b,0.6164454111238161,LOW_PRIORITY_SIGNAL,LOW_MODEL_RANK,MONITOR,33949,186,140,0.26,10.5,4055.0,0.0
993,content_3bf47333213d,client_624b60c58c,0.6163598010763254,LOW_PRIORITY_SIGNAL,LOW_MODEL_RANK,MONITOR,35,2,102,0.0,6.2,2959.0,0.0
994,content_ef099de83b54,client_349c41201b,0.6160694446348719,LOW_PRIORITY_SIGNAL,LOW_MODEL_RANK,MONITOR,116,3,148,0.86,11.7,5091.0,0.0
995,content_f59522d6825f,client_19581e27de,0.6160003429629726,LOW_PRIORITY_SIGNAL,LOW_MODEL_RANK,MONITOR,10888,30,119,0.29,2.5,2883.0,0.0
996,content_84247c64987a,client_349c41201b,0.6157094014859676,LOW_PRIORITY_SIGNAL,LOW_MODEL_RANK,MONITOR,2494,9,124,0.2,17.9,2941.0,11.11
997,content_c45ac34deafc,client_349c41201b,0.6155952673011494,LOW_PRIORITY_SIGNAL,LOW_MODEL_RANK,MONITOR,3320,31,148,0.57,5.3,4108.0,0.0
998,content_18a56ac61378,client_349c41201b,0.6151810741727642,LOW_PRIORITY_SIGNAL,LOW_MODEL_RANK,MONITOR,308,11,144,0.65,25.2,3641.0,0.0
999,content_957b3604f12c,client_19581e27de,0.6150302177779935,LOW_PRIORITY_SIGNAL,LOW_MODEL_RANK,MONITOR,10683,17,119,0.2,4.1,2849.0,5.88
1000,content_3693ab0b0f2f,client_19581e27de,0.6149779841555687,LOW_PRIORITY_SIGNAL,LOW_MODEL_RANK,MONITOR,7726,21,126,0.17,6.3,2970.0,0.0
1001,content_bedb21f7ae4c,client_19581e27de,0.6149651056286122,LOW_PRIORITY_SIGNAL,LOW_MODEL_RANK,MONITOR,7129,11,112,0.17,5.1,3054.0,0.0
1002,content_806e597cda69,client_624b60c58c,0.6148430071579662,LOW_PRIORITY_SIGNAL,LOW_MODEL_RANK,MONITOR,90,3,118,0.0,6.2,4377.0,0.0
1003,content_1dc41e6b95ac,client_19581e27de,0.6148325817330175,LOW_PRIORITY_SIGNAL,LOW_MODEL_RANK,MONITOR,7061,46,236,0.21,9.2,2204.0,0.0
1004,content_663ee9569ab2,client_349c41201b,0.6148150686925471,LOW_PRIORITY_SIGNAL,LOW_MODEL_RANK,MONITOR,3544,11,126,0.34,7.1,2613.0,0.0
1005,content_28ed05f5d1aa,client_624b60c58c,0.6146280249580047,LOW_PRIORITY_SIGNAL,LOW_MODEL_RANK,MONITOR,552,14,113,0.18,9.6,3973.0,7.14
1006,content_3546c7b868f1,client_19581e27de,0.6146064452289615,LOW_PRIORITY_SIGNAL,LOW_MODEL_RANK,MONITOR,5102,27,124,0.16,4.6,2920.0,3.7
1007,content_96ff0fa23b9c,client_19581e27de,0.6145563188329288,LOW_PRIORITY_SIGNAL,LOW_MODEL_RANK,MONITOR,2866,20,119,0.56,3.5,3158.0,5.0
1008,content_924707e4da92,client_9f14025af0,0.6145119177108154,LOW_PRIORITY_SIGNAL,LOW_MODEL_RANK,MONITOR,2703,32,298,1.26,50.9,1160.0,9.38
1009,content_6799ef15e250,client_19581e27de,0.6138066264670823,LOW_PRIORITY_SIGNAL,LOW_MODEL_RANK,MONITOR,245,5,124,0.82,5.3,3116.0,0.0
1010,content_43cbb6616571,client_349c41201b,0.6136616430168571,LOW_PRIORITY_SIGNAL,LOW_MODEL_RANK,MONITOR,1963,17,154,0.61,5.4,4257.0,0.0
1011,content_8463477d3ec5,client_349c41201b,0.6136104846679519,LOW_PRIORITY_SIGNAL,LOW_MODEL_RANK,MONITOR,3685,19,148,0.35,22.4,4027.0,0.0
1012,content_7d2f472cf89f,client_349c41201b,0.6135719695919611,LOW_PRIORITY_SIGNAL,LOW_MODEL_RANK,MONITOR,11571,91,140,0.47,18.4,3398.0,4.4
1013,content_0cd6cb0cf3eb,client_349c41201b,0.6135338729444089,LOW_PRIORITY_SIGNAL,LOW_MODEL_RANK,MONITOR,2710,34,148,0.3,19.9,5061.0,2.94
1014,content_1a505c4f684a,client_349c41201b,0.6133468107220624,LOW_PRIORITY_SIGNAL,LOW_MODEL_RANK,MONITOR,948,26,119,0.42,9.3,3026.0,3.85
1015,content_73c08a22fb0a,client_19581e27de,0.6133016728050785,LOW_PRIORITY_SIGNAL,LOW_MODEL_RANK,MONITOR,4163,16,98,0.12,13.4,2771.0,12.5
1016,content_9db071f2cc5a,client_349c41201b,0.6132520149500101,LOW_PRIORITY_SIGNAL,LOW_MODEL_RANK,MONITOR,2115,37,154,0.28,16.6,5653.0,0.0
1017,content_3ab745141d6b,client_19581e27de,0.6132156636205459,LOW_PRIORITY_SIGNAL,LOW_MODEL_RANK,MONITOR,5149,24,119,0.1,6.6,3102.0,20.83
1018,content_c4dad584949e,client_624b60c58c,0.6130949610946957,LOW_PRIORITY_SIGNAL,LOW_MODEL_RANK,MONITOR,63,3,104,0.0,7.8,4638.0,0.0
1019,content_d38ef7e9063a,client_349c41201b,0.612967452360277,LOW_PRIORITY_SIGNAL,LOW_MODEL_RANK,MONITOR,4481,27,126,0.27,18.2,3215.0,3.7
1020,content_d12eedb1a1b2,client_349c41201b,0.612934041842029,LOW_PRIORITY_SIGNAL,LOW_MODEL_RANK,MONITOR,50,2,95,2.0,9.4,2872.0,0.0
1021,content_ff8e894f6177,client_02d20bbd7e,0.6126068153541089,LOW_PRIORITY_SIGNAL,LOW_MODEL_RANK,MONITOR,130,6,332,0.77,11.3,1447.0,16.67
1022,content_e74fc03e6032,client_19581e27de,0.61259440044466,LOW_PRIORITY_SIGNAL,LOW_MODEL_RANK,MONITOR,1735,4,103,0.23,5.6,2826.0,0.0
1023,content_ca56885db527,client_349c41201b,0.6124062898931354,LOW_PRIORITY_SIGNAL,LOW_MODEL_RANK,MONITOR,500,6,144,0.4,16.9,5276.0,0.0
1024,content_9f2d9a3bf92d,client_349c41201b,0.6122940651583412,LOW_PRIORITY_SIGNAL,LOW_MODEL_RANK,MONITOR,191,5,119,0.52,5.8,2798.0,0.0
1025,content_bdd34c6240f2,client_19581e27de,0.6122867624220203,LOW_PRIORITY_SIGNAL,LOW_MODEL_RANK,MONITOR,5189,11,112,0.29,2.8,3152.0,9.09
1026,content_8a31d74a2bfc,client_19581e27de,0.6121878062767631,LOW_PRIORITY_SIGNAL,LOW_MODEL_RANK,MONITOR,24322,22,103,0.07,8.3,2826.0,9.09
1027,content_0baffe335206,client_19581e27de,0.6121307748537587,LOW_PRIORITY_SIGNAL,LOW_MODEL_RANK,MONITOR,4057,7,124,0.15,6.0,3059.0,14.29
1028,content_642796173c77,client_349c41201b,0.611631383377569,LOW_PRIORITY_SIGNAL,LOW_MODEL_RANK,MONITOR,3514,30,165,0.43,5.2,3153.0,3.33
1029,content_be9c790c07c8,client_19581e27de,0.6115378042719989,LOW_PRIORITY_SIGNAL,LOW_MODEL_RANK,MONITOR,1582,6,126,0.25,17.0,2984.0,16.67
1030,content_afbb62051309,client_19581e27de,0.6114557661653397,LOW_PRIORITY_SIGNAL,LOW_MODEL_RANK,MONITOR,3312,18,95,0.57,4.5,3090.0,11.11
1031,content_e889668af0bc,client_19581e27de,0.61138291027408,LOW_PRIORITY_SIGNAL,LOW_MODEL_RANK,MONITOR,3419,18,112,0.26,4.2,2832.0,0.0
1032,content_75f71470f600,client_19581e27de,0.611079378037375,LOW_PRIORITY_SIGNAL,LOW_MODEL_RANK,MONITOR,934,3,98,0.21,13.0,2887.0,0.0
1033,content_356590811c6b,client_349c41201b,0.6110062713876576,LOW_PRIORITY_SIGNAL,LOW_MODEL_RANK,MONITOR,8880,69,148,0.51,16.7,3126.0,0.0
1034,content_9c191e543e7a,client_19581e27de,0.6109586955672932,LOW_PRIORITY_SIGNAL,LOW_MODEL_RANK,MONITOR,580,6,98,0.17,11.4,2792.0,0.0
1035,content_e54b5e97e90f,client_349c41201b,0.6108395550754152,LOW_PRIORITY_SIGNAL,LOW_MODEL_RANK,MONITOR,2930,27,144,0.34,15.1,3636.0,0.0
1036,content_421d72faa935,client_19581e27de,0.6107963160171019,LOW_PRIORITY_SIGNAL,LOW_MODEL_RANK,MONITOR,1662,11,95,0.3,5.6,2539.0,0.0
1037,content_b3f6ab3db394,client_624b60c58c,0.6103681478768032,LOW_PRIORITY_SIGNAL,LOW_MODEL_RANK,MONITOR,92,2,314,0.0,28.7,4095.0,0.0
1038,content_d7eebcf443e2,client_349c41201b,0.6098285776655178,LOW_PRIORITY_SIGNAL,LOW_MODEL_RANK,MONITOR,3283,34,124,0.3,14.1,3022.0,0.0
1039,content_deccdf5c4991,client_19581e27de,0.6093916515047875,LOW_PRIORITY_SIGNAL,LOW_MODEL_RANK,MONITOR,2671,4,103,0.19,9.5,3245.0,0.0
1040,content_9a99df35bed3,client_624b60c58c,0.6090902916744553,LOW_PRIORITY_SIGNAL,LOW_MODEL_RANK,MONITOR,45,1,102,0.0,7.2,3315.0,0.0
1041,content_4d08326f26ae,client_349c41201b,0.609020412873597,LOW_PRIORITY_SIGNAL,LOW_MODEL_RANK,MONITOR,8574,30,111,0.16,10.9,2899.0,0.0
1042,content_39c3dc2f67d3,client_349c41201b,0.6089131358074258,LOW_PRIORITY_SIGNAL,LOW_MODEL_RANK,MONITOR,214,3,119,0.47,18.3,3009.0,0.0
1043,content_84d4fd5b082a,client_624b60c58c,0.6083825181393121,LOW_PRIORITY_SIGNAL,LOW_MODEL_RANK,MONITOR,11687,65,282,0.1,7.6,3529.0,1.54
1044,content_ba7cf4708368,client_19581e27de,0.6079618528956715,LOW_PRIORITY_SIGNAL,LOW_MODEL_RANK,MONITOR,1272,8,95,0.31,6.6,2741.0,0.0
1045,content_3c1176c0c887,client_349c41201b,0.6077139061307851,LOW_PRIORITY_SIGNAL,LOW_MODEL_RANK,MONITOR,420,5,144,0.95,11.7,4560.0,0.0
1046,content_6e63d0013fe1,client_624b60c58c,0.6076992756930527,LOW_PRIORITY_SIGNAL,LOW_MODEL_RANK,MONITOR,77,7,131,0.0,8.3,3521.0,0.0
1047,content_991df0d8cfba,client_19581e27de,0.6074861904322029,LOW_PRIORITY_SIGNAL,LOW_MODEL_RANK,MONITOR,6279,19,257,0.11,11.9,2699.0,0.0
1048,content_129717e9e7d1,client_19581e27de,0.6074237207439417,LOW_PRIORITY_SIGNAL,LOW_MODEL_RANK,MONITOR,21013,39,112,0.19,3.0,3317.0,0.0
1049,content_cd918b354604,client_9f14025af0,0.6074126823553831,LOW_PRIORITY_SIGNAL,LOW_MODEL_RANK,MONITOR,94,2,298,1.06,69.7,1138.0,0.0
1050,content_d92e06dd3ce7,client_349c41201b,0.6073626293690187,LOW_PRIORITY_SIGNAL,LOW_MODEL_RANK,MONITOR,593,7,104,0.67,2.5,2899.0,0.0
1051,content_d6e535ef361f,client_19581e27de,0.6073484628445412,LOW_PRIORITY_SIGNAL,LOW_MODEL_RANK,MONITOR,14323,10,112,0.16,5.7,2781.0,0.0
1052,content_451e3b524ef5,client_19581e27de,0.6072277896431681,LOW_PRIORITY_SIGNAL,LOW_MODEL_RANK,MONITOR,1808,6,98,0.17,7.8,3143.0,0.0
1053,content_68d2dcba5f50,client_9f14025af0,0.607217341717497,LOW_PRIORITY_SIGNAL,LOW_MODEL_RANK,MONITOR,2624,11,298,0.38,45.8,1012.0,9.09
1054,content_28926376bd24,client_349c41201b,0.6071261645567746,LOW_PRIORITY_SIGNAL,LOW_MODEL_RANK,MONITOR,6250,25,118,0.19,4.5,2623.0,0.0
1055,content_d98c6bd888ae,client_19581e27de,0.6069648182212564,LOW_PRIORITY_SIGNAL,LOW_MODEL_RANK,MONITOR,711,2,98,0.28,2.9,2968.0,0.0
1056,content_5742ac15422a,client_19581e27de,0.6069606486581152,LOW_PRIORITY_SIGNAL,LOW_MODEL_RANK,MONITOR,798,2,119,0.38,7.0,2987.0,0.0
1057,content_ea31a699a69b,client_19581e27de,0.6069439864191832,LOW_PRIORITY_SIGNAL,LOW_MODEL_RANK,MONITOR,15260,18,112,0.12,6.1,3210.0,0.0
1058,content_bfb255cec2de,client_19581e27de,0.6065400170470444,LOW_PRIORITY_SIGNAL,LOW_MODEL_RANK,MONITOR,488,2,112,0.2,30.1,3047.0,0.0
1059,content_a5613c78d413,client_349c41201b,0.6064553484531221,LOW_PRIORITY_SIGNAL,LOW_MODEL_RANK,MONITOR,195,3,119,0.51,7.2,2771.0,0.0
1060,content_939a5c9c472c,client_19581e27de,0.6063473161011883,LOW_PRIORITY_SIGNAL,LOW_MODEL_RANK,MONITOR,4392,41,236,0.43,10.4,2249.0,0.0
1061,content_f7bcee6ffc33,client_02d20bbd7e,0.6062369867241972,LOW_PRIORITY_SIGNAL,LOW_MODEL_RANK,MONITOR,37,3,332,0.0,8.5,1525.0,0.0
1062,content_dcc7f13da75e,client_19581e27de,0.6061609632293653,LOW_PRIORITY_SIGNAL,LOW_MODEL_RANK,MONITOR,9750,18,112,0.18,4.6,3372.0,0.0
1063,content_9a1427053b3e,client_349c41201b,0.6060779794567073,LOW_PRIORITY_SIGNAL,LOW_MODEL_RANK,MONITOR,334,4,119,0.3,10.0,2801.0,25.0
1064,content_5b0d55ef3ad5,client_349c41201b,0.606009266855664,LOW_PRIORITY_SIGNAL,LOW_MODEL_RANK,MONITOR,211,1,148,0.0,52.1,3193.0,0.0
1065,content_7ad67b51de7e,client_349c41201b,0.6059878619583311,LOW_PRIORITY_SIGNAL,LOW_MODEL_RANK,MONITOR,1768,18,126,0.4,6.1,2841.0,11.11
1066,content_f60ac8e964e8,client_19581e27de,0.6057064120169877,LOW_PRIORITY_SIGNAL,LOW_MODEL_RANK,MONITOR,715,1,119,0.42,5.6,2824.0,0.0
1067,content_eea0194e50eb,client_19581e27de,0.6056367678319762,LOW_PRIORITY_SIGNAL,LOW_MODEL_RANK,MONITOR,3914,20,126,0.28,5.1,3157.0,0.0
1068,content_5918afc957c9,client_349c41201b,0.6056200428974506,LOW_PRIORITY_SIGNAL,LOW_MODEL_RANK,MONITOR,2424,21,154,0.62,7.2,4387.0,0.0
1069,content_dd9d3f352b74,client_349c41201b,0.6056166498860813,LOW_PRIORITY_SIGNAL,LOW_MODEL_RANK,MONITOR,6661,25,95,0.2,9.9,2849.0,0.0
1070,content_84efcacef727,client_349c41201b,0.6054114958943291,LOW_PRIORITY_SIGNAL,LOW_MODEL_RANK,MONITOR,10206,31,165,0.22,4.5,3064.0,0.0
1071,content_3f2bedf2964f,client_19581e27de,0.6052607774994982,LOW_PRIORITY_SIGNAL,LOW_MODEL_RANK,MONITOR,830,7,98,0.12,20.5,3097.0,14.29
1072,content_f53b8223e007,client_19581e27de,0.6051801423002956,LOW_PRIORITY_SIGNAL,LOW_MODEL_RANK,MONITOR,15052,66,139,0.32,5.0,5175.0,7.58
1073,content_0dbb45b8bb50,client_624b60c58c,0.6049361765429946,LOW_PRIORITY_SIGNAL,LOW_MODEL_RANK,MONITOR,414,9,357,0.0,11.3,1166.0,0.0
1074,content_befaa57dcb48,client_349c41201b,0.6049282989629428,LOW_PRIORITY_SIGNAL,LOW_MODEL_RANK,MONITOR,1722,37,144,0.35,9.2,4683.0,0.0
1075,content_56253669cf31,client_19581e27de,0.6048980593377443,LOW_PRIORITY_SIGNAL,LOW_MODEL_RANK,MONITOR,10639,28,236,0.08,11.8,2632.0,0.0
1076,content_dac6074ec8c1,client_e629fa6598,0.6048465937707476,LOW_PRIORITY_SIGNAL,LOW_MODEL_RANK,MONITOR,700,1,358,0.14,12.6,1276.0,0.0
1077,content_7f4ea01174f9,client_624b60c58c,0.6048117949419561,LOW_PRIORITY_SIGNAL,LOW_MODEL_RANK,MONITOR,86,2,109,0.0,8.6,4448.0,0.0
1078,content_2892adcd8f92,client_624b60c58c,0.6045969559419274,LOW_PRIORITY_SIGNAL,LOW_MODEL_RANK,MONITOR,43,4,327,0.0,6.5,1273.0,0.0
1079,content_38c5fa8aa959,client_19581e27de,0.6045628844850731,LOW_PRIORITY_SIGNAL,LOW_MODEL_RANK,MONITOR,452,6,112,0.22,9.8,3223.0,0.0
1080,content_3f7335f23833,client_19581e27de,0.6041773656873601,LOW_PRIORITY_SIGNAL,LOW_MODEL_RANK,MONITOR,1073,5,119,0.28,5.2,3471.0,0.0
1081,content_2244e03153bb,client_624b60c58c,0.6041715851651219,LOW_PRIORITY_SIGNAL,LOW_MODEL_RANK,MONITOR,20,8,101,0.0,11.2,3311.0,0.0
1082,content_5c9f6f19be79,client_349c41201b,0.6038286152413399,LOW_PRIORITY_SIGNAL,LOW_MODEL_RANK,MONITOR,4231,36,165,0.61,9.5,3525.0,0.0
1083,content_74f8d3d41563,client_19581e27de,0.6037430961024178,LOW_PRIORITY_SIGNAL,LOW_MODEL_RANK,MONITOR,5602,23,139,0.25,9.7,4325.0,4.35
1084,content_c60095baf03c,client_19581e27de,0.6036102197623394,LOW_PRIORITY_SIGNAL,LOW_MODEL_RANK,MONITOR,611,2,119,0.49,5.1,2879.0,0.0
1085,content_2477d60f6e3b,client_9f14025af0,0.6035905157897034,LOW_PRIORITY_SIGNAL,LOW_MODEL_RANK,MONITOR,2583,5,298,0.27,35.0,1174.0,20.0
1086,content_7cf0e104a0a8,client_19581e27de,0.6035544803640724,LOW_PRIORITY_SIGNAL,LOW_MODEL_RANK,MONITOR,5593,18,313,0.14,13.1,2779.0,0.0
1087,content_0e857a1c8ca4,client_349c41201b,0.6033800750711611,LOW_PRIORITY_SIGNAL,LOW_MODEL_RANK,MONITOR,2329,22,104,0.21,4.7,2975.0,0.0
1088,content_813d6c6459df,client_19581e27de,0.6032251010839234,LOW_PRIORITY_SIGNAL,LOW_MODEL_RANK,MONITOR,6031,58,139,0.6,4.9,4342.0,1.72
1089,content_5efc82c71b9b,client_349c41201b,0.6031884002814824,LOW_PRIORITY_SIGNAL,LOW_MODEL_RANK,MONITOR,2063,18,124,0.63,8.2,2818.0,5.56
1090,content_1e8a594e4ba2,client_19581e27de,0.6029985614508674,LOW_PRIORITY_SIGNAL,LOW_MODEL_RANK,MONITOR,7162,8,236,0.14,6.4,2469.0,12.5
1091,content_69f89df4832c,client_19581e27de,0.6029806913084906,LOW_PRIORITY_SIGNAL,LOW_MODEL_RANK,MONITOR,2274,8,98,0.22,20.3,2768.0,0.0
1092,content_74140e9894b5,client_349c41201b,0.6029725449580008,LOW_PRIORITY_SIGNAL,LOW_MODEL_RANK,MONITOR,3674,21,126,0.22,5.8,3129.0,4.76
1093,content_8c6cdc6b2e1e,client_19581e27de,0.6025041958130304,LOW_PRIORITY_SIGNAL,LOW_MODEL_RANK,MONITOR,15443,29,126,0.14,2.9,2548.0,3.45
1094,content_3f4b9bef6735,client_19581e27de,0.6022585910755688,LOW_PRIORITY_SIGNAL,LOW_MODEL_RANK,MONITOR,4194,18,112,0.29,4.2,2992.0,5.56
1095,content_58cffeeaa478,client_349c41201b,0.6021733739780915,LOW_PRIORITY_SIGNAL,LOW_MODEL_RANK,MONITOR,19579,35,95,0.05,55.1,2939.0,0.0
1096,content_8291a216c3ea,client_19581e27de,0.6021300730639552,LOW_PRIORITY_SIGNAL,LOW_MODEL_RANK,MONITOR,3391,28,139,0.53,5.7,5154.0,0.0
1097,content_11e6ae071b59,client_9f14025af0,0.6019951139845813,LOW_PRIORITY_SIGNAL,LOW_MODEL_RANK,MONITOR,47,1,309,2.13,25.8,1073.0,0.0
1098,content_35e9f6e2f391,client_349c41201b,0.6019534422903557,LOW_PRIORITY_SIGNAL,LOW_MODEL_RANK,MONITOR,3825,18,95,0.37,15.4,2938.0,5.56
1099,content_6a4856a65d72,client_624b60c58c,0.6017140400856033,LOW_PRIORITY_SIGNAL,LOW_MODEL_RANK,MONITOR,136,3,251,0.0,42.6,3373.0,0.0
1100,content_6b56a0830317,client_0b918943df,0.6017016759042663,LOW_PRIORITY_SIGNAL,LOW_MODEL_RANK,MONITOR,27,11,133,0.0,6.5,5356.0,0.0
1101,content_8090fb89b242,client_624b60c58c,0.60153825839971,LOW_PRIORITY_SIGNAL,LOW_MODEL_RANK,MONITOR,378,25,290,0.26,8.5,4258.0,0.0
1102,content_fdbbe515ad84,client_19581e27de,0.6014716774076788,LOW_PRIORITY_SIGNAL,LOW_MODEL_RANK,MONITOR,6553,12,119,0.24,7.2,2966.0,0.0
1103,content_bd948db6e0c8,client_19581e27de,0.6013328945407488,LOW_PRIORITY_SIGNAL,LOW_MODEL_RANK,MONITOR,7684,32,98,0.38,3.8,2764.0,0.0
1104,content_19d8ec05394d,client_e629fa6598,0.6012348768579345,LOW_PRIORITY_SIGNAL,LOW_MODEL_RANK,MONITOR,242,1,358,0.83,54.1,1377.0,0.0
1105,content_26e4b2afdb9c,client_19581e27de,0.6011487337526986,LOW_PRIORITY_SIGNAL,LOW_MODEL_RANK,MONITOR,527,5,95,0.38,6.8,3001.0,20.0
1106,content_23c5b757d704,client_02d20bbd7e,0.6010288046501945,LOW_PRIORITY_SIGNAL,LOW_MODEL_RANK,MONITOR,30,1,332,0.0,8.9,1499.0,100.0
1107,content_49a514fb49fb,client_19581e27de,0.6010044194181485,LOW_PRIORITY_SIGNAL,LOW_MODEL_RANK,MONITOR,33558,35,103,0.09,7.3,2974.0,0.0
1108,content_aa13dedf952e,client_19581e27de,0.6009177330603297,LOW_PRIORITY_SIGNAL,LOW_MODEL_RANK,MONITOR,6392,22,124,0.17,7.2,2946.0,0.0
1109,content_7beb71a6befe,client_349c41201b,0.6007434058846117,LOW_PRIORITY_SIGNAL,LOW_MODEL_RANK,MONITOR,543,6,167,0.37,7.6,4355.0,16.67
1110,content_ccb9c2e90b24,client_9f14025af0,0.6006677623690999,LOW_PRIORITY_SIGNAL,LOW_MODEL_RANK,MONITOR,51,1,298,1.96,47.2,1062.0,0.0
1111,content_4c359ff9287d,client_19581e27de,0.600534075395557,LOW_PRIORITY_SIGNAL,LOW_MODEL_RANK,MONITOR,10831,46,236,0.2,11.3,2735.0,0.0
1112,content_e15e177a8202,client_19581e27de,0.6004518230314627,LOW_PRIORITY_SIGNAL,LOW_MODEL_RANK,MONITOR,20361,67,126,0.24,3.8,3278.0,0.0
1113,content_07a05ddbb38e,client_19581e27de,0.600322532934045,LOW_PRIORITY_SIGNAL,LOW_MODEL_RANK,MONITOR,856,8,95,0.47,5.8,2879.0,12.5
1114,content_bc626e22516b,client_e629fa6598,0.6002946017807864,LOW_PRIORITY_SIGNAL,LOW_MODEL_RANK,MONITOR,1077,4,358,0.28,48.4,1263.0,0.0
1115,content_ffaa5776351e,client_19581e27de,0.6002236879552844,LOW_PRIORITY_SIGNAL,LOW_MODEL_RANK,MONITOR,15756,36,139,0.17,8.7,2570.0,0.0
1116,content_380891454fd6,client_624b60c58c,0.5999445884957232,LOW_PRIORITY_SIGNAL,LOW_MODEL_RANK,MONITOR,67,2,276,0.0,7.7,5387.0,0.0
1117,content_6de6590b5119,client_19581e27de,0.5998574836737807,LOW_PRIORITY_SIGNAL,LOW_MODEL_RANK,MONITOR,3015,14,126,0.4,4.9,3087.0,0.0
1118,content_5e70fcb3bd35,client_19581e27de,0.5996772788798039,LOW_PRIORITY_SIGNAL,LOW_MODEL_RANK,MONITOR,1252,8,95,0.48,6.0,2660.0,0.0
1119,content_33bbf9c88e69,client_9f14025af0,0.5996490785782271,LOW_PRIORITY_SIGNAL,LOW_MODEL_RANK,MONITOR,429,5,306,0.0,33.9,963.0,0.0
1120,content_d34db50e81a9,client_349c41201b,0.5996252978820137,LOW_PRIORITY_SIGNAL,LOW_MODEL_RANK,MONITOR,2317,15,119,0.43,14.8,2851.0,0.0
1121,content_1b122f76ca8f,client_19581e27de,0.5994085448181979,LOW_PRIORITY_SIGNAL,LOW_MODEL_RANK,MONITOR,14627,77,139,0.34,3.9,4786.0,0.0
1122,content_45833930e2d7,client_349c41201b,0.5993785686392992,LOW_PRIORITY_SIGNAL,LOW_MODEL_RANK,MONITOR,1114,5,126,0.18,38.7,2871.0,0.0
1123,content_ebd350b88f25,client_19581e27de,0.5993304117158814,LOW_PRIORITY_SIGNAL,LOW_MODEL_RANK,MONITOR,5110,31,98,0.45,3.2,2681.0,0.0
1124,content_685e48f567b5,client_624b60c58c,0.599326694376754,LOW_PRIORITY_SIGNAL,LOW_MODEL_RANK,MONITOR,851,7,291,0.24,10.6,4495.0,0.0
1125,content_f62859f5eeb8,client_19581e27de,0.5992030543288557,LOW_PRIORITY_SIGNAL,LOW_MODEL_RANK,MONITOR,6018,31,126,0.6,3.2,2677.0,3.23
1126,content_ecca05b9f8e7,client_19581e27de,0.5990309947904331,LOW_PRIORITY_SIGNAL,LOW_MODEL_RANK,MONITOR,4137,15,95,0.24,5.9,3217.0,0.0
1127,content_b16769a2f7d8,client_19581e27de,0.5989585387744493,LOW_PRIORITY_SIGNAL,LOW_MODEL_RANK,MONITOR,4497,17,119,0.42,1.8,3267.0,0.0
1128,content_95908e28dd3d,client_19581e27de,0.5988349579428298,LOW_PRIORITY_SIGNAL,LOW_MODEL_RANK,MONITOR,1585,6,112,0.25,5.4,2793.0,0.0
1129,content_b304cb4569a4,client_19581e27de,0.5987045973171554,LOW_PRIORITY_SIGNAL,LOW_MODEL_RANK,MONITOR,465,6,98,0.22,17.8,2773.0,0.0
1130,content_7047841b59f5,client_19581e27de,0.5983771482690101,LOW_PRIORITY_SIGNAL,LOW_MODEL_RANK,MONITOR,1786,14,112,0.56,3.9,3121.0,7.14
1131,content_87fcde6d463c,client_19581e27de,0.5980935587576423,LOW_PRIORITY_SIGNAL,LOW_MODEL_RANK,MONITOR,8625,41,126,0.34,3.6,2717.0,4.88
1132,content_1f1cdf321aff,client_19581e27de,0.5976211540047479,LOW_PRIORITY_SIGNAL,LOW_MODEL_RANK,MONITOR,2945,14,112,0.37,3.9,2742.0,0.0
1133,content_034f3b74fa3c,client_19581e27de,0.5974268298901934,LOW_PRIORITY_SIGNAL,LOW_MODEL_RANK,MONITOR,14540,20,112,0.22,3.7,3021.0,5.0
1134,content_33bb04dec755,client_19581e27de,0.5972135428979585,LOW_PRIORITY_SIGNAL,LOW_MODEL_RANK,MONITOR,2360,6,124,0.25,8.1,3128.0,0.0
1135,content_eb570dd6845f,client_349c41201b,0.5971661530599548,LOW_PRIORITY_SIGNAL,LOW_MODEL_RANK,MONITOR,2024,11,124,0.64,8.3,2709.0,0.0
1136,content_656d235bf323,client_349c41201b,0.5971087110621311,LOW_PRIORITY_SIGNAL,LOW_MODEL_RANK,MONITOR,1689,9,104,0.24,29.6,2744.0,0.0
1137,content_28944ae2e67d,client_349c41201b,0.59697404083967,LOW_PRIORITY_SIGNAL,LOW_MODEL_RANK,MONITOR,2015,24,165,0.84,4.9,4429.0,4.17
1138,content_e9987de11f0f,client_19581e27de,0.5966055478605283,LOW_PRIORITY_SIGNAL,LOW_MODEL_RANK,MONITOR,13874,23,124,0.19,4.5,3083.0,0.0
1139,content_6dfc5ae7b202,client_624b60c58c,0.5964361969704138,LOW_PRIORITY_SIGNAL,LOW_MODEL_RANK,MONITOR,3501,13,316,0.26,5.8,2939.0,0.0
1140,content_04b0284918f8,client_349c41201b,0.5963508559760904,LOW_PRIORITY_SIGNAL,LOW_MODEL_RANK,MONITOR,2235,20,119,0.49,15.5,2854.0,0.0
1141,content_b5c5dc483706,client_19581e27de,0.5961159323761576,LOW_PRIORITY_SIGNAL,LOW_MODEL_RANK,MONITOR,7960,42,124,0.52,2.9,2972.0,0.0
1142,content_4ff8e4a679fd,client_349c41201b,0.5959980109323187,LOW_PRIORITY_SIGNAL,LOW_MODEL_RANK,MONITOR,28177,94,154,0.2,5.4,4439.0,1.06
1143,content_5949b38ca23c,client_9f14025af0,0.5959953209925818,LOW_PRIORITY_SIGNAL,LOW_MODEL_RANK,MONITOR,314,2,306,0.64,73.0,1192.0,0.0
1144,content_84e579bc8d75,client_19581e27de,0.595961769791472,LOW_PRIORITY_SIGNAL,LOW_MODEL_RANK,MONITOR,507,2,98,0.0,48.9,3052.0,0.0
1145,content_1bd4eb607ceb,client_19581e27de,0.595729512561684,LOW_PRIORITY_SIGNAL,LOW_MODEL_RANK,MONITOR,4900,18,112,0.24,5.2,3280.0,0.0
1146,content_c3b2dc457d05,client_624b60c58c,0.5957276446603191,LOW_PRIORITY_SIGNAL,LOW_MODEL_RANK,MONITOR,47,3,104,0.0,9.5,3985.0,0.0
1147,content_f38e519afc2b,client_19581e27de,0.5957243867604783,LOW_PRIORITY_SIGNAL,LOW_MODEL_RANK,MONITOR,1509,31,139,0.33,13.2,3319.0,3.23
1148,content_f186f615fb41,client_19581e27de,0.5956846397969765,LOW_PRIORITY_SIGNAL,LOW_MODEL_RANK,MONITOR,13288,26,112,0.24,2.9,3084.0,3.85
1149,content_f282f1edfbe7,client_19581e27de,0.595579654090836,LOW_PRIORITY_SIGNAL,LOW_MODEL_RANK,MONITOR,10247,32,119,0.36,2.2,3106.0,0.0
1150,content_38ca5024c34b,client_19581e27de,0.5951588606475482,LOW_PRIORITY_SIGNAL,LOW_MODEL_RANK,MONITOR,8568,48,124,0.55,3.9,2528.0,0.0
1151,content_181e2491b6cd,client_19581e27de,0.5950964788569306,LOW_PRIORITY_SIGNAL,LOW_MODEL_RANK,MONITOR,9302,26,236,0.12,6.8,2307.0,0.0
1152,content_f3c5e7064d36,client_19581e27de,0.5950022723791835,LOW_PRIORITY_SIGNAL,LOW_MODEL_RANK,MONITOR,5653,25,112,0.42,4.0,2805.0,4.0
1153,content_fbc62b843861,client_9f14025af0,0.5949270865823038,LOW_PRIORITY_SIGNAL,LOW_MODEL_RANK,MONITOR,956,12,298,0.63,67.8,1082.0,8.33
1154,content_9e18a4fbc412,client_349c41201b,0.5946716407937706,LOW_PRIORITY_SIGNAL,LOW_MODEL_RANK,MONITOR,3989,17,126,0.43,10.5,3166.0,0.0
1155,content_c7e958445a41,client_349c41201b,0.5946653722894703,LOW_PRIORITY_SIGNAL,LOW_MODEL_RANK,MONITOR,34693,240,140,0.5,17.3,3862.0,1.67
1156,content_b8285bf9ff88,client_349c41201b,0.5943894602206472,LOW_PRIORITY_SIGNAL,LOW_MODEL_RANK,MONITOR,297,7,95,0.67,14.5,2837.0,0.0
1157,content_760805dfb402,client_0b918943df,0.5939126638075539,LOW_PRIORITY_SIGNAL,LOW_MODEL_RANK,MONITOR,51,20,133,0.0,11.3,4672.0,0.0
1158,content_0c2f28fb607f,client_19581e27de,0.5938740335740483,LOW_PRIORITY_SIGNAL,LOW_MODEL_RANK,MONITOR,1111,7,98,0.27,16.8,2694.0,0.0
1159,content_05880bb1e6cf,client_19581e27de,0.5937169946669909,LOW_PRIORITY_SIGNAL,LOW_MODEL_RANK,MONITOR,3056,12,126,0.36,6.5,3025.0,0.0
1160,content_cc31ce304fff,client_19581e27de,0.5936828525759912,LOW_PRIORITY_SIGNAL,LOW_MODEL_RANK,MONITOR,8873,25,103,0.48,1.8,2861.0,0.0
1161,content_1c46c4e29885,client_349c41201b,0.5933612480147825,LOW_PRIORITY_SIGNAL,LOW_MODEL_RANK,MONITOR,2495,38,126,0.6,4.6,2640.0,5.26
1162,content_0ed351caaae3,client_19581e27de,0.5932571981924123,LOW_PRIORITY_SIGNAL,LOW_MODEL_RANK,MONITOR,285,5,119,1.05,12.4,2900.0,0.0
1163,content_da3d2eeeec18,client_02d20bbd7e,0.5932388385678268,LOW_PRIORITY_SIGNAL,LOW_MODEL_RANK,MONITOR,68,7,138,0.0,8.2,4485.0,0.0
1164,content_1db806060205,client_9f14025af0,0.5931138427204864,LOW_PRIORITY_SIGNAL,LOW_MODEL_RANK,MONITOR,414,2,306,0.24,52.1,949.0,0.0
1165,content_f7fbcd908cba,client_349c41201b,0.5930978093305664,LOW_PRIORITY_SIGNAL,LOW_MODEL_RANK,MONITOR,1364,17,95,0.29,14.6,2800.0,0.0
1166,content_33e06eea82b2,client_19581e27de,0.5928398747359498,LOW_PRIORITY_SIGNAL,LOW_MODEL_RANK,MONITOR,973,8,98,0.41,4.3,2907.0,0.0
1167,content_d56368171517,client_349c41201b,0.5924661825700511,LOW_PRIORITY_SIGNAL,LOW_MODEL_RANK,MONITOR,316,9,95,0.63,21.0,2617.0,0.0
1168,content_6f3297163cca,client_349c41201b,0.5924303373673119,LOW_PRIORITY_SIGNAL,LOW_MODEL_RANK,MONITOR,15397,37,95,0.09,51.0,2960.0,0.0
1169,content_00edf13984b9,client_19581e27de,0.592376652377533,LOW_PRIORITY_SIGNAL,LOW_MODEL_RANK,MONITOR,11730,23,126,0.15,5.8,2938.0,0.0
1170,content_c8923700ccff,client_19581e27de,0.591826335102941,LOW_PRIORITY_SIGNAL,LOW_MODEL_RANK,MONITOR,787,9,126,0.51,6.2,2774.0,11.11
1171,content_bd1cb333af49,client_9f14025af0,0.5915836752416481,LOW_PRIORITY_SIGNAL,LOW_MODEL_RANK,MONITOR,72,3,347,0.0,55.4,1079.0,0.0
1172,content_13b1a0b2b985,client_19581e27de,0.5914646173636542,LOW_PRIORITY_SIGNAL,LOW_MODEL_RANK,MONITOR,2328,13,95,0.39,4.3,3028.0,0.0
1173,content_7a44afc02255,client_349c41201b,0.5911323710191466,LOW_PRIORITY_SIGNAL,LOW_MODEL_RANK,MONITOR,2354,21,124,0.68,4.7,3046.0,0.0
1174,content_e64f06bdeadf,client_19581e27de,0.590714770992394,LOW_PRIORITY_SIGNAL,LOW_MODEL_RANK,MONITOR,13056,49,98,0.29,2.7,3098.0,0.0
1175,content_2a74c30be920,client_19581e27de,0.5905895961972669,LOW_PRIORITY_SIGNAL,LOW_MODEL_RANK,MONITOR,3878,12,95,0.26,14.3,2960.0,0.0
1176,content_3942edf907ad,client_349c41201b,0.5905494742502415,LOW_PRIORITY_SIGNAL,LOW_MODEL_RANK,MONITOR,3466,51,165,0.89,16.1,3319.0,0.0
1177,content_73f5e27bc2e6,client_9f14025af0,0.5904769585000399,LOW_PRIORITY_SIGNAL,LOW_MODEL_RANK,MONITOR,84,1,306,0.0,33.4,1019.0,0.0
1178,content_ae2af765d276,client_349c41201b,0.590458032294508,LOW_PRIORITY_SIGNAL,LOW_MODEL_RANK,MONITOR,129864,1024,140,0.57,5.0,3824.0,0.59
1179,content_58e109f6bfe3,client_349c41201b,0.5901420481896347,LOW_PRIORITY_SIGNAL,LOW_MODEL_RANK,MONITOR,685,8,119,0.44,7.1,3037.0,25.0
1180,content_ced51a941b87,client_19581e27de,0.58999180193215,LOW_PRIORITY_SIGNAL,LOW_MODEL_RANK,MONITOR,902,3,119,0.67,5.0,2450.0,0.0
1181,content_bed041e673cd,client_19581e27de,0.5899633819970748,LOW_PRIORITY_SIGNAL,LOW_MODEL_RANK,MONITOR,734,3,112,0.27,11.6,2936.0,0.0
1182,content_a8f3d2b87123,client_624b60c58c,0.589900169511687,LOW_PRIORITY_SIGNAL,LOW_MODEL_RANK,MONITOR,9,1,98,0.0,8.4,4066.0,0.0
1183,content_32a20e36babb,client_19581e27de,0.5896894912372141,LOW_PRIORITY_SIGNAL,LOW_MODEL_RANK,MONITOR,40267,55,124,0.14,5.0,2901.0,0.0
1184,content_c74b9264564e,client_19581e27de,0.5893828849768549,LOW_PRIORITY_SIGNAL,LOW_MODEL_RANK,MONITOR,2250,10,119,0.4,6.0,2688.0,0.0
1185,content_58c454ab67d7,client_19581e27de,0.5893330188962431,LOW_PRIORITY_SIGNAL,LOW_MODEL_RANK,MONITOR,11580,37,119,0.38,3.6,2838.0,0.0
1186,content_44a7ad643b94,client_349c41201b,0.5892077573000631,LOW_PRIORITY_SIGNAL,LOW_MODEL_RANK,MONITOR,1370,8,126,0.36,17.3,2908.0,12.5
1187,content_593347a6e10e,client_19581e27de,0.5891427796859073,LOW_PRIORITY_SIGNAL,LOW_MODEL_RANK,MONITOR,3882,22,119,0.49,5.7,2702.0,4.55
1188,content_2418bd19d256,client_349c41201b,0.5889409832600286,LOW_PRIORITY_SIGNAL,LOW_MODEL_RANK,MONITOR,25642,65,124,0.13,12.4,3178.0,1.54
1189,content_3138bf421993,client_349c41201b,0.588851032952428,LOW_PRIORITY_SIGNAL,LOW_MODEL_RANK,MONITOR,205,3,111,0.49,8.0,2644.0,0.0
1190,content_e1cc624b887c,client_19581e27de,0.5887501628274378,LOW_PRIORITY_SIGNAL,LOW_MODEL_RANK,MONITOR,1071,5,126,0.37,6.1,2708.0,20.0
1191,content_7a084b564e04,client_19581e27de,0.5886892335437125,LOW_PRIORITY_SIGNAL,LOW_MODEL_RANK,MONITOR,12187,36,95,0.16,8.9,2852.0,0.0
1192,content_495e95c93181,client_02d20bbd7e,0.588644767921443,LOW_PRIORITY_SIGNAL,LOW_MODEL_RANK,MONITOR,235,3,332,1.28,8.3,1565.0,33.33
1193,content_341b9646a9fc,client_349c41201b,0.5883856887929947,LOW_PRIORITY_SIGNAL,LOW_MODEL_RANK,MONITOR,392,5,111,0.26,4.7,2927.0,0.0
1194,content_49fbf0e47577,client_19581e27de,0.5883842475759866,LOW_PRIORITY_SIGNAL,LOW_MODEL_RANK,MONITOR,2975,15,124,0.44,7.6,3017.0,0.0
1195,content_5acc3278e6b7,client_349c41201b,0.5883716648378282,LOW_PRIORITY_SIGNAL,LOW_MODEL_RANK,MONITOR,789,10,95,0.25,15.4,2926.0,0.0
1196,content_4182853d792c,client_349c41201b,0.5882887130957726,LOW_PRIORITY_SIGNAL,LOW_MODEL_RANK,MONITOR,3114,37,154,0.51,11.2,3746.0,2.7
1197,content_b156bec57b55,client_349c41201b,0.588248680565534,LOW_PRIORITY_SIGNAL,LOW_MODEL_RANK,MONITOR,951,9,104,0.32,18.8,2664.0,0.0
1198,content_fca9eef943b5,client_19581e27de,0.5882004867324329,LOW_PRIORITY_SIGNAL,LOW_MODEL_RANK,MONITOR,4713,19,119,0.62,2.7,3335.0,5.26
1199,content_9e447682d4f2,client_19581e27de,0.5881863659309993,LOW_PRIORITY_SIGNAL,LOW_MODEL_RANK,MONITOR,2884,9,119,0.28,5.6,2894.0,11.11
1200,content_0633538ecd4d,client_349c41201b,0.5881203226360312,LOW_PRIORITY_SIGNAL,LOW_MODEL_RANK,MONITOR,559,5,95,0.72,12.8,2742.0,0.0
1201,content_c634a8e65ac9,client_19581e27de,0.5876866780460546,LOW_PRIORITY_SIGNAL,LOW_MODEL_RANK,MONITOR,3070,10,126,0.23,10.0,3003.0,20.0
1202,content_e41fbd65dd01,client_349c41201b,0.5872035554333194,LOW_PRIORITY_SIGNAL,LOW_MODEL_RANK,MONITOR,3952,36,95,0.35,8.5,2711.0,0.0
1203,content_64bc62ceef57,client_19581e27de,0.5870970058692242,LOW_PRIORITY_SIGNAL,LOW_MODEL_RANK,MONITOR,327,1,112,0.31,13.1,2853.0,0.0
1204,content_ea2a4cd53fce,client_349c41201b,0.5863169645036606,LOW_PRIORITY_SIGNAL,LOW_MODEL_RANK,MONITOR,426,1,104,0.23,6.7,3013.0,0.0
1205,content_49916ee0d883,client_9f14025af0,0.5861991253692796,LOW_PRIORITY_SIGNAL,LOW_MODEL_RANK,MONITOR,160,2,347,0.0,61.1,1006.0,0.0
1206,content_8d776a9af562,client_624b60c58c,0.5861388064731098,LOW_PRIORITY_SIGNAL,LOW_MODEL_RANK,MONITOR,778,14,319,1.67,3.2,6115.0,0.0
1207,content_c97f35707e0d,client_349c41201b,0.5859541616900625,LOW_PRIORITY_SIGNAL,LOW_MODEL_RANK,MONITOR,16865,90,144,0.21,7.0,4046.0,4.44
1208,content_1cc3058e119b,client_349c41201b,0.5859131717450508,LOW_PRIORITY_SIGNAL,LOW_MODEL_RANK,MONITOR,2353,20,124,0.51,7.7,3066.0,5.0
1209,content_decc5c95ff60,client_19581e27de,0.585848762812085,LOW_PRIORITY_SIGNAL,LOW_MODEL_RANK,MONITOR,5873,50,313,0.1,9.2,2839.0,4.0
1210,content_5fbac34e211b,client_19581e27de,0.5858221529932234,LOW_PRIORITY_SIGNAL,LOW_MODEL_RANK,MONITOR,384,2,98,0.26,8.6,2932.0,50.0
1211,content_69091cb44da3,client_624b60c58c,0.5857067584598379,LOW_PRIORITY_SIGNAL,LOW_MODEL_RANK,MONITOR,54,4,285,3.7,6.5,3129.0,0.0
1212,content_75bb8975f7f7,client_349c41201b,0.5855076878681514,LOW_PRIORITY_SIGNAL,LOW_MODEL_RANK,MONITOR,673,9,118,0.59,10.8,2786.0,0.0
1213,content_f8b26dc428d8,client_349c41201b,0.585352810424132,LOW_PRIORITY_SIGNAL,LOW_MODEL_RANK,MONITOR,4120,41,148,0.46,10.3,5508.0,0.0
1214,content_1e48d0d4a812,client_349c41201b,0.5853009563956922,LOW_PRIORITY_SIGNAL,LOW_MODEL_RANK,MONITOR,2514,17,119,0.4,9.0,2900.0,0.0
1215,content_2624d6750c97,client_349c41201b,0.585123027150639,LOW_PRIORITY_SIGNAL,LOW_MODEL_RANK,MONITOR,6283,46,168,0.6,5.1,3894.0,4.35
1216,content_7cc35d41262e,client_349c41201b,0.5849939160923977,LOW_PRIORITY_SIGNAL,LOW_MODEL_RANK,MONITOR,2531,16,126,0.51,5.4,3127.0,0.0
1217,content_f34e2388fbfd,client_19581e27de,0.5849828824149397,LOW_PRIORITY_SIGNAL,LOW_MODEL_RANK,MONITOR,1145,11,91,0.44,8.2,2767.0,18.18
1218,content_fb6bc90074ef,client_349c41201b,0.5848587176614708,LOW_PRIORITY_SIGNAL,LOW_MODEL_RANK,MONITOR,3644,31,104,0.19,14.7,3338.0,3.23
1219,content_e496b9b5c576,client_349c41201b,0.5846328729624498,LOW_PRIORITY_SIGNAL,LOW_MODEL_RANK,MONITOR,6699,39,119,0.27,19.6,3145.0,0.0
1220,content_4a0a33e23536,client_19581e27de,0.5842435232474197,LOW_PRIORITY_SIGNAL,LOW_MODEL_RANK,MONITOR,18897,36,112,0.14,6.9,2718.0,0.0
1221,content_d33d9ae60541,client_349c41201b,0.5841944289013145,LOW_PRIORITY_SIGNAL,LOW_MODEL_RANK,MONITOR,828,10,119,0.6,6.6,3191.0,0.0
1222,content_0c7d9d7ff50f,client_349c41201b,0.5840603192339147,LOW_PRIORITY_SIGNAL,LOW_MODEL_RANK,MONITOR,30264,154,95,0.17,35.5,3101.0,1.3
1223,content_297a6ebb6395,client_349c41201b,0.5840489138457707,LOW_PRIORITY_SIGNAL,LOW_MODEL_RANK,MONITOR,2431,17,144,0.49,14.7,4599.0,0.0
1224,content_934a2152f961,client_19581e27de,0.5837200734404762,LOW_PRIORITY_SIGNAL,LOW_MODEL_RANK,MONITOR,2034,8,103,0.29,8.0,2724.0,0.0
1225,content_510a85d01661,client_19581e27de,0.5836685777699584,LOW_PRIORITY_SIGNAL,LOW_MODEL_RANK,MONITOR,25896,53,124,0.23,2.9,2865.0,0.0
1226,content_530fd2db8b48,client_19581e27de,0.5835921435986005,LOW_PRIORITY_SIGNAL,LOW_MODEL_RANK,MONITOR,344,1,112,0.29,18.7,2814.0,0.0
1227,content_34fcb24f2beb,client_19581e27de,0.5834839595163352,LOW_PRIORITY_SIGNAL,LOW_MODEL_RANK,MONITOR,8603,25,124,0.15,4.8,2832.0,8.0
1228,content_68c84919f30e,client_19581e27de,0.5833764770278178,LOW_PRIORITY_SIGNAL,LOW_MODEL_RANK,MONITOR,16467,21,112,0.12,5.9,3092.0,4.76
1229,content_3c762de65d88,client_19581e27de,0.5833728260977769,LOW_PRIORITY_SIGNAL,LOW_MODEL_RANK,MONITOR,1114,6,119,0.45,6.8,3259.0,0.0
1230,content_7e15c7080f38,client_19581e27de,0.5832483036527979,LOW_PRIORITY_SIGNAL,LOW_MODEL_RANK,MONITOR,6207,47,95,0.26,8.9,2771.0,0.0
1231,content_b3c8c892936e,client_19581e27de,0.5830694789415114,LOW_PRIORITY_SIGNAL,LOW_MODEL_RANK,MONITOR,9454,27,124,0.2,5.5,2838.0,0.0
1232,content_4c98b5282353,client_349c41201b,0.5830425683799346,LOW_PRIORITY_SIGNAL,LOW_MODEL_RANK,MONITOR,16767,70,95,0.27,12.9,2903.0,2.86
1233,content_e939efba0dd6,client_624b60c58c,0.5829431065381279,LOW_PRIORITY_SIGNAL,LOW_MODEL_RANK,MONITOR,48,7,315,0.0,17.4,4916.0,0.0
1234,content_0a886c211bb7,client_349c41201b,0.582894481673711,LOW_PRIORITY_SIGNAL,LOW_MODEL_RANK,MONITOR,4726,47,165,0.66,5.0,3442.0,0.0
1235,content_570bd3b00591,client_349c41201b,0.5828555988013789,LOW_PRIORITY_SIGNAL,LOW_MODEL_RANK,MONITOR,2588,34,95,0.46,11.1,2787.0,0.0
1236,content_ed89f41591d8,client_19581e27de,0.5827492679713517,LOW_PRIORITY_SIGNAL,LOW_MODEL_RANK,MONITOR,1876,14,103,0.75,3.5,3107.0,7.14
1237,content_3be30a2d552e,client_19581e27de,0.5826801942223634,LOW_PRIORITY_SIGNAL,LOW_MODEL_RANK,MONITOR,4959,26,112,0.42,3.9,2729.0,0.0
1238,content_2b18876b84ec,client_349c41201b,0.5826744617635309,LOW_PRIORITY_SIGNAL,LOW_MODEL_RANK,MONITOR,3279,43,95,0.52,8.9,2730.0,4.65
1239,content_fce546e7dc47,client_19581e27de,0.5826156723185929,LOW_PRIORITY_SIGNAL,LOW_MODEL_RANK,MONITOR,4936,36,98,0.24,6.5,2651.0,0.0
1240,content_fe7cb107e619,client_624b60c58c,0.5825550478736945,LOW_PRIORITY_SIGNAL,LOW_MODEL_RANK,MONITOR,56,1,125,0.0,14.5,3775.0,0.0
1241,content_26561566acb3,client_19581e27de,0.5825326553867707,LOW_PRIORITY_SIGNAL,LOW_MODEL_RANK,MONITOR,1475,15,95,0.47,3.8,3094.0,0.0
1242,content_9a70afa53b8c,client_349c41201b,0.5825293937241708,LOW_PRIORITY_SIGNAL,LOW_MODEL_RANK,MONITOR,14875,82,124,0.11,10.2,2538.0,2.44
1243,content_24d0ba6e22fb,client_19581e27de,0.5820906669435078,LOW_PRIORITY_SIGNAL,LOW_MODEL_RANK,MONITOR,948,5,98,0.32,8.8,3039.0,0.0
1244,content_3fc76c6f83bf,client_19581e27de,0.5817396791442117,LOW_PRIORITY_SIGNAL,LOW_MODEL_RANK,MONITOR,29869,30,112,0.17,3.5,3007.0,0.0
1245,content_558ba099dc81,client_19581e27de,0.5812558688884714,LOW_PRIORITY_SIGNAL,LOW_MODEL_RANK,MONITOR,2794,17,95,0.25,6.1,2930.0,23.53
1246,content_24876b1073c7,client_19581e27de,0.5811059492419105,LOW_PRIORITY_SIGNAL,LOW_MODEL_RANK,MONITOR,1845,11,112,0.33,4.0,3228.0,9.09
1247,content_15932f56c174,client_19581e27de,0.581086554165964,LOW_PRIORITY_SIGNAL,LOW_MODEL_RANK,MONITOR,46338,29,124,0.06,7.1,3084.0,6.9
1248,content_1cc8ee72d982,client_349c41201b,0.5809845831185582,LOW_PRIORITY_SIGNAL,LOW_MODEL_RANK,MONITOR,1135,8,118,0.26,19.1,3165.0,0.0
1249,content_052be7a8b69d,client_349c41201b,0.5809038350488797,LOW_PRIORITY_SIGNAL,LOW_MODEL_RANK,MONITOR,12634,58,95,0.15,6.7,3248.0,0.0
1250,content_89e84d699e9e,client_349c41201b,0.5805749162127974,LOW_PRIORITY_SIGNAL,LOW_MODEL_RANK,MONITOR,275226,2554,154,0.89,4.8,3480.0,0.7
1251,content_49cf33d1fef2,client_19581e27de,0.5803995827943038,LOW_PRIORITY_SIGNAL,LOW_MODEL_RANK,MONITOR,7559,19,98,0.2,8.0,2876.0,0.0
1252,content_e9596abdf1ea,client_19581e27de,0.5803064119993313,LOW_PRIORITY_SIGNAL,LOW_MODEL_RANK,MONITOR,3945,18,112,0.46,5.0,2875.0,11.11
1253,content_784b419afffe,client_349c41201b,0.5801660993498532,LOW_PRIORITY_SIGNAL,LOW_MODEL_RANK,MONITOR,64431,390,148,0.33,7.3,4092.0,0.51
1254,content_38252e54b185,client_349c41201b,0.5798581523933841,LOW_PRIORITY_SIGNAL,LOW_MODEL_RANK,MONITOR,4440,18,154,0.27,45.0,3852.0,0.0
1255,content_c0ff0e5b5c2f,client_349c41201b,0.5790982421715853,LOW_PRIORITY_SIGNAL,LOW_MODEL_RANK,MONITOR,6062,44,144,0.45,7.4,3556.0,0.0
1256,content_465a6c203fe8,client_0b918943df,0.5790335100730838,LOW_PRIORITY_SIGNAL,LOW_MODEL_RANK,MONITOR,38,9,132,0.0,10.8,3721.0,0.0
1257,content_38d9e5df50d8,client_9f14025af0,0.5788906142487064,LOW_PRIORITY_SIGNAL,LOW_MODEL_RANK,MONITOR,69,1,306,0.0,63.4,1068.0,0.0
1258,content_894a193503d8,client_19581e27de,0.5788612700953755,LOW_PRIORITY_SIGNAL,LOW_MODEL_RANK,MONITOR,3765,9,103,0.27,5.3,2644.0,0.0
1259,content_6567ad5b0db3,client_349c41201b,0.5786437016114119,LOW_PRIORITY_SIGNAL,LOW_MODEL_RANK,MONITOR,50620,158,104,0.26,22.3,3045.0,0.0
1260,content_7a6df559322d,client_19581e27de,0.5780968428377462,LOW_PRIORITY_SIGNAL,LOW_MODEL_RANK,MONITOR,43650,69,126,0.14,0.7,2946.0,11.59
1261,content_03d484e4ad6d,client_624b60c58c,0.5780910214773946,LOW_PRIORITY_SIGNAL,LOW_MODEL_RANK,MONITOR,10,2,101,0.0,4.6,3876.0,0.0
1262,content_517572238af8,client_19581e27de,0.5780463802962362,LOW_PRIORITY_SIGNAL,LOW_MODEL_RANK,MONITOR,4333,65,236,0.72,9.5,2746.0,0.0
1263,content_b197ded6ab8c,client_349c41201b,0.5779815767011304,LOW_PRIORITY_SIGNAL,LOW_MODEL_RANK,MONITOR,4176,39,154,0.65,11.3,5854.0,0.0
1264,content_a50e3e16761d,client_e629fa6598,0.5776461393319391,LOW_PRIORITY_SIGNAL,LOW_MODEL_RANK,MONITOR,429,1,358,0.23,57.9,1286.0,0.0
1265,content_fd2b23fc36a0,client_19581e27de,0.5775067789977373,LOW_PRIORITY_SIGNAL,LOW_MODEL_RANK,MONITOR,3439,18,126,0.84,5.7,3209.0,5.56
1266,content_126594d849b9,client_349c41201b,0.5774711960243979,LOW_PRIORITY_SIGNAL,LOW_MODEL_RANK,MONITOR,6374,54,104,0.66,17.8,2724.0,1.85
1267,content_b3428bfc0d20,client_19581e27de,0.5773449638013392,LOW_PRIORITY_SIGNAL,LOW_MODEL_RANK,MONITOR,10402,44,126,0.5,4.1,3051.0,0.0
1268,content_db3f735cc55c,client_624b60c58c,0.5772182238292224,LOW_PRIORITY_SIGNAL,LOW_MODEL_RANK,MONITOR,57,2,316,0.0,6.6,4150.0,0.0
1269,content_0301c22d8c59,client_349c41201b,0.577041851965625,LOW_PRIORITY_SIGNAL,LOW_MODEL_RANK,MONITOR,5964,49,144,0.52,5.0,6344.0,0.0
1270,content_a7501b8ba0e1,client_19581e27de,0.5770182229338672,LOW_PRIORITY_SIGNAL,LOW_MODEL_RANK,MONITOR,31393,97,139,0.2,3.9,3727.0,5.15
1271,content_1f7cbf8e828c,client_19581e27de,0.5770126500703358,LOW_PRIORITY_SIGNAL,LOW_MODEL_RANK,MONITOR,14796,26,124,0.22,3.7,3103.0,7.69
1272,content_3169fe20268e,client_349c41201b,0.5768736254542534,LOW_PRIORITY_SIGNAL,LOW_MODEL_RANK,MONITOR,4255,21,119,0.28,12.0,2719.0,9.52
1273,content_428018a7d0b0,client_9f14025af0,0.5768612865104008,LOW_PRIORITY_SIGNAL,LOW_MODEL_RANK,MONITOR,200,1,306,0.0,65.0,814.0,0.0
1274,content_63ec9c633e71,client_19581e27de,0.5767690783805803,LOW_PRIORITY_SIGNAL,LOW_MODEL_RANK,MONITOR,2416,20,119,0.25,5.7,2986.0,5.0
1275,content_04f21d956d8b,client_9f14025af0,0.5767651949950668,LOW_PRIORITY_SIGNAL,LOW_MODEL_RANK,MONITOR,42,1,306,0.0,52.2,1041.0,0.0
1276,content_ea7cea4a8fd9,client_349c41201b,0.5767543629927436,LOW_PRIORITY_SIGNAL,LOW_MODEL_RANK,MONITOR,169602,1169,144,0.57,5.4,5179.0,0.6
1277,content_825b0794d188,client_02d20bbd7e,0.5765754973694953,LOW_PRIORITY_SIGNAL,LOW_MODEL_RANK,MONITOR,49,2,332,0.0,7.6,1827.0,0.0
1278,content_cb201ff40ebd,client_624b60c58c,0.576513642733096,LOW_PRIORITY_SIGNAL,LOW_MODEL_RANK,MONITOR,59,6,335,0.0,9.8,1440.0,0.0
1279,content_7e1038d89e1b,client_19581e27de,0.5759862163723287,LOW_PRIORITY_SIGNAL,LOW_MODEL_RANK,MONITOR,3900,32,95,0.28,5.3,2639.0,3.13
1280,content_4e7e99e70640,client_19581e27de,0.5756479840109174,LOW_PRIORITY_SIGNAL,LOW_MODEL_RANK,MONITOR,8266,42,91,0.41,12.8,2779.0,2.38
1281,content_24d5447f3b33,client_19581e27de,0.5753636217074889,LOW_PRIORITY_SIGNAL,LOW_MODEL_RANK,MONITOR,670,3,95,0.3,10.9,3133.0,0.0
1282,content_dab24aa5e0df,client_19581e27de,0.5753616850649059,LOW_PRIORITY_SIGNAL,LOW_MODEL_RANK,MONITOR,5085,15,124,0.24,4.8,3135.0,6.67
1283,content_7fffa0b49de6,client_19581e27de,0.5751405881277779,LOW_PRIORITY_SIGNAL,LOW_MODEL_RANK,MONITOR,25043,28,98,0.1,6.6,3037.0,0.0
1284,content_6af5ad0667df,client_19581e27de,0.5750580008769984,LOW_PRIORITY_SIGNAL,LOW_MODEL_RANK,MONITOR,3743,10,119,0.27,7.1,2846.0,10.0
1285,content_16110ff3cfc9,client_349c41201b,0.5750194137898643,LOW_PRIORITY_SIGNAL,LOW_MODEL_RANK,MONITOR,450,17,124,1.11,14.4,2960.0,0.0
1286,content_26b676859477,client_19581e27de,0.5749754078960683,LOW_PRIORITY_SIGNAL,LOW_MODEL_RANK,MONITOR,2923,12,103,0.21,7.7,2573.0,8.33
1287,content_324c2c767944,client_349c41201b,0.5748800013179582,LOW_PRIORITY_SIGNAL,LOW_MODEL_RANK,MONITOR,700,7,154,0.29,41.9,4677.0,0.0
1288,content_cd919393fd57,client_19581e27de,0.5746869852768842,LOW_PRIORITY_SIGNAL,LOW_MODEL_RANK,MONITOR,928,2,95,0.32,11.8,2984.0,0.0
1289,content_b228c70bc34b,client_19581e27de,0.5744985053691515,LOW_PRIORITY_SIGNAL,LOW_MODEL_RANK,MONITOR,2910,15,126,0.38,4.7,3232.0,6.67
1290,content_9115c60a5526,client_349c41201b,0.5744241598080008,LOW_PRIORITY_SIGNAL,LOW_MODEL_RANK,MONITOR,4600,25,118,0.41,9.2,2950.0,4.0
1291,content_dac38e92e830,client_19581e27de,0.5742613646441856,LOW_PRIORITY_SIGNAL,LOW_MODEL_RANK,MONITOR,1309,5,95,0.38,5.9,2940.0,0.0
1292,content_43dafa0d1f03,client_624b60c58c,0.5741955511718567,LOW_PRIORITY_SIGNAL,LOW_MODEL_RANK,MONITOR,74,1,108,0.0,7.3,3805.0,0.0
1293,content_ad68451153b6,client_349c41201b,0.5739618287647941,LOW_PRIORITY_SIGNAL,LOW_MODEL_RANK,MONITOR,3387,48,148,0.59,7.0,6615.0,2.08
1294,content_24b4f0f9a260,client_349c41201b,0.5737615692858956,LOW_PRIORITY_SIGNAL,LOW_MODEL_RANK,MONITOR,3628,37,168,0.58,5.7,4429.0,8.11
1295,content_52790bf4dec2,client_19581e27de,0.5737277109091848,LOW_PRIORITY_SIGNAL,LOW_MODEL_RANK,MONITOR,12405,54,91,0.15,5.0,2726.0,3.7
1296,content_ef8e74f61d3e,client_19581e27de,0.5736304643106651,LOW_PRIORITY_SIGNAL,LOW_MODEL_RANK,MONITOR,304,1,98,0.33,7.2,3049.0,0.0
1297,content_5b77967e209e,client_349c41201b,0.5735581798234374,LOW_PRIORITY_SIGNAL,LOW_MODEL_RANK,MONITOR,19920,134,167,0.51,2.8,3830.0,0.0
1298,content_7aedc3ead7bc,client_19581e27de,0.5735336112435551,LOW_PRIORITY_SIGNAL,LOW_MODEL_RANK,MONITOR,1166,6,103,0.43,6.3,2830.0,0.0
1299,content_d0b2b5a0ef58,client_19581e27de,0.5734104568978357,LOW_PRIORITY_SIGNAL,LOW_MODEL_RANK,MONITOR,6303,27,236,0.24,7.3,3095.0,0.0
1300,content_b3a34837d536,client_e629fa6598,0.5731534500017651,LOW_PRIORITY_SIGNAL,LOW_MODEL_RANK,MONITOR,492,1,358,0.0,20.5,1337.0,0.0
1301,content_3194767aa6eb,client_19581e27de,0.5730701577460146,LOW_PRIORITY_SIGNAL,LOW_MODEL_RANK,MONITOR,2456,12,103,0.49,5.7,2875.0,8.33
1302,content_2753014cfdda,client_19581e27de,0.5729426947123347,LOW_PRIORITY_SIGNAL,LOW_MODEL_RANK,MONITOR,7701,17,124,0.17,5.0,2685.0,5.88
1303,content_b26898a7cb67,client_19581e27de,0.572638321122791,LOW_PRIORITY_SIGNAL,LOW_MODEL_RANK,MONITOR,606,1,112,0.33,13.3,3082.0,0.0
1304,content_9c1ccf220046,client_349c41201b,0.5724984549709362,LOW_PRIORITY_SIGNAL,LOW_MODEL_RANK,MONITOR,3055,30,148,0.62,7.0,4249.0,6.67
1305,content_38c24326bfaf,client_349c41201b,0.5724087538465468,LOW_PRIORITY_SIGNAL,LOW_MODEL_RANK,MONITOR,560,9,95,0.71,23.3,2629.0,0.0
1306,content_3e7893eabb81,client_e629fa6598,0.5723183355203859,LOW_PRIORITY_SIGNAL,LOW_MODEL_RANK,MONITOR,74,3,358,0.0,9.1,1813.0,0.0
1307,content_9992603441ba,client_19581e27de,0.572217593493634,LOW_PRIORITY_SIGNAL,LOW_MODEL_RANK,MONITOR,8624,28,313,0.09,6.8,2276.0,3.57
1308,content_a6d1c806c145,client_349c41201b,0.5721629657658088,LOW_PRIORITY_SIGNAL,LOW_MODEL_RANK,MONITOR,66,2,168,0.0,13.2,2700.0,0.0
1309,content_79d64a8d8c8c,client_19581e27de,0.571901560489819,LOW_PRIORITY_SIGNAL,LOW_MODEL_RANK,MONITOR,16094,43,124,0.41,2.0,3030.0,0.0
1310,content_ee283b81195e,client_349c41201b,0.571661798856689,LOW_PRIORITY_SIGNAL,LOW_MODEL_RANK,MONITOR,5461,31,119,0.42,11.1,2829.0,0.0
1311,content_05b3cf6119c2,client_19581e27de,0.5715589117885606,LOW_PRIORITY_SIGNAL,LOW_MODEL_RANK,MONITOR,32019,75,124,0.19,3.1,2998.0,0.0
1312,content_97566ecc18cf,client_19581e27de,0.5713891958798069,LOW_PRIORITY_SIGNAL,LOW_MODEL_RANK,MONITOR,9896,29,103,0.12,6.1,3487.0,3.45
1313,content_fada223d2e8d,client_19581e27de,0.5711436616200399,LOW_PRIORITY_SIGNAL,LOW_MODEL_RANK,MONITOR,7950,29,313,0.1,9.3,2785.0,3.45
1314,content_1b46f6ef7ef9,client_19581e27de,0.5709920336409753,LOW_PRIORITY_SIGNAL,LOW_MODEL_RANK,MONITOR,13450,32,257,0.08,8.0,2568.0,3.13
1315,content_e4909f5dc6f6,client_349c41201b,0.5707936859702385,LOW_PRIORITY_SIGNAL,LOW_MODEL_RANK,MONITOR,1200,20,95,0.58,6.0,2692.0,0.0
1316,content_3ba00ff6238e,client_19581e27de,0.5707460073444526,LOW_PRIORITY_SIGNAL,LOW_MODEL_RANK,MONITOR,867,2,95,0.35,6.5,3014.0,0.0
1317,content_0d7ef1fcaba8,client_349c41201b,0.5706689969311846,LOW_PRIORITY_SIGNAL,LOW_MODEL_RANK,MONITOR,4140,14,111,0.24,12.2,3025.0,7.14
1318,content_30834c829af8,client_349c41201b,0.5705529457211505,LOW_PRIORITY_SIGNAL,LOW_MODEL_RANK,MONITOR,643,13,119,0.62,22.7,3231.0,0.0
1319,content_dc2ff5572b43,client_19581e27de,0.5705117806407931,LOW_PRIORITY_SIGNAL,LOW_MODEL_RANK,MONITOR,987,5,98,0.41,14.5,2893.0,0.0
1320,content_adaddea624fd,client_19581e27de,0.5704336765574237,LOW_PRIORITY_SIGNAL,LOW_MODEL_RANK,MONITOR,896,8,95,0.45,6.3,3006.0,0.0
1321,content_f64da48dd526,client_19581e27de,0.5697275022479238,LOW_PRIORITY_SIGNAL,LOW_MODEL_RANK,MONITOR,5891,20,124,0.34,5.6,2594.0,0.0
1322,content_79d77e26cf13,client_624b60c58c,0.5697130102846486,LOW_PRIORITY_SIGNAL,LOW_MODEL_RANK,MONITOR,34,3,329,0.0,7.6,1251.0,0.0
1323,content_0141c6afea31,client_349c41201b,0.5695021139353982,LOW_PRIORITY_SIGNAL,LOW_MODEL_RANK,MONITOR,65,1,126,0.0,14.2,3011.0,0.0
1324,content_fd332a9cbd0d,client_19581e27de,0.5694729389012045,LOW_PRIORITY_SIGNAL,LOW_MODEL_RANK,MONITOR,4894,20,112,0.31,3.7,3224.0,5.0
1325,content_bacefec5a708,client_349c41201b,0.5694330097353261,LOW_PRIORITY_SIGNAL,LOW_MODEL_RANK,MONITOR,5072,32,119,0.28,22.5,3246.0,0.0
1326,content_7f18abf56b66,client_9f14025af0,0.5692913480771785,LOW_PRIORITY_SIGNAL,LOW_MODEL_RANK,MONITOR,45,1,347,2.22,26.2,1166.0,0.0
1327,content_61d3d6bec2e8,client_349c41201b,0.5692431138403579,LOW_PRIORITY_SIGNAL,LOW_MODEL_RANK,MONITOR,572,8,95,0.35,23.4,2746.0,0.0
1328,content_cebcc9693b46,client_624b60c58c,0.568969197611677,LOW_PRIORITY_SIGNAL,LOW_MODEL_RANK,MONITOR,72,2,127,0.0,6.2,3875.0,0.0
1329,content_3c45487ea38c,client_19581e27de,0.568924793648832,LOW_PRIORITY_SIGNAL,LOW_MODEL_RANK,MONITOR,1319,9,103,0.61,8.0,2895.0,22.22
1330,content_660c6aba2a25,client_624b60c58c,0.5688994389558154,LOW_PRIORITY_SIGNAL,LOW_MODEL_RANK,MONITOR,77,1,356,0.0,9.6,1698.0,0.0
1331,content_899b770864ac,client_349c41201b,0.5688064717789559,LOW_PRIORITY_SIGNAL,LOW_MODEL_RANK,MONITOR,1990,17,140,0.1,49.9,3510.0,0.0
1332,content_1d5653c73d6d,client_349c41201b,0.5687862309848836,LOW_PRIORITY_SIGNAL,LOW_MODEL_RANK,MONITOR,12506,106,140,0.22,11.6,4111.0,2.83
1333,content_7c8d47858d8d,client_624b60c58c,0.5685088425175082,LOW_PRIORITY_SIGNAL,LOW_MODEL_RANK,MONITOR,29,3,123,0.0,8.0,4813.0,0.0
1334,content_7f0388e1b808,client_349c41201b,0.568215812979568,LOW_PRIORITY_SIGNAL,LOW_MODEL_RANK,MONITOR,9699,79,168,0.34,11.0,3639.0,2.53
1335,content_00418b80027e,client_19581e27de,0.5681845812814231,LOW_PRIORITY_SIGNAL,LOW_MODEL_RANK,MONITOR,1550,11,95,0.26,8.5,3064.0,9.09
1336,content_85284765e1bc,client_349c41201b,0.567975263117764,LOW_PRIORITY_SIGNAL,LOW_MODEL_RANK,MONITOR,302,4,95,0.33,12.7,3101.0,0.0
1337,content_2105b32488af,client_9f14025af0,0.5679510449096172,LOW_PRIORITY_SIGNAL,LOW_MODEL_RANK,MONITOR,290,1,347,0.34,58.6,1350.0,0.0
1338,content_1d8ef3a0cb04,client_19581e27de,0.5677066552490795,LOW_PRIORITY_SIGNAL,LOW_MODEL_RANK,MONITOR,5628,97,124,0.09,7.3,2828.0,5.15
1339,content_7b07207412f8,client_349c41201b,0.567661068577615,LOW_PRIORITY_SIGNAL,LOW_MODEL_RANK,MONITOR,2463,17,119,0.49,5.8,2985.0,0.0
1340,content_48abb3b2448d,client_9f14025af0,0.5672757658570092,LOW_PRIORITY_SIGNAL,LOW_MODEL_RANK,MONITOR,27,1,335,0.0,5.4,1138.0,0.0
1341,content_0ed174e5c4d3,client_19581e27de,0.567174161102755,LOW_PRIORITY_SIGNAL,LOW_MODEL_RANK,MONITOR,3136,14,112,0.29,5.8,2879.0,0.0
1342,content_4201b5c995a1,client_19581e27de,0.5671527875819475,LOW_PRIORITY_SIGNAL,LOW_MODEL_RANK,MONITOR,10100,21,126,0.14,5.4,3246.0,4.76
1343,content_ff43fb1a3b6e,client_349c41201b,0.5666713715870995,LOW_PRIORITY_SIGNAL,LOW_MODEL_RANK,MONITOR,2197,15,104,0.55,14.9,2749.0,13.33
1344,content_c7a36ceaa45f,client_624b60c58c,0.5666183605697824,LOW_PRIORITY_SIGNAL,LOW_MODEL_RANK,MONITOR,73,5,292,0.0,10.7,4957.0,0.0
1345,content_d70867535282,client_e629fa6598,0.566425035645211,LOW_PRIORITY_SIGNAL,LOW_MODEL_RANK,MONITOR,207,5,358,0.0,41.0,1238.0,0.0
1346,content_8d69522bbbd5,client_349c41201b,0.5659657431635225,LOW_PRIORITY_SIGNAL,LOW_MODEL_RANK,MONITOR,3871,22,126,0.26,38.8,3056.0,9.09
1347,content_45c8b6e148b8,client_19581e27de,0.5658209429189428,LOW_PRIORITY_SIGNAL,LOW_MODEL_RANK,MONITOR,920,3,103,0.33,6.7,2978.0,0.0
1348,content_d4d87e4dad20,client_19581e27de,0.5656649509967971,LOW_PRIORITY_SIGNAL,LOW_MODEL_RANK,MONITOR,596,6,98,0.67,10.7,2704.0,0.0
1349,content_49397d7b56dd,client_19581e27de,0.5655833907984353,LOW_PRIORITY_SIGNAL,LOW_MODEL_RANK,MONITOR,36,1,139,0.0,5.4,3100.0,0.0
1350,content_bd765ab754cf,client_349c41201b,0.5655530388982178,LOW_PRIORITY_SIGNAL,LOW_MODEL_RANK,MONITOR,71283,237,168,0.08,17.2,4650.0,1.27
1351,content_0d1801293778,client_624b60c58c,0.5654653851130236,LOW_PRIORITY_SIGNAL,LOW_MODEL_RANK,MONITOR,545,3,356,0.37,7.1,1954.0,0.0
1352,content_bf57a6284e77,client_19581e27de,0.5652887303954413,LOW_PRIORITY_SIGNAL,LOW_MODEL_RANK,MONITOR,383,225,139,0.26,24.0,3334.0,1.78
1353,content_88396c461aaa,client_349c41201b,0.565241516096755,LOW_PRIORITY_SIGNAL,LOW_MODEL_RANK,MONITOR,584,4,104,0.34,13.8,2686.0,0.0
1354,content_2fae467f7164,client_349c41201b,0.5651921708901088,LOW_PRIORITY_SIGNAL,LOW_MODEL_RANK,MONITOR,5355,40,119,0.43,10.8,2547.0,5.0
1355,content_10b15d1a5d6a,client_19581e27de,0.5648228538731278,LOW_PRIORITY_SIGNAL,LOW_MODEL_RANK,MONITOR,2672,18,103,0.64,6.4,2850.0,11.11
1356,content_f5812efb77c7,client_19581e27de,0.5648170308888576,LOW_PRIORITY_SIGNAL,LOW_MODEL_RANK,MONITOR,6238,30,236,0.21,11.5,2537.0,3.33
1357,content_e774a5e66c20,client_349c41201b,0.5644222832115242,LOW_PRIORITY_SIGNAL,LOW_MODEL_RANK,MONITOR,8469,25,104,0.24,8.5,2991.0,0.0
1358,content_ebb2cca6ac3d,client_9f14025af0,0.5643678317067533,LOW_PRIORITY_SIGNAL,LOW_MODEL_RANK,MONITOR,117,1,306,0.0,57.0,851.0,0.0
1359,content_6f9b2217d46c,client_349c41201b,0.5639595951949667,LOW_PRIORITY_SIGNAL,LOW_MODEL_RANK,MONITOR,530,11,104,0.57,12.4,2865.0,0.0
1360,content_237e91e73901,client_19581e27de,0.5639265751552849,LOW_PRIORITY_SIGNAL,LOW_MODEL_RANK,MONITOR,329,6,98,0.3,23.0,2710.0,0.0
1361,content_f4c0fbb953d4,client_349c41201b,0.5635489408910808,LOW_PRIORITY_SIGNAL,LOW_MODEL_RANK,MONITOR,7628,39,119,0.46,17.7,2925.0,0.0
1362,content_8cc28270881d,client_19581e27de,0.5635149458188397,LOW_PRIORITY_SIGNAL,LOW_MODEL_RANK,MONITOR,614,7,98,0.65,6.4,2600.0,0.0
1363,content_5d1d22f8dbdf,client_349c41201b,0.5633008423646083,LOW_PRIORITY_SIGNAL,LOW_MODEL_RANK,MONITOR,1978,35,124,0.66,6.4,2957.0,0.0
1364,content_64e13336badd,client_349c41201b,0.5632632011077243,LOW_PRIORITY_SIGNAL,LOW_MODEL_RANK,MONITOR,20346,70,126,0.29,3.8,3112.0,0.0
1365,content_f4537c2b9541,client_19581e27de,0.5631044658036792,LOW_PRIORITY_SIGNAL,LOW_MODEL_RANK,MONITOR,1715,11,98,0.35,9.4,2715.0,0.0
1366,content_5b1e8d3f3827,client_19581e27de,0.5630171051806958,LOW_PRIORITY_SIGNAL,LOW_MODEL_RANK,MONITOR,2870,11,95,0.28,5.1,3059.0,0.0
1367,content_b24539cf1c18,client_19581e27de,0.5630059409177471,LOW_PRIORITY_SIGNAL,LOW_MODEL_RANK,MONITOR,10017,20,95,0.14,8.0,3261.0,5.0
1368,content_48630fe51cb7,client_19581e27de,0.5630014280046477,LOW_PRIORITY_SIGNAL,LOW_MODEL_RANK,MONITOR,7533,23,112,0.16,7.6,2663.0,13.04
1369,content_d332d5562b63,client_9f14025af0,0.5628572957956208,LOW_PRIORITY_SIGNAL,LOW_MODEL_RANK,MONITOR,43,2,250,2.33,21.0,2735.0,0.0
1370,content_ce172a1bdfec,client_19581e27de,0.5627664831796408,LOW_PRIORITY_SIGNAL,LOW_MODEL_RANK,MONITOR,1154,4,103,0.35,11.7,2850.0,0.0
1371,content_69ed534958ee,client_349c41201b,0.5626735440194162,LOW_PRIORITY_SIGNAL,LOW_MODEL_RANK,MONITOR,9698,107,148,0.69,15.2,4250.0,0.0
1372,content_36f54644861c,client_19581e27de,0.5623134510898058,LOW_PRIORITY_SIGNAL,LOW_MODEL_RANK,MONITOR,4503,21,112,0.27,8.0,2881.0,9.52
1373,content_cde14d2e5132,client_0b918943df,0.5621551370259685,LOW_PRIORITY_SIGNAL,LOW_MODEL_RANK,MONITOR,32,5,320,0.0,13.6,1594.0,0.0
1374,content_4addf65d84fc,client_349c41201b,0.5620568445356576,LOW_PRIORITY_SIGNAL,LOW_MODEL_RANK,MONITOR,2025,22,119,0.89,4.4,2877.0,4.55
1375,content_47b4dd8fdfc7,client_19581e27de,0.5619468621550728,LOW_PRIORITY_SIGNAL,LOW_MODEL_RANK,MONITOR,7202,20,313,0.17,8.7,2838.0,0.0
1376,content_209bc758a6f2,client_19581e27de,0.5618801169009228,LOW_PRIORITY_SIGNAL,LOW_MODEL_RANK,MONITOR,578,4,119,0.52,6.7,3729.0,0.0
1377,content_17c9619dd2e6,client_19581e27de,0.5617355531795352,LOW_PRIORITY_SIGNAL,LOW_MODEL_RANK,MONITOR,10081,24,124,0.19,4.7,2744.0,4.17
1378,content_82e912a902dd,client_19581e27de,0.5616591788557955,LOW_PRIORITY_SIGNAL,LOW_MODEL_RANK,MONITOR,477,4,98,0.42,16.8,2677.0,0.0
1379,content_f6c2ff412735,client_349c41201b,0.5615809080638265,LOW_PRIORITY_SIGNAL,LOW_MODEL_RANK,MONITOR,4314,40,148,0.58,6.4,3994.0,5.0
1380,content_d77fca2f9b42,client_19581e27de,0.5614485904014527,LOW_PRIORITY_SIGNAL,LOW_MODEL_RANK,MONITOR,8468,17,126,0.25,5.5,3041.0,0.0
1381,content_f619a3104c0d,client_19581e27de,0.5613632511694624,LOW_PRIORITY_SIGNAL,LOW_MODEL_RANK,MONITOR,16240,31,112,0.16,7.7,3298.0,0.0
1382,content_d041ef6f65ca,client_19581e27de,0.561199993128316,LOW_PRIORITY_SIGNAL,LOW_MODEL_RANK,MONITOR,78950,98,139,0.11,6.2,4521.0,1.02
1383,content_c07c8a4f96f4,client_02d20bbd7e,0.5611567349782703,LOW_PRIORITY_SIGNAL,LOW_MODEL_RANK,MONITOR,18,13,332,0.0,17.6,1322.0,0.0
1384,content_1a2cbc72df55,client_624b60c58c,0.5609775702649052,LOW_PRIORITY_SIGNAL,LOW_MODEL_RANK,MONITOR,57,2,124,0.0,6.4,3786.0,0.0
1385,content_4cf95974d3ad,client_19581e27de,0.5606122794229861,LOW_PRIORITY_SIGNAL,LOW_MODEL_RANK,MONITOR,3004,12,98,0.2,7.7,2650.0,16.67
1386,content_f0414850c5a7,client_19581e27de,0.5604987862811499,LOW_PRIORITY_SIGNAL,LOW_MODEL_RANK,MONITOR,551,5,98,0.18,29.8,2861.0,20.0
1387,content_5e47e317909d,client_19581e27de,0.5603894696446461,LOW_PRIORITY_SIGNAL,LOW_MODEL_RANK,MONITOR,325,6,112,0.31,4.9,3138.0,0.0
1388,content_4aaba8c6a050,client_624b60c58c,0.5602751178033061,LOW_PRIORITY_SIGNAL,LOW_MODEL_RANK,MONITOR,29,5,121,0.0,7.4,3815.0,0.0
1389,content_67fbffe8b241,client_349c41201b,0.5601239104955096,LOW_PRIORITY_SIGNAL,LOW_MODEL_RANK,MONITOR,19299,85,165,0.34,3.8,4849.0,1.18
1390,content_9ba1129c3738,client_19581e27de,0.5601074246866504,LOW_PRIORITY_SIGNAL,LOW_MODEL_RANK,MONITOR,14346,43,126,0.24,5.2,2633.0,0.0
1391,content_1f3f98790021,client_e629fa6598,0.5599497064608245,LOW_PRIORITY_SIGNAL,LOW_MODEL_RANK,MONITOR,787,3,358,0.0,27.0,1463.0,0.0
1392,content_35a8ca6412ea,client_624b60c58c,0.559423044530102,LOW_PRIORITY_SIGNAL,LOW_MODEL_RANK,MONITOR,24,2,103,0.0,5.0,3614.0,0.0
1393,content_7866a36d2779,client_19581e27de,0.5593124924006666,LOW_PRIORITY_SIGNAL,LOW_MODEL_RANK,MONITOR,7860,37,236,0.22,9.3,2103.0,2.7
1394,content_1f3684e3e595,client_349c41201b,0.5590862970479404,LOW_PRIORITY_SIGNAL,LOW_MODEL_RANK,MONITOR,1049,7,118,0.57,11.9,2578.0,14.29
1395,content_7ff7a56f3ee8,client_9f14025af0,0.5590241337424622,LOW_PRIORITY_SIGNAL,LOW_MODEL_RANK,MONITOR,613,5,298,0.16,50.4,1178.0,40.0
1396,content_c603f96701f4,client_624b60c58c,0.5589204296812579,LOW_PRIORITY_SIGNAL,LOW_MODEL_RANK,MONITOR,592,14,275,0.51,7.3,4585.0,0.0
1397,content_89829d8a96a9,client_19581e27de,0.5589131654867563,LOW_PRIORITY_SIGNAL,LOW_MODEL_RANK,MONITOR,5978,26,124,0.33,4.1,3292.0,11.54
1398,content_e91dd5994403,client_19581e27de,0.5588882103551351,LOW_PRIORITY_SIGNAL,LOW_MODEL_RANK,MONITOR,742,4,103,0.67,4.1,2917.0,0.0
1399,content_5bda17d0b75f,client_19581e27de,0.5588703212895356,LOW_PRIORITY_SIGNAL,LOW_MODEL_RANK,MONITOR,3367,10,103,0.18,9.4,2826.0,10.0
1400,content_78036a85eb24,client_349c41201b,0.558801288436087,LOW_PRIORITY_SIGNAL,LOW_MODEL_RANK,MONITOR,626,23,119,1.44,14.0,2903.0,0.0
1401,content_5b642da163c6,client_19581e27de,0.5586722729710332,LOW_PRIORITY_SIGNAL,LOW_MODEL_RANK,MONITOR,22016,98,139,0.45,3.0,4188.0,3.06
1402,content_13bbb8906b4b,client_349c41201b,0.5586081720884265,LOW_PRIORITY_SIGNAL,LOW_MODEL_RANK,MONITOR,13800,113,168,0.78,8.1,4212.0,0.0
1403,content_3377caea8558,client_19581e27de,0.5584242050539518,LOW_PRIORITY_SIGNAL,LOW_MODEL_RANK,MONITOR,9557,15,126,0.14,6.9,3118.0,6.67
1404,content_92d131248460,client_349c41201b,0.5579772608665265,LOW_PRIORITY_SIGNAL,LOW_MODEL_RANK,MONITOR,21912,130,144,0.38,8.6,3580.0,0.77
1405,content_4f8601741edf,client_19581e27de,0.5578289584126656,LOW_PRIORITY_SIGNAL,LOW_MODEL_RANK,MONITOR,12022,36,126,0.3,4.1,3219.0,2.78
1406,content_d58831e13efa,client_9f14025af0,0.5572073062639915,LOW_PRIORITY_SIGNAL,LOW_MODEL_RANK,MONITOR,428,1,306,0.0,72.2,1014.0,0.0
1407,content_6d13935b8ff8,client_19581e27de,0.5571350061218648,HOLD,LOW_PRIORITY_SIGNAL,HOLD,2090,16,112,0.72,3.4,2884.0,0.0
1408,content_7f961d0cbcc2,client_9f14025af0,0.5567826019376125,HOLD,LOW_PRIORITY_SIGNAL,HOLD,30,1,335,0.0,32.7,990.0,0.0
1409,content_9a3672e72ea2,client_349c41201b,0.5567176936288477,HOLD,LOW_PRIORITY_SIGNAL,HOLD,36300,299,154,0.56,8.2,5115.0,0.0
1410,content_486b261a429f,client_9f14025af0,0.5563087087121076,HOLD,LOW_PRIORITY_SIGNAL,HOLD,286,8,298,2.8,49.3,1036.0,0.0
1411,content_28ea60961570,client_19581e27de,0.5562325310711164,HOLD,LOW_PRIORITY_SIGNAL,HOLD,5781,25,313,0.19,9.4,3106.0,0.0
1412,content_3800a0c64614,client_19581e27de,0.5559990675340113,HOLD,LOW_PRIORITY_SIGNAL,HOLD,275,3,103,0.36,6.2,2886.0,0.0
1413,content_fc5ea2006966,client_19581e27de,0.5555012729524814,HOLD,LOW_PRIORITY_SIGNAL,HOLD,9215,37,98,0.43,3.6,3036.0,0.0
1414,content_3c71365f0381,client_19581e27de,0.5548709403666148,HOLD,LOW_PRIORITY_SIGNAL,HOLD,4916,27,119,0.16,8.0,3199.0,14.81
1415,content_8e8f6560d38e,client_19581e27de,0.5546455468041056,HOLD,LOW_PRIORITY_SIGNAL,HOLD,21668,50,112,0.12,5.6,2721.0,6.0
1416,content_bdc3c38ee296,client_349c41201b,0.5546003331850151,HOLD,LOW_PRIORITY_SIGNAL,HOLD,23056,529,148,1.21,11.9,5322.0,1.51
1417,content_63b9c7aedf3a,client_19581e27de,0.554409433229178,HOLD,LOW_PRIORITY_SIGNAL,HOLD,7170,15,112,0.24,6.3,2946.0,6.67
1418,content_c82e30fd1e04,client_19581e27de,0.5538745065586013,HOLD,LOW_PRIORITY_SIGNAL,HOLD,770,6,112,0.78,4.1,3075.0,0.0
1419,content_bb94373874c8,client_349c41201b,0.5534555120332244,HOLD,LOW_PRIORITY_SIGNAL,HOLD,14742,74,144,0.33,7.6,3524.0,1.35
1420,content_128dffac7149,client_19581e27de,0.5533417781042295,HOLD,LOW_PRIORITY_SIGNAL,HOLD,1802,12,119,0.72,3.4,3345.0,0.0
1421,content_c258e6cf1e93,client_624b60c58c,0.5531920580370684,HOLD,LOW_PRIORITY_SIGNAL,HOLD,45,1,283,0.0,7.6,4900.0,0.0
1422,content_8be068f6d9e2,client_624b60c58c,0.5531461783285504,HOLD,LOW_PRIORITY_SIGNAL,HOLD,58,3,123,0.0,7.3,3626.0,0.0
1423,content_a5f950cbaee0,client_19581e27de,0.5531222901796712,HOLD,LOW_PRIORITY_SIGNAL,HOLD,6076,31,103,0.43,1.8,3364.0,0.0
1424,content_fdb44263d0c6,client_19581e27de,0.5530004082145407,HOLD,LOW_PRIORITY_SIGNAL,HOLD,1424,12,95,0.77,4.8,3333.0,25.0
1425,content_7c0793138ea0,client_19581e27de,0.5529614398888384,HOLD,LOW_PRIORITY_SIGNAL,HOLD,269,2,103,0.74,6.7,2714.0,0.0
1426,content_70efb103b20b,client_19581e27de,0.5529609958250482,HOLD,LOW_PRIORITY_SIGNAL,HOLD,510,7,98,0.39,14.7,3113.0,0.0
1427,content_59c3f03d305c,client_349c41201b,0.5529191184426915,HOLD,LOW_PRIORITY_SIGNAL,HOLD,1759,10,95,0.28,16.1,3097.0,0.0
1428,content_336c7ad5b24b,client_624b60c58c,0.5529070969643769,HOLD,LOW_PRIORITY_SIGNAL,HOLD,522,1,350,0.0,27.9,1432.0,0.0
1429,content_9042bbb3f1f7,client_349c41201b,0.5527716993114696,HOLD,LOW_PRIORITY_SIGNAL,HOLD,31053,80,119,0.23,9.0,2743.0,0.0
1430,content_6618ce428536,client_19581e27de,0.5525594151018316,HOLD,LOW_PRIORITY_SIGNAL,HOLD,963,10,98,0.52,7.9,2943.0,0.0
1431,content_a83334b8e0fd,client_19581e27de,0.5524759682802638,HOLD,LOW_PRIORITY_SIGNAL,HOLD,1643,5,112,0.37,8.8,2990.0,0.0
1432,content_762b1eb1edd2,client_624b60c58c,0.5521566633078319,HOLD,LOW_PRIORITY_SIGNAL,HOLD,32,3,335,0.0,17.0,1127.0,0.0
1433,content_21f5b5fd58fd,client_19581e27de,0.5519000380450286,HOLD,LOW_PRIORITY_SIGNAL,HOLD,2519,28,98,0.48,7.2,2586.0,3.57
1434,content_7b17b6707535,client_9f14025af0,0.5517448248075992,HOLD,LOW_PRIORITY_SIGNAL,HOLD,60,2,347,0.0,77.9,1056.0,0.0
1435,content_13612df1afe8,client_624b60c58c,0.551735535832547,HOLD,LOW_PRIORITY_SIGNAL,HOLD,6212,58,341,0.16,7.7,1383.0,1.72
1436,content_e8b57b7ded03,client_19581e27de,0.5516399636223656,HOLD,LOW_PRIORITY_SIGNAL,HOLD,1482,11,103,0.27,7.6,2931.0,9.09
1437,content_18e7e6d7147b,client_9f14025af0,0.5514474546626181,HOLD,LOW_PRIORITY_SIGNAL,HOLD,316,1,309,0.63,19.8,937.0,0.0
1438,content_70949994618b,client_19581e27de,0.5513827596875136,HOLD,LOW_PRIORITY_SIGNAL,HOLD,294,1,103,0.34,11.9,2857.0,0.0
1439,content_d9ae0ddd38d7,client_19581e27de,0.5512616424374912,HOLD,LOW_PRIORITY_SIGNAL,HOLD,5277,16,98,0.19,4.6,3104.0,6.25
1440,content_abf2e93cb4f6,client_9f14025af0,0.5511561237018348,HOLD,LOW_PRIORITY_SIGNAL,HOLD,51,2,249,3.92,8.3,2322.0,0.0
1441,content_5feeedb999a5,client_19581e27de,0.551046515963441,HOLD,LOW_PRIORITY_SIGNAL,HOLD,14774,10,103,0.34,4.6,2756.0,0.0
1442,content_78b1c955565a,client_e629fa6598,0.5509062314080415,HOLD,LOW_PRIORITY_SIGNAL,HOLD,117,4,358,0.0,58.4,1284.0,0.0
1443,content_118ce9aa01e7,client_349c41201b,0.5507929945374489,HOLD,LOW_PRIORITY_SIGNAL,HOLD,14959,103,154,0.48,27.6,5876.0,0.97
1444,content_34e3bd0bf864,client_19581e27de,0.5506446124775538,HOLD,LOW_PRIORITY_SIGNAL,HOLD,25268,40,139,0.11,5.2,2956.0,2.5
1445,content_a7b65b27fb03,client_19581e27de,0.5502899974702237,HOLD,LOW_PRIORITY_SIGNAL,HOLD,8043,32,103,0.14,6.7,3335.0,3.13
1446,content_b29d492af5e2,client_349c41201b,0.5502371614681055,HOLD,LOW_PRIORITY_SIGNAL,HOLD,78057,567,148,0.49,7.0,4551.0,0.71
1447,content_d1c23751bc5e,client_19581e27de,0.550220182486633,HOLD,LOW_PRIORITY_SIGNAL,HOLD,36675,101,126,0.3,3.4,3167.0,0.0
1448,content_b43d35816291,client_9f14025af0,0.5499156858626467,HOLD,LOW_PRIORITY_SIGNAL,HOLD,44,1,306,0.0,73.9,1011.0,0.0
1449,content_b734a525bbce,client_19581e27de,0.5496259756063673,HOLD,LOW_PRIORITY_SIGNAL,HOLD,12804,38,119,0.3,3.6,2679.0,2.63
1450,content_57a11c7b3d73,client_624b60c58c,0.5494664300472979,HOLD,LOW_PRIORITY_SIGNAL,HOLD,65,2,308,0.0,7.8,4308.0,0.0
1451,content_2ab44dbca810,client_19581e27de,0.5493157041935658,HOLD,LOW_PRIORITY_SIGNAL,HOLD,30662,62,98,0.17,4.6,3065.0,0.0
1452,content_3d692171bc50,client_19581e27de,0.5493095827960335,HOLD,LOW_PRIORITY_SIGNAL,HOLD,13332,47,112,0.38,2.7,3098.0,0.0
1453,content_52b3b6aa7721,client_19581e27de,0.5491839448987722,HOLD,LOW_PRIORITY_SIGNAL,HOLD,10831,23,112,0.25,5.2,2884.0,0.0
1454,content_a13a7ca218d2,client_624b60c58c,0.5488870192544729,HOLD,LOW_PRIORITY_SIGNAL,HOLD,48,3,131,0.0,9.0,4088.0,0.0
1455,content_efd351201ec4,client_19581e27de,0.548731767216294,HOLD,LOW_PRIORITY_SIGNAL,HOLD,1482,8,98,0.34,4.7,3073.0,0.0
1456,content_7af1ac08fd1c,client_349c41201b,0.54868725857904,HOLD,LOW_PRIORITY_SIGNAL,HOLD,3806,27,118,0.37,20.3,2981.0,0.0
1457,content_8d8fda6bc171,client_624b60c58c,0.5483777685907439,HOLD,LOW_PRIORITY_SIGNAL,HOLD,36,3,252,0.0,6.4,3579.0,0.0
1458,content_01f07b38039c,client_e629fa6598,0.5483570969034021,HOLD,LOW_PRIORITY_SIGNAL,HOLD,57,1,358,0.0,7.9,1567.0,0.0
1459,content_bd8478ad0ece,client_349c41201b,0.5482622590535862,HOLD,LOW_PRIORITY_SIGNAL,HOLD,9474,177,144,1.36,14.6,3957.0,1.13
1460,content_c15d08a922f6,client_19581e27de,0.5481135792532617,HOLD,LOW_PRIORITY_SIGNAL,HOLD,12076,30,103,0.19,5.4,2241.0,0.0
1461,content_700321aa25a6,client_349c41201b,0.5480449723310956,HOLD,LOW_PRIORITY_SIGNAL,HOLD,5731,71,168,0.82,5.7,4363.0,1.41
1462,content_512aa28deba2,client_349c41201b,0.5477715119618727,HOLD,LOW_PRIORITY_SIGNAL,HOLD,31487,129,140,0.1,11.6,3355.0,0.78
1463,content_2a26f684c8d0,client_19581e27de,0.5475803652542907,HOLD,LOW_PRIORITY_SIGNAL,HOLD,22323,39,112,0.17,5.2,3179.0,0.0
1464,content_9904338d704a,client_349c41201b,0.5474124636522959,HOLD,LOW_PRIORITY_SIGNAL,HOLD,5626,53,126,0.64,18.2,3355.0,3.77
1465,content_72682a3fd766,client_19581e27de,0.5473203413103763,HOLD,LOW_PRIORITY_SIGNAL,HOLD,3350,22,103,0.42,5.6,2697.0,0.0
1466,content_d09ac52ff5f7,client_19581e27de,0.5470796571318612,HOLD,LOW_PRIORITY_SIGNAL,HOLD,78,1,91,1.28,18.7,3090.0,0.0
1467,content_0a4f1283cfce,client_624b60c58c,0.5469982988555704,HOLD,LOW_PRIORITY_SIGNAL,HOLD,36,9,295,0.0,15.7,4483.0,0.0
1468,content_6f39f7db3a44,client_624b60c58c,0.5469486946921616,HOLD,LOW_PRIORITY_SIGNAL,HOLD,261,1,91,0.38,7.9,3791.0,0.0
1469,content_bbfda4bd12b1,client_19581e27de,0.5468610539590215,HOLD,LOW_PRIORITY_SIGNAL,HOLD,9559,17,112,0.16,5.6,3089.0,11.76
1470,content_fef03c576b77,client_349c41201b,0.5467656104056726,HOLD,LOW_PRIORITY_SIGNAL,HOLD,2690,27,95,0.33,7.1,2656.0,0.0
1471,content_46589694e5c3,client_349c41201b,0.5466357331044391,HOLD,LOW_PRIORITY_SIGNAL,HOLD,10425,22,104,0.11,56.9,2807.0,0.0
1472,content_bb10ab588def,client_349c41201b,0.5457731425059421,HOLD,LOW_PRIORITY_SIGNAL,HOLD,10444,52,95,0.44,4.1,2514.0,1.92
1473,content_98f1500e1692,client_349c41201b,0.545576071801265,HOLD,LOW_PRIORITY_SIGNAL,HOLD,1501,18,104,0.47,6.5,3060.0,0.0
1474,content_43f4f15272ea,client_19581e27de,0.5451170455348341,HOLD,LOW_PRIORITY_SIGNAL,HOLD,293,3,98,0.68,23.2,3006.0,33.33
1475,content_66b4e7ceb098,client_19581e27de,0.5450110398540269,HOLD,LOW_PRIORITY_SIGNAL,HOLD,6037,20,95,0.27,6.5,2859.0,5.0
1476,content_dbde3b7f66c5,client_19581e27de,0.5443787746268458,HOLD,LOW_PRIORITY_SIGNAL,HOLD,4893,49,98,0.29,4.5,2691.0,4.08
1477,content_bdcfdfd68c4d,client_0b918943df,0.544083199742746,HOLD,LOW_PRIORITY_SIGNAL,HOLD,177,5,347,1.69,4.8,1395.0,20.0
1478,content_403b8211b6c6,client_19581e27de,0.543945116848571,HOLD,LOW_PRIORITY_SIGNAL,HOLD,2863,32,95,0.38,6.7,2899.0,0.0
1479,content_c2fc4763d861,client_349c41201b,0.5439373594422862,HOLD,LOW_PRIORITY_SIGNAL,HOLD,3456,25,104,0.26,6.6,2955.0,0.0
1480,content_fe0d27f27f3a,client_19581e27de,0.5436478612177208,HOLD,LOW_PRIORITY_SIGNAL,HOLD,105,1,124,0.95,5.3,2472.0,0.0
1481,content_665174acb728,client_19581e27de,0.5434563579275531,HOLD,LOW_PRIORITY_SIGNAL,HOLD,3310,22,98,0.33,10.8,3034.0,0.0
1482,content_63cd028a4982,client_349c41201b,0.5431834187754475,HOLD,LOW_PRIORITY_SIGNAL,HOLD,35924,124,104,0.18,31.5,3189.0,3.23
1483,content_93ec4bca325d,client_19581e27de,0.5431635128371071,HOLD,LOW_PRIORITY_SIGNAL,HOLD,8397,39,124,0.46,4.9,2629.0,0.0
1484,content_dc155fc529bf,client_19581e27de,0.5430357334997423,HOLD,LOW_PRIORITY_SIGNAL,HOLD,4465,14,98,0.29,6.9,2672.0,0.0
1485,content_197be545a64c,client_624b60c58c,0.5430078971525607,HOLD,LOW_PRIORITY_SIGNAL,HOLD,161,12,357,0.0,7.2,1554.0,0.0
1486,content_8a80ae32342f,client_9f14025af0,0.5429424550420995,HOLD,LOW_PRIORITY_SIGNAL,HOLD,751,1,306,0.0,79.3,1051.0,0.0
1487,content_150c8ca91df6,client_19581e27de,0.542627834735083,HOLD,LOW_PRIORITY_SIGNAL,HOLD,3709,16,98,0.4,5.4,2746.0,0.0
1488,content_a4087c89f66f,client_19581e27de,0.5425471453339692,HOLD,LOW_PRIORITY_SIGNAL,HOLD,7673,25,112,0.3,4.8,2737.0,0.0
1489,content_38b820f9ae9f,client_9f14025af0,0.5420276816024867,HOLD,LOW_PRIORITY_SIGNAL,HOLD,25,1,347,4.0,33.8,1111.0,100.0
1490,content_d6d5bc71c047,client_9f14025af0,0.54144582966422,HOLD,LOW_PRIORITY_SIGNAL,HOLD,28,6,335,0.0,55.3,1148.0,16.67
1491,content_14cb9da43eca,client_19581e27de,0.541162440545349,HOLD,LOW_PRIORITY_SIGNAL,HOLD,6901,16,119,0.26,8.0,3338.0,0.0
1492,content_6d5432a4c109,client_349c41201b,0.5408960101263501,HOLD,LOW_PRIORITY_SIGNAL,HOLD,836,8,95,0.0,51.6,2454.0,0.0
1493,content_7f3b05623823,client_19581e27de,0.5406775643024238,HOLD,LOW_PRIORITY_SIGNAL,HOLD,5116,32,119,0.39,5.0,2708.0,12.5
1494,content_199580e7eeb2,client_349c41201b,0.5405096918975701,HOLD,LOW_PRIORITY_SIGNAL,HOLD,43039,414,144,0.91,4.6,5285.0,0.0
1495,content_a090a1a0bb31,client_19581e27de,0.5404532922453451,HOLD,LOW_PRIORITY_SIGNAL,HOLD,972,2,91,0.0,58.6,3348.0,0.0
1496,content_ae2a2dbcbf04,client_349c41201b,0.540184469497931,HOLD,LOW_PRIORITY_SIGNAL,HOLD,3948,21,111,0.35,6.1,2902.0,0.0
1497,content_149935d57c79,client_349c41201b,0.5401448464745571,HOLD,LOW_PRIORITY_SIGNAL,HOLD,764,16,95,0.65,8.1,3059.0,0.0
1498,content_11fcfd65d94c,client_19581e27de,0.5400785597285123,HOLD,LOW_PRIORITY_SIGNAL,HOLD,149083,241,124,0.15,6.2,3372.0,0.0
1499,content_b46cea2c92c0,client_9f14025af0,0.5398654735754356,HOLD,LOW_PRIORITY_SIGNAL,HOLD,33,1,228,3.03,9.3,2881.0,0.0
1500,content_9997ea0e9147,client_19581e27de,0.5398162683507833,HOLD,LOW_PRIORITY_SIGNAL,HOLD,458,4,103,0.66,6.1,2904.0,0.0
1501,content_b750c2382819,client_624b60c58c,0.5396938885819026,HOLD,LOW_PRIORITY_SIGNAL,HOLD,31,5,279,0.0,6.2,3988.0,0.0
1502,content_e50f9b6c3246,client_9f14025af0,0.539450543912628,HOLD,LOW_PRIORITY_SIGNAL,HOLD,34,1,250,2.94,16.7,2617.0,0.0
1503,content_c597b55dcad2,client_19581e27de,0.5393361789660251,HOLD,LOW_PRIORITY_SIGNAL,HOLD,2378,12,103,0.29,7.7,2972.0,8.33
1504,content_5e77414b4bfc,client_19581e27de,0.5393167522718899,HOLD,LOW_PRIORITY_SIGNAL,HOLD,6550,21,103,0.24,9.2,2781.0,9.52
1505,content_04e23a62208e,client_624b60c58c,0.5393015670217549,HOLD,LOW_PRIORITY_SIGNAL,HOLD,27,2,123,0.0,7.5,3752.0,0.0
1506,content_51b9f75b43fa,client_19581e27de,0.5391432690388888,HOLD,LOW_PRIORITY_SIGNAL,HOLD,3188,5,98,0.41,7.0,3058.0,0.0
1507,content_bc84e6e60714,client_19581e27de,0.5385176773021116,HOLD,LOW_PRIORITY_SIGNAL,HOLD,11709,45,124,0.28,5.0,3218.0,0.0
1508,content_c54eb4ef238b,client_624b60c58c,0.5383956830191391,HOLD,LOW_PRIORITY_SIGNAL,HOLD,1988,47,252,0.96,6.5,3346.0,0.0
1509,content_e229c163b479,client_19581e27de,0.5380009904868149,HOLD,LOW_PRIORITY_SIGNAL,HOLD,9349,18,126,0.29,5.4,2817.0,5.56
1510,content_ca1867b1b108,client_19581e27de,0.5378891504489961,HOLD,LOW_PRIORITY_SIGNAL,HOLD,26655,59,126,0.17,6.2,2692.0,0.0
1511,content_6000b92e50df,client_19581e27de,0.5378425294369016,HOLD,LOW_PRIORITY_SIGNAL,HOLD,3213,17,103,0.47,7.1,2414.0,0.0
1512,content_6c1ca19fe1f4,client_19581e27de,0.5373516272513207,HOLD,LOW_PRIORITY_SIGNAL,HOLD,8796,22,95,0.26,4.6,3071.0,0.0
1513,content_2ddbea361649,client_19581e27de,0.5373502503185427,HOLD,LOW_PRIORITY_SIGNAL,HOLD,543,4,95,0.55,9.3,3084.0,0.0
1514,content_d03c99c3a5b0,client_19581e27de,0.537312050067722,HOLD,LOW_PRIORITY_SIGNAL,HOLD,292,5,103,1.03,6.1,3137.0,20.0
1515,content_0e600b7c6985,client_19581e27de,0.5371384572803078,HOLD,LOW_PRIORITY_SIGNAL,HOLD,184,3,103,0.54,17.9,2980.0,0.0
1516,content_011743cd6f14,client_19581e27de,0.5366016548567287,HOLD,LOW_PRIORITY_SIGNAL,HOLD,3660,15,103,0.3,4.7,2945.0,0.0
1517,content_f765919bdbe1,client_19581e27de,0.5366012719972799,HOLD,LOW_PRIORITY_SIGNAL,HOLD,5885,22,112,0.29,10.7,2787.0,4.55
1518,content_069fc5fff868,client_349c41201b,0.5364091010665595,HOLD,LOW_PRIORITY_SIGNAL,HOLD,2327,22,95,0.34,7.0,2959.0,0.0
1519,content_4cb669db33cf,client_624b60c58c,0.5361735980653518,HOLD,LOW_PRIORITY_SIGNAL,HOLD,32,2,124,0.0,6.6,3932.0,0.0
1520,content_b884e448239f,client_349c41201b,0.5355902000503568,HOLD,LOW_PRIORITY_SIGNAL,HOLD,38133,138,124,0.3,22.6,3026.0,2.17
1521,content_751e38250ff3,client_349c41201b,0.535515191195354,HOLD,LOW_PRIORITY_SIGNAL,HOLD,1222,25,95,1.06,6.7,2780.0,4.0
1522,content_78bfcfbfb969,client_19581e27de,0.5353942030534843,HOLD,LOW_PRIORITY_SIGNAL,HOLD,7836,65,126,0.22,5.1,3020.0,15.38
1523,content_60b557031592,client_349c41201b,0.535284468225716,HOLD,LOW_PRIORITY_SIGNAL,HOLD,5734,22,104,0.3,5.8,2447.0,0.0
1524,content_cb6def8a18a2,client_624b60c58c,0.5351611049834952,HOLD,LOW_PRIORITY_SIGNAL,HOLD,258,2,357,0.39,7.8,1800.0,0.0
1525,content_88d1204ff370,client_19581e27de,0.5351230114589279,HOLD,LOW_PRIORITY_SIGNAL,HOLD,7389,46,98,0.53,2.9,2914.0,4.35
1526,content_ae802e35d9a9,client_e629fa6598,0.5351226937556554,HOLD,LOW_PRIORITY_SIGNAL,HOLD,39,4,358,0.0,8.5,1468.0,0.0
1527,content_dbbcc4ce66b5,client_19581e27de,0.5349035156100297,HOLD,LOW_PRIORITY_SIGNAL,HOLD,278,2,98,0.72,6.1,2970.0,0.0
1528,content_8995385ebd0b,client_19581e27de,0.5348747313896687,HOLD,LOW_PRIORITY_SIGNAL,HOLD,6445,24,103,0.25,4.7,2862.0,16.67
1529,content_c3d2f865a39b,client_19581e27de,0.5347842502915253,HOLD,LOW_PRIORITY_SIGNAL,HOLD,6851,36,124,0.19,9.9,3297.0,5.56
1530,content_8c326a9d9d71,client_624b60c58c,0.5346726425869207,HOLD,LOW_PRIORITY_SIGNAL,HOLD,30,2,132,0.0,5.8,4433.0,0.0
1531,content_c7bcfabbe277,client_349c41201b,0.5345827487026699,HOLD,LOW_PRIORITY_SIGNAL,HOLD,1422,22,124,0.91,7.3,2573.0,4.55
1532,content_8726d4f4e7ce,client_19581e27de,0.5344555866019605,HOLD,LOW_PRIORITY_SIGNAL,HOLD,38083,66,112,0.18,5.3,2938.0,0.0
1533,content_96e3e4d27dd7,client_19581e27de,0.5339587711446022,HOLD,LOW_PRIORITY_SIGNAL,HOLD,13369,27,112,0.16,5.5,2476.0,3.7
1534,content_d2b97db54530,client_349c41201b,0.5337217302849786,HOLD,LOW_PRIORITY_SIGNAL,HOLD,1235,6,104,0.32,27.2,2839.0,0.0
1535,content_9420383ea370,client_349c41201b,0.5335010814474175,HOLD,LOW_PRIORITY_SIGNAL,HOLD,454,12,95,1.32,8.1,2762.0,0.0
1536,content_392b041768bb,client_624b60c58c,0.5334215264188935,HOLD,LOW_PRIORITY_SIGNAL,HOLD,47,2,301,0.0,6.8,3657.0,0.0
1537,content_d74f70363d5c,client_9f14025af0,0.5327692091787183,HOLD,LOW_PRIORITY_SIGNAL,HOLD,36,3,347,0.0,18.6,1088.0,0.0
1538,content_5f139eac72dc,client_9f14025af0,0.5325802930948503,HOLD,LOW_PRIORITY_SIGNAL,HOLD,56,5,298,8.93,7.7,1299.0,0.0
1539,content_0e84574c349c,client_349c41201b,0.5322447140756681,HOLD,LOW_PRIORITY_SIGNAL,HOLD,31744,98,154,0.21,6.4,3503.0,1.02
1540,content_aa86aab939f3,client_624b60c58c,0.5321535412446017,HOLD,LOW_PRIORITY_SIGNAL,HOLD,44,2,300,0.0,7.5,3917.0,0.0
1541,content_9eb56cbff018,client_349c41201b,0.5319836884864839,HOLD,LOW_PRIORITY_SIGNAL,HOLD,959,3,104,0.73,21.9,2981.0,0.0
1542,content_1a360c35ce98,client_624b60c58c,0.5319643957291803,HOLD,LOW_PRIORITY_SIGNAL,HOLD,38,2,293,0.0,8.8,4190.0,0.0
1543,content_fb355fd419a1,client_19581e27de,0.53187187350352,HOLD,LOW_PRIORITY_SIGNAL,HOLD,5877,23,98,0.17,5.9,3076.0,4.35
1544,content_ee31908da7e5,client_e629fa6598,0.5317032886727869,HOLD,LOW_PRIORITY_SIGNAL,HOLD,66,1,358,0.0,20.8,1279.0,0.0
1545,content_5bb206fb59e5,client_9f14025af0,0.5315774444524087,HOLD,LOW_PRIORITY_SIGNAL,HOLD,139,6,306,0.72,48.2,1019.0,16.67
1546,content_8cda2ec3ca93,client_19581e27de,0.5315157588025619,HOLD,LOW_PRIORITY_SIGNAL,HOLD,202,1,95,0.5,6.6,3222.0,0.0
1547,content_3d78266e3350,client_624b60c58c,0.5311829786183323,HOLD,LOW_PRIORITY_SIGNAL,HOLD,86,4,96,3.49,6.3,4659.0,0.0
1548,content_b20d24d99e8a,client_349c41201b,0.5311538059810339,HOLD,LOW_PRIORITY_SIGNAL,HOLD,23778,121,165,0.46,5.6,4615.0,0.83
1549,content_9fed098bfd92,client_19581e27de,0.5310408202624336,HOLD,LOW_PRIORITY_SIGNAL,HOLD,35308,65,330,0.13,6.8,2796.0,13.85
1550,content_61496d5f6103,client_349c41201b,0.5309060039093826,HOLD,LOW_PRIORITY_SIGNAL,HOLD,11436,102,165,0.69,3.9,3168.0,0.0
1551,content_b3566f4af176,client_19581e27de,0.5305501316050709,HOLD,LOW_PRIORITY_SIGNAL,HOLD,778,4,103,0.39,4.8,3099.0,0.0
1552,content_5cc3a4038603,client_9f14025af0,0.5301797113519879,HOLD,LOW_PRIORITY_SIGNAL,HOLD,24,1,250,0.0,5.3,2562.0,0.0
1553,content_afc90f13fff3,client_349c41201b,0.5299677954553963,HOLD,LOW_PRIORITY_SIGNAL,HOLD,56108,416,154,0.55,6.7,5505.0,0.72
1554,content_b3ae1b9b950a,client_624b60c58c,0.5296180661782747,HOLD,LOW_PRIORITY_SIGNAL,HOLD,43,3,119,0.0,7.5,3672.0,0.0
1555,content_cc82e83de3fc,client_19581e27de,0.5295559752473572,HOLD,LOW_PRIORITY_SIGNAL,HOLD,207,6,103,0.97,9.5,2794.0,0.0
1556,content_3d28f4002b44,client_624b60c58c,0.5292208578589611,HOLD,LOW_PRIORITY_SIGNAL,HOLD,144,3,109,0.69,6.0,4495.0,0.0
1557,content_5470eeeef862,client_624b60c58c,0.5292064430789919,HOLD,LOW_PRIORITY_SIGNAL,HOLD,396,8,297,1.01,7.6,4078.0,0.0
1558,content_373bd8de99f0,client_624b60c58c,0.5291637585654045,HOLD,LOW_PRIORITY_SIGNAL,HOLD,1023,19,111,0.68,8.6,4182.0,0.0
1559,content_99bcb3132bb0,client_19581e27de,0.5291380064174558,HOLD,LOW_PRIORITY_SIGNAL,HOLD,3544,22,103,0.4,5.5,2909.0,0.0
1560,content_679a46fe2fa3,client_349c41201b,0.5289950388830849,HOLD,LOW_PRIORITY_SIGNAL,HOLD,12715,231,148,1.05,8.6,4095.0,0.87
1561,content_ac29221a06c9,client_349c41201b,0.5289257784241951,HOLD,LOW_PRIORITY_SIGNAL,HOLD,4021,41,124,0.7,5.5,3144.0,2.44
1562,content_30826ac0664d,client_19581e27de,0.5288746232844934,HOLD,LOW_PRIORITY_SIGNAL,HOLD,2467,17,95,0.45,5.4,3038.0,0.0
1563,content_968ccb3c2014,client_19581e27de,0.5286137216176181,HOLD,LOW_PRIORITY_SIGNAL,HOLD,6473,44,313,0.14,9.6,2840.0,9.09
1564,content_f52dca1410d5,client_19581e27de,0.5285682660249252,HOLD,LOW_PRIORITY_SIGNAL,HOLD,3003,29,103,0.67,6.1,2909.0,3.45
1565,content_40c29adea431,client_624b60c58c,0.5285543656860009,HOLD,LOW_PRIORITY_SIGNAL,HOLD,49,1,128,0.0,6.6,4268.0,0.0
1566,content_aed7037e7cf9,client_349c41201b,0.5284387032813238,HOLD,LOW_PRIORITY_SIGNAL,HOLD,2578,10,104,0.27,5.2,3378.0,0.0
1567,content_848d608b795e,client_624b60c58c,0.5281775382939637,HOLD,LOW_PRIORITY_SIGNAL,HOLD,240,8,114,0.42,11.8,4006.0,0.0
1568,content_7e820aeb7b5e,client_624b60c58c,0.5279995051920962,HOLD,LOW_PRIORITY_SIGNAL,HOLD,46,1,127,0.0,7.2,4429.0,0.0
1569,content_7cfaded3f5a3,client_349c41201b,0.5278966971443922,HOLD,LOW_PRIORITY_SIGNAL,HOLD,3536,37,165,0.96,9.4,3248.0,2.7
1570,content_3c1a25df2693,client_624b60c58c,0.5274864488861236,HOLD,LOW_PRIORITY_SIGNAL,HOLD,849,24,103,0.47,6.6,4254.0,0.0
1571,content_aef6b93b07ad,client_19581e27de,0.5274716866622635,HOLD,LOW_PRIORITY_SIGNAL,HOLD,24330,85,95,0.32,4.4,2545.0,3.53
1572,content_b6db1af85d77,client_19581e27de,0.5274571524141103,HOLD,LOW_PRIORITY_SIGNAL,HOLD,142,4,98,0.7,23.3,3089.0,0.0
1573,content_c85b224ecbe1,client_349c41201b,0.5273845275544842,HOLD,LOW_PRIORITY_SIGNAL,HOLD,13739,91,144,0.5,5.9,3174.0,0.0
1574,content_5659552c847e,client_19581e27de,0.5273270118191832,HOLD,LOW_PRIORITY_SIGNAL,HOLD,1962,12,95,0.31,4.8,3098.0,0.0
1575,content_838ce89e04f2,client_624b60c58c,0.5267764931606568,HOLD,LOW_PRIORITY_SIGNAL,HOLD,332,8,356,0.0,10.0,1576.0,0.0
1576,content_74652d21d350,client_9f14025af0,0.526496979528196,HOLD,LOW_PRIORITY_SIGNAL,HOLD,55,3,298,0.0,30.6,1120.0,33.33
1577,content_5b6ce339d3f3,client_349c41201b,0.5264312224759417,HOLD,LOW_PRIORITY_SIGNAL,HOLD,19904,130,165,0.48,2.8,3872.0,0.77
1578,content_c4a6fa4ffe22,client_e629fa6598,0.5263284304327385,HOLD,LOW_PRIORITY_SIGNAL,HOLD,1495,8,358,0.07,11.4,1531.0,12.5
1579,content_3dad8d32a4bc,client_624b60c58c,0.526067991824731,HOLD,LOW_PRIORITY_SIGNAL,HOLD,502,3,356,0.2,9.8,1780.0,0.0
1580,content_ad5aeed28f2c,client_624b60c58c,0.5258744359834922,HOLD,LOW_PRIORITY_SIGNAL,HOLD,959,22,121,1.77,7.5,3740.0,0.0
1581,content_2066f3dbdc4e,client_19581e27de,0.5258277593284822,HOLD,LOW_PRIORITY_SIGNAL,HOLD,4626,19,95,0.28,6.1,2958.0,0.0
1582,content_32f059e72389,client_349c41201b,0.5258131061182959,HOLD,LOW_PRIORITY_SIGNAL,HOLD,9861,45,118,0.41,12.5,2937.0,2.22
1583,content_ff9136889277,client_349c41201b,0.5255293180514162,HOLD,LOW_PRIORITY_SIGNAL,HOLD,12730,42,111,0.2,8.3,2840.0,2.38
1584,content_6b58be06d157,client_19581e27de,0.5254483680200084,HOLD,LOW_PRIORITY_SIGNAL,HOLD,2666,52,95,1.13,4.4,2760.0,5.77
1585,content_58dbaa5b9aef,client_624b60c58c,0.5253614188251563,HOLD,LOW_PRIORITY_SIGNAL,HOLD,215,2,108,0.47,6.3,4001.0,0.0
1586,content_92e3ef23ceae,client_349c41201b,0.5252903724486506,HOLD,LOW_PRIORITY_SIGNAL,HOLD,29067,176,144,0.54,9.1,5240.0,1.14
1587,content_172442bbc008,client_19581e27de,0.5252033647761692,HOLD,LOW_PRIORITY_SIGNAL,HOLD,10221,36,124,0.32,4.9,2947.0,0.0
1588,content_aabc843f346f,client_624b60c58c,0.5251567385087008,HOLD,LOW_PRIORITY_SIGNAL,HOLD,67,6,285,1.49,10.7,3156.0,0.0
1589,content_9ae07f94cf25,client_624b60c58c,0.5249334207175881,HOLD,LOW_PRIORITY_SIGNAL,HOLD,228,6,292,1.32,6.8,3891.0,0.0
1590,content_b921f8c3a97a,client_624b60c58c,0.524919546864012,HOLD,LOW_PRIORITY_SIGNAL,HOLD,22,2,313,0.0,6.9,4481.0,0.0
1591,content_95002bacd827,client_19581e27de,0.5247854234282083,HOLD,LOW_PRIORITY_SIGNAL,HOLD,815,5,112,0.37,6.8,3270.0,0.0
1592,content_4a516de93038,client_19581e27de,0.5245389512194512,HOLD,LOW_PRIORITY_SIGNAL,HOLD,9526,58,126,0.55,4.6,2720.0,0.0
1593,content_bd042b7f5bf8,client_19581e27de,0.5244639980743454,HOLD,LOW_PRIORITY_SIGNAL,HOLD,14689,30,126,0.21,5.3,2899.0,3.33
1594,content_330a9f2d60d6,client_624b60c58c,0.5239413090345526,HOLD,LOW_PRIORITY_SIGNAL,HOLD,26,2,132,0.0,11.7,4093.0,0.0
1595,content_0950fdc33703,client_349c41201b,0.5239285195989214,HOLD,LOW_PRIORITY_SIGNAL,HOLD,6170,77,140,0.34,5.9,3152.0,0.0
1596,content_f8e09cb94a18,client_19581e27de,0.5236098101515079,HOLD,LOW_PRIORITY_SIGNAL,HOLD,2919,47,95,1.51,4.7,2806.0,6.38
1597,content_754c9480298f,client_19581e27de,0.5235677469100642,HOLD,LOW_PRIORITY_SIGNAL,HOLD,5903,35,103,0.37,4.9,2623.0,0.0
1598,content_cc9bf156f18e,client_9f14025af0,0.5234128602291178,HOLD,LOW_PRIORITY_SIGNAL,HOLD,45,1,347,0.0,63.1,928.0,0.0
1599,content_4c787e21d590,client_e629fa6598,0.5234096668208587,HOLD,LOW_PRIORITY_SIGNAL,HOLD,388,5,358,0.0,24.8,1614.0,20.0
1600,content_e7af0b1db174,client_e629fa6598,0.5230602013442097,HOLD,LOW_PRIORITY_SIGNAL,HOLD,971,7,358,0.21,43.2,1426.0,0.0
1601,content_a6c4ef450727,client_02d20bbd7e,0.5228113416137168,HOLD,LOW_PRIORITY_SIGNAL,HOLD,405,10,332,0.99,11.3,1808.0,0.0
1602,content_4d967b8988e0,client_9f14025af0,0.5221642782979893,HOLD,LOW_PRIORITY_SIGNAL,HOLD,884,2,298,0.0,78.5,745.0,0.0
1603,content_52eb1350b9ff,client_624b60c58c,0.5219213130086459,HOLD,LOW_PRIORITY_SIGNAL,HOLD,39,1,117,0.0,6.6,3749.0,0.0
1604,content_4b32d9f37045,client_349c41201b,0.5218128887868091,HOLD,LOW_PRIORITY_SIGNAL,HOLD,10736,94,144,0.77,3.7,3256.0,0.0
1605,content_111c093249d5,client_19581e27de,0.5217298977486265,HOLD,LOW_PRIORITY_SIGNAL,HOLD,26442,48,112,0.23,5.6,3085.0,0.0
1606,content_23b1f26767c0,client_19581e27de,0.5215249318578957,HOLD,LOW_PRIORITY_SIGNAL,HOLD,11320,49,126,0.49,4.7,3311.0,0.0
1607,content_910740dba4b3,client_624b60c58c,0.5215129885889469,HOLD,LOW_PRIORITY_SIGNAL,HOLD,197,6,92,0.51,6.0,3925.0,0.0
1608,content_9168fdc19f06,client_19581e27de,0.5211476636323207,HOLD,LOW_PRIORITY_SIGNAL,HOLD,2641,18,98,0.45,10.9,3224.0,5.56
1609,content_d10c7372129c,client_624b60c58c,0.5210177369323711,HOLD,LOW_PRIORITY_SIGNAL,HOLD,33,3,285,0.0,7.4,3542.0,0.0
1610,content_5a751dc90d8b,client_349c41201b,0.5209512186891951,HOLD,LOW_PRIORITY_SIGNAL,HOLD,10413,55,111,0.34,13.4,3179.0,3.64
1611,content_6109a89b861e,client_19581e27de,0.5208163029319056,HOLD,LOW_PRIORITY_SIGNAL,HOLD,2601,35,95,0.54,6.3,2899.0,0.0
1612,content_a9b357ca2608,client_19581e27de,0.5205855610848995,HOLD,LOW_PRIORITY_SIGNAL,HOLD,124,3,98,1.61,7.1,3084.0,0.0
1613,content_4abe5b7421b4,client_349c41201b,0.5203293635760432,HOLD,LOW_PRIORITY_SIGNAL,HOLD,3733,58,124,0.83,8.0,3063.0,0.0
1614,content_15decd718268,client_19581e27de,0.5201620227510625,HOLD,LOW_PRIORITY_SIGNAL,HOLD,15935,47,124,0.38,2.0,2820.0,4.26
1615,content_684686479d6e,client_349c41201b,0.5201477293593286,HOLD,LOW_PRIORITY_SIGNAL,HOLD,2374,55,144,1.26,7.9,5391.0,0.0
1616,content_d73153522bf9,client_19581e27de,0.5200517629450875,HOLD,LOW_PRIORITY_SIGNAL,HOLD,6019,31,257,0.23,6.8,2105.0,6.45
1617,content_5cbf32908f91,client_349c41201b,0.5198531482108965,HOLD,LOW_PRIORITY_SIGNAL,HOLD,5614,74,168,0.69,5.5,4298.0,0.0
1618,content_e182e1f2daf4,client_19581e27de,0.519846050141124,HOLD,LOW_PRIORITY_SIGNAL,HOLD,28755,59,124,0.2,5.4,2494.0,0.0
1619,content_87f9b2ac2ad9,client_19581e27de,0.5196890931485126,HOLD,LOW_PRIORITY_SIGNAL,HOLD,15936,43,95,0.24,5.9,2680.0,2.33
1620,content_40ca7c0f06b8,client_19581e27de,0.5195978217248308,HOLD,LOW_PRIORITY_SIGNAL,HOLD,5497,19,329,0.22,6.5,2491.0,5.26
1621,content_33775280bbfd,client_19581e27de,0.5193937109628188,HOLD,LOW_PRIORITY_SIGNAL,HOLD,201,4,98,1.0,16.6,2784.0,0.0
1622,content_c460004f284c,client_19581e27de,0.519214788679526,HOLD,LOW_PRIORITY_SIGNAL,HOLD,7292,42,95,0.45,6.6,2807.0,0.0
1623,content_d643a18785d2,client_624b60c58c,0.519198998476705,HOLD,LOW_PRIORITY_SIGNAL,HOLD,37,5,285,0.0,17.9,4211.0,0.0
1624,content_04d8cd344aae,client_9f14025af0,0.5191825868413573,HOLD,LOW_PRIORITY_SIGNAL,HOLD,181,1,298,0.55,66.1,898.0,0.0
1625,content_7299ec98cd1e,client_624b60c58c,0.5191416875655482,HOLD,LOW_PRIORITY_SIGNAL,HOLD,1042,14,103,0.48,8.1,3743.0,7.14
1626,content_ae9567dbd3aa,client_349c41201b,0.5191044905987491,HOLD,LOW_PRIORITY_SIGNAL,HOLD,6130,62,165,0.59,8.4,3509.0,3.23
1627,content_a807e3020e28,client_349c41201b,0.5190587235385928,HOLD,LOW_PRIORITY_SIGNAL,HOLD,13937,101,126,0.52,35.4,3139.0,0.0
1628,content_61c2e1cf7aa3,client_349c41201b,0.5190348761365726,HOLD,LOW_PRIORITY_SIGNAL,HOLD,5141,21,111,0.25,8.3,3146.0,4.76
1629,content_6a2b68a9fa4e,client_9f14025af0,0.5189715969129713,HOLD,LOW_PRIORITY_SIGNAL,HOLD,22,1,335,0.0,60.1,1058.0,0.0
1630,content_5cb5eb3ed482,client_19581e27de,0.5186706463815342,HOLD,LOW_PRIORITY_SIGNAL,HOLD,23590,36,124,0.2,5.4,2974.0,0.0
1631,content_45f96356f84e,client_624b60c58c,0.5185892920214812,HOLD,LOW_PRIORITY_SIGNAL,HOLD,126,13,104,0.79,7.3,4263.0,7.69
1632,content_f66816ebc4f7,client_349c41201b,0.5185138060053547,HOLD,LOW_PRIORITY_SIGNAL,HOLD,8928,46,95,0.34,9.4,3109.0,0.0
1633,content_4ce92c7b746c,client_19581e27de,0.518120957223112,HOLD,LOW_PRIORITY_SIGNAL,HOLD,11626,58,126,0.48,3.3,2850.0,8.62
1634,content_fdb35f9a488f,client_349c41201b,0.5179929087903922,HOLD,LOW_PRIORITY_SIGNAL,HOLD,1003,12,95,0.4,16.6,3131.0,0.0
1635,content_ee8233d5ac9a,client_349c41201b,0.5174668573049032,HOLD,LOW_PRIORITY_SIGNAL,HOLD,11828,82,95,0.19,7.9,3349.0,2.44
1636,content_8ad23a0c248d,client_19581e27de,0.5173462879674946,HOLD,LOW_PRIORITY_SIGNAL,HOLD,12518,35,124,0.27,7.2,2742.0,0.0
1637,content_9fc5345ae940,client_19581e27de,0.5172586720826939,HOLD,LOW_PRIORITY_SIGNAL,HOLD,795,10,95,1.01,18.2,2955.0,0.0
1638,content_6b0d46f0b517,client_349c41201b,0.5170818495259525,HOLD,LOW_PRIORITY_SIGNAL,HOLD,4938,61,124,0.67,12.1,2902.0,4.92
1639,content_2ddcb1e1473d,client_19581e27de,0.5167720904919502,HOLD,LOW_PRIORITY_SIGNAL,HOLD,6447,61,257,0.68,8.1,2477.0,0.0
1640,content_0f4b5324e591,client_19581e27de,0.516694659281943,HOLD,LOW_PRIORITY_SIGNAL,HOLD,756,5,98,0.53,11.7,3318.0,0.0
1641,content_57834d348a7b,client_624b60c58c,0.5165776238418893,HOLD,LOW_PRIORITY_SIGNAL,HOLD,231,4,122,1.3,8.3,4230.0,0.0
1642,content_ddc38c59ab05,client_19581e27de,0.5162781734366718,HOLD,LOW_PRIORITY_SIGNAL,HOLD,11007,44,119,0.32,6.8,2787.0,0.0
1643,content_27ced01c8647,client_349c41201b,0.5161007194716385,HOLD,LOW_PRIORITY_SIGNAL,HOLD,2860,33,95,0.56,17.2,3056.0,0.0
1644,content_df14050f065a,client_19581e27de,0.51553780733385,HOLD,LOW_PRIORITY_SIGNAL,HOLD,456,4,95,0.44,27.5,2868.0,0.0
1645,content_0525839b1f8e,client_19581e27de,0.5154925770329369,HOLD,LOW_PRIORITY_SIGNAL,HOLD,8906,15,98,0.18,6.1,3424.0,6.67
1646,content_388d765d2f94,client_624b60c58c,0.5154015847203111,HOLD,LOW_PRIORITY_SIGNAL,HOLD,6527,15,357,0.0,9.4,1589.0,6.67
1647,content_3b14252ff019,client_624b60c58c,0.5153883764943029,HOLD,LOW_PRIORITY_SIGNAL,HOLD,69,4,112,0.0,7.7,3712.0,0.0
1648,content_09a6b180e35c,client_e629fa6598,0.5153454658949067,HOLD,LOW_PRIORITY_SIGNAL,HOLD,108,1,358,0.0,14.5,1560.0,0.0
1649,content_3ef123eb16b9,client_624b60c58c,0.5153015189053175,HOLD,LOW_PRIORITY_SIGNAL,HOLD,39,5,120,2.56,4.7,4322.0,0.0
1650,content_dadec10288e3,client_349c41201b,0.5152510917282249,HOLD,LOW_PRIORITY_SIGNAL,HOLD,32294,187,119,0.48,22.4,2972.0,2.67
1651,content_dc685cb42f37,client_349c41201b,0.5152427220399882,HOLD,LOW_PRIORITY_SIGNAL,HOLD,13864,38,126,0.23,6.6,2603.0,2.63
1652,content_f1923a73b444,client_e629fa6598,0.514967844514178,HOLD,LOW_PRIORITY_SIGNAL,HOLD,374,2,358,0.0,38.5,1426.0,0.0
1653,content_62af12968318,client_19581e27de,0.5148688013524563,HOLD,LOW_PRIORITY_SIGNAL,HOLD,225,3,103,0.89,9.1,3188.0,0.0
1654,content_e603677a1dc0,client_349c41201b,0.5145421333169352,HOLD,LOW_PRIORITY_SIGNAL,HOLD,21163,127,140,0.19,13.1,3369.0,4.72
1655,content_330610ab386b,client_19581e27de,0.5143705607815509,HOLD,LOW_PRIORITY_SIGNAL,HOLD,1931,19,103,0.57,4.7,2788.0,0.0
1656,content_a8a42d1738e1,client_624b60c58c,0.5142409711906494,HOLD,LOW_PRIORITY_SIGNAL,HOLD,26,2,128,0.0,4.5,5295.0,0.0
1657,content_bb064ec20495,client_349c41201b,0.5141255162316141,HOLD,LOW_PRIORITY_SIGNAL,HOLD,52044,223,148,0.4,4.4,6128.0,1.35
1658,content_1003362985eb,client_19581e27de,0.513834957473652,HOLD,LOW_PRIORITY_SIGNAL,HOLD,573,14,95,1.22,6.0,3040.0,0.0
1659,content_531185a719af,client_624b60c58c,0.5137211269683595,HOLD,LOW_PRIORITY_SIGNAL,HOLD,654,7,105,0.61,10.0,4030.0,0.0
1660,content_a34bfee0894c,client_9f14025af0,0.5135590890707665,HOLD,LOW_PRIORITY_SIGNAL,HOLD,218,2,306,0.92,77.0,836.0,0.0
1661,content_de194ea1211b,client_349c41201b,0.5129620571753831,HOLD,LOW_PRIORITY_SIGNAL,HOLD,9122,115,95,0.59,32.8,3058.0,1.74
1662,content_f7b30367f7f2,client_19581e27de,0.5127690528373713,HOLD,LOW_PRIORITY_SIGNAL,HOLD,13195,47,98,0.29,3.7,3125.0,2.13
1663,content_3a65f041005e,client_349c41201b,0.5127560818350332,HOLD,LOW_PRIORITY_SIGNAL,HOLD,33351,174,167,0.43,8.0,3623.0,1.15
1664,content_b496197a040f,client_624b60c58c,0.5124534215410023,HOLD,LOW_PRIORITY_SIGNAL,HOLD,73,4,292,0.0,17.0,4023.0,0.0
1665,content_e5e85785384e,client_349c41201b,0.5122731619771744,HOLD,LOW_PRIORITY_SIGNAL,HOLD,18969,332,148,1.27,10.7,4620.0,0.9
1666,content_46e7e23d335e,client_19581e27de,0.5122058055065856,HOLD,LOW_PRIORITY_SIGNAL,HOLD,15822,29,119,0.16,5.2,2862.0,3.45
1667,content_899a6bb90034,client_624b60c58c,0.5120857339801644,HOLD,LOW_PRIORITY_SIGNAL,HOLD,29,5,117,0.0,7.6,3844.0,0.0
1668,content_4b63972f90b1,client_349c41201b,0.5118266224458284,HOLD,LOW_PRIORITY_SIGNAL,HOLD,896,6,124,0.11,48.5,2718.0,0.0
1669,content_80139967543d,client_19581e27de,0.5111657813902942,HOLD,LOW_PRIORITY_SIGNAL,HOLD,10053,52,98,0.26,4.5,2945.0,3.85
1670,content_8b922de31e48,client_9f14025af0,0.5111528857075641,HOLD,LOW_PRIORITY_SIGNAL,HOLD,18,2,249,0.0,38.0,2948.0,50.0
1671,content_0df40d4f92fb,client_19581e27de,0.5106617959303226,HOLD,LOW_PRIORITY_SIGNAL,HOLD,206,1,103,0.49,15.3,2902.0,0.0
1672,content_bd88c0384e51,client_349c41201b,0.5105351569088212,HOLD,LOW_PRIORITY_SIGNAL,HOLD,3039,23,119,0.56,6.3,3141.0,0.0
1673,content_7aaddb52a28f,client_624b60c58c,0.5103209217878875,HOLD,LOW_PRIORITY_SIGNAL,HOLD,405,2,357,0.0,43.2,1461.0,0.0
1674,content_a4da01b55f29,client_9f14025af0,0.5102708121615752,HOLD,LOW_PRIORITY_SIGNAL,HOLD,45,1,250,0.0,19.6,2846.0,0.0
1675,content_a26fd68775bd,client_19581e27de,0.5100569984457421,HOLD,LOW_PRIORITY_SIGNAL,HOLD,2207,7,98,0.36,9.1,3439.0,0.0
1676,content_4fede6e6b910,client_349c41201b,0.5099662147340438,HOLD,LOW_PRIORITY_SIGNAL,HOLD,15219,85,124,0.28,10.3,2535.0,1.18
1677,content_0cc1c24b7560,client_349c41201b,0.5097610456410395,HOLD,LOW_PRIORITY_SIGNAL,HOLD,9154,99,144,0.61,5.5,3053.0,0.0
1678,content_195216abb0e4,client_349c41201b,0.509658477014847,HOLD,LOW_PRIORITY_SIGNAL,HOLD,1815,29,111,0.5,8.9,2965.0,0.0
1679,content_45ba028e8f6d,client_19581e27de,0.5093932870914822,HOLD,LOW_PRIORITY_SIGNAL,HOLD,423,12,103,0.95,16.1,2970.0,0.0
1680,content_a385ee113951,client_19581e27de,0.5085188541852002,HOLD,LOW_PRIORITY_SIGNAL,HOLD,3434,17,98,0.47,4.8,2998.0,0.0
1681,content_a713c8bc6962,client_349c41201b,0.5085185692892673,HOLD,LOW_PRIORITY_SIGNAL,HOLD,2015,12,111,0.35,10.9,3452.0,0.0
1682,content_db76caf55628,client_19581e27de,0.5082512118676196,HOLD,LOW_PRIORITY_SIGNAL,HOLD,764,6,91,0.0,63.1,2837.0,16.67
1683,content_2c8949d8e768,client_624b60c58c,0.5082329770150733,HOLD,LOW_PRIORITY_SIGNAL,HOLD,17,8,274,0.0,13.2,4815.0,0.0
1684,content_36e7f7f0b722,client_349c41201b,0.5080808527535383,HOLD,LOW_PRIORITY_SIGNAL,HOLD,25067,435,148,1.13,5.6,4603.0,1.38
1685,content_40423213a07d,client_349c41201b,0.5080294987616053,HOLD,LOW_PRIORITY_SIGNAL,HOLD,1759,71,154,0.51,15.5,4510.0,8.45
1686,content_ce9e3b7ddc3e,client_349c41201b,0.507969402650569,HOLD,LOW_PRIORITY_SIGNAL,HOLD,8249,80,119,0.41,11.2,3313.0,0.0
1687,content_ca219993f697,client_624b60c58c,0.5078444806690228,HOLD,LOW_PRIORITY_SIGNAL,HOLD,322,13,291,1.86,7.5,4830.0,0.0
1688,content_cf41fbfd87d6,client_19581e27de,0.5076166724554215,HOLD,LOW_PRIORITY_SIGNAL,HOLD,15393,35,95,0.18,6.4,3241.0,5.71
1689,content_ec65751f64d5,client_19581e27de,0.5075839911329231,HOLD,LOW_PRIORITY_SIGNAL,HOLD,10517,50,103,0.31,4.6,2638.0,2.0
1690,content_a1f8e08b4a08,client_624b60c58c,0.507531803270759,HOLD,LOW_PRIORITY_SIGNAL,HOLD,367,12,300,0.54,9.1,4767.0,8.33
1691,content_e0a6ca23a82b,client_19581e27de,0.5074008244687985,HOLD,LOW_PRIORITY_SIGNAL,HOLD,21864,97,139,0.18,6.7,3629.0,6.19
1692,content_a8b181887e5f,client_624b60c58c,0.5073226169062398,HOLD,LOW_PRIORITY_SIGNAL,HOLD,20,1,314,0.0,8.7,4388.0,0.0
1693,content_3ccd162acf4b,client_349c41201b,0.5072306729985834,HOLD,LOW_PRIORITY_SIGNAL,HOLD,8547,47,119,0.28,7.7,2870.0,2.13
1694,content_d157377476d9,client_349c41201b,0.5068266478007581,HOLD,LOW_PRIORITY_SIGNAL,HOLD,54669,242,148,0.26,17.5,3510.0,1.24
1695,content_f0f89a39b3da,client_19581e27de,0.506264451932888,HOLD,LOW_PRIORITY_SIGNAL,HOLD,14883,88,112,0.24,4.2,2792.0,2.27
1696,content_78c76ec317c3,client_349c41201b,0.5060022874942273,HOLD,LOW_PRIORITY_SIGNAL,HOLD,3122,27,95,0.35,15.8,3252.0,3.7
1697,content_2e9be3124c72,client_19581e27de,0.5059930515135417,HOLD,LOW_PRIORITY_SIGNAL,HOLD,20177,39,112,0.26,2.2,2872.0,2.56
1698,content_5f792fde88ff,client_9f14025af0,0.5057835296731262,HOLD,LOW_PRIORITY_SIGNAL,HOLD,285,1,306,0.0,74.6,903.0,0.0
1699,content_c88fd81f84a8,client_349c41201b,0.505729715535096,HOLD,LOW_PRIORITY_SIGNAL,HOLD,60851,166,154,0.23,6.2,3809.0,1.2
1700,content_90afa1962531,client_624b60c58c,0.5056759558322966,HOLD,LOW_PRIORITY_SIGNAL,HOLD,377,5,103,0.53,11.3,3775.0,0.0
1701,content_7a2d8319a4e7,client_349c41201b,0.5056727111699008,HOLD,LOW_PRIORITY_SIGNAL,HOLD,3087,20,95,0.49,10.1,3154.0,0.0
1702,content_0b0e34cb3617,client_19581e27de,0.5056243976857161,HOLD,LOW_PRIORITY_SIGNAL,HOLD,1612,8,95,0.5,4.9,3218.0,0.0
1703,content_0228defa82bb,client_19581e27de,0.505413633165195,HOLD,LOW_PRIORITY_SIGNAL,HOLD,11562,30,112,0.24,8.6,3468.0,10.0
1704,content_5c8556c69135,client_e629fa6598,0.5053830456726741,HOLD,LOW_PRIORITY_SIGNAL,HOLD,229,6,358,0.44,44.7,1614.0,0.0
1705,content_6ae5234e2abc,client_624b60c58c,0.5053429084856021,HOLD,LOW_PRIORITY_SIGNAL,HOLD,5149,33,280,0.52,9.1,4432.0,6.06
1706,content_90a363528b50,client_349c41201b,0.5051991928236947,HOLD,LOW_PRIORITY_SIGNAL,HOLD,15595,60,111,0.28,6.5,2779.0,0.0
1707,content_e666dae5e5bd,client_349c41201b,0.5049885170880852,HOLD,LOW_PRIORITY_SIGNAL,HOLD,4932,30,104,0.51,7.0,2813.0,3.33
1708,content_2bd606a1208a,client_19581e27de,0.5049609352875961,HOLD,LOW_PRIORITY_SIGNAL,HOLD,32634,89,98,0.24,6.5,2596.0,0.0
1709,content_f5a5e136a06e,client_624b60c58c,0.5047646998684363,HOLD,LOW_PRIORITY_SIGNAL,HOLD,90,5,90,1.11,5.4,4276.0,0.0
1710,content_8669f1b51111,client_624b60c58c,0.5045598554061922,HOLD,LOW_PRIORITY_SIGNAL,HOLD,43,4,118,0.0,4.2,3622.0,0.0
1711,content_b2cda677fc42,client_19581e27de,0.5042956663445322,HOLD,LOW_PRIORITY_SIGNAL,HOLD,12405,71,124,0.67,2.7,2708.0,0.0
1712,content_66c07071d0f1,client_9f14025af0,0.5042767917866326,HOLD,LOW_PRIORITY_SIGNAL,HOLD,11,1,249,0.0,5.5,2507.0,0.0
1713,content_cb7e312f5d32,client_9f14025af0,0.5042299570770062,HOLD,LOW_PRIORITY_SIGNAL,HOLD,21272,472,306,2.45,12.6,1108.0,10.38
1714,content_b20535697753,client_9f14025af0,0.503954577927317,HOLD,LOW_PRIORITY_SIGNAL,HOLD,20,1,347,0.0,39.0,1081.0,0.0
1715,content_7b700ed1e513,client_19581e27de,0.5039489131443742,HOLD,LOW_PRIORITY_SIGNAL,HOLD,8163,25,330,0.15,9.3,2765.0,4.0
1716,content_40925dee7c97,client_19581e27de,0.5037076744162922,HOLD,LOW_PRIORITY_SIGNAL,HOLD,3977,14,103,0.43,5.2,3512.0,7.14
1717,content_07540da5db8c,client_19581e27de,0.5036595961716521,HOLD,LOW_PRIORITY_SIGNAL,HOLD,17309,50,126,0.32,3.3,2998.0,2.0
1718,content_4cf057f43fd4,client_624b60c58c,0.5034161328140572,HOLD,LOW_PRIORITY_SIGNAL,HOLD,20,4,357,0.0,8.7,1823.0,0.0
1719,content_05cd5cde98d6,client_19581e27de,0.503098852487487,HOLD,LOW_PRIORITY_SIGNAL,HOLD,8027,24,95,0.25,6.1,3010.0,8.33
1720,content_e6ae86be17f1,client_624b60c58c,0.5030931029926952,HOLD,LOW_PRIORITY_SIGNAL,HOLD,23,3,251,0.0,5.0,3721.0,0.0
1721,content_0d5a8c33f407,client_19581e27de,0.5025685779297362,HOLD,LOW_PRIORITY_SIGNAL,HOLD,9665,30,112,0.24,6.9,3181.0,13.33
1722,content_148d6a25b87e,client_19581e27de,0.5024228684007039,HOLD,LOW_PRIORITY_SIGNAL,HOLD,12031,27,103,0.17,7.2,2868.0,3.7
1723,content_c1886a3d3b53,client_349c41201b,0.5021346620180271,HOLD,LOW_PRIORITY_SIGNAL,HOLD,2641,57,95,0.91,9.3,2879.0,0.0
1724,content_6d9c2b38fb3a,client_19581e27de,0.5021202973933433,HOLD,LOW_PRIORITY_SIGNAL,HOLD,8983,32,330,0.3,6.6,2990.0,0.0
1725,content_849275efca88,client_19581e27de,0.5014109143549479,HOLD,LOW_PRIORITY_SIGNAL,HOLD,5386,26,103,0.3,4.9,3054.0,3.85
1726,content_2fea65c75ada,client_19581e27de,0.5013586893825942,HOLD,LOW_PRIORITY_SIGNAL,HOLD,6286,49,112,0.62,2.2,3322.0,10.2
1727,content_ec2b30990125,client_19581e27de,0.501224405994718,HOLD,LOW_PRIORITY_SIGNAL,HOLD,247,35,98,0.81,8.5,3159.0,0.0
1728,content_e6fa6700bacf,client_9f14025af0,0.5011543638688528,HOLD,LOW_PRIORITY_SIGNAL,HOLD,739,6,306,0.27,86.9,958.0,0.0
1729,content_3010d36d9ac5,client_19581e27de,0.5011465739568244,HOLD,LOW_PRIORITY_SIGNAL,HOLD,527,6,103,0.57,28.2,2989.0,0.0
1730,content_0ed946742162,client_349c41201b,0.5010036356705097,HOLD,LOW_PRIORITY_SIGNAL,HOLD,12365,42,126,0.3,5.0,2977.0,2.38
1731,content_ef5327e8bcab,client_349c41201b,0.5009698880536738,HOLD,LOW_PRIORITY_SIGNAL,HOLD,9476,112,168,0.21,9.7,4710.0,3.57
1732,content_9ce4789eadef,client_19581e27de,0.5007956074667305,HOLD,LOW_PRIORITY_SIGNAL,HOLD,7586,125,313,0.15,9.7,2442.0,3.2
1733,content_1dfabe7b1fe8,client_349c41201b,0.5007425372314138,HOLD,LOW_PRIORITY_SIGNAL,HOLD,9582,40,111,0.49,2.9,2797.0,2.5
1734,content_e4c7e6538cd1,client_19581e27de,0.5003702600869687,HOLD,LOW_PRIORITY_SIGNAL,HOLD,107064,490,139,0.37,4.8,3322.0,1.02
1735,content_53985d85a880,client_624b60c58c,0.5001573856341648,HOLD,LOW_PRIORITY_SIGNAL,HOLD,454,12,313,0.88,11.6,3809.0,0.0
1736,content_75fbdba86f32,client_19581e27de,0.5001339053203785,HOLD,LOW_PRIORITY_SIGNAL,HOLD,7387,112,91,0.76,4.7,2364.0,4.46
1737,content_019a829a1113,client_19581e27de,0.4998993715863251,HOLD,LOW_PRIORITY_SIGNAL,HOLD,18349,28,119,0.15,5.8,2821.0,7.14
1738,content_94e6fd895375,client_349c41201b,0.4996844355440298,HOLD,LOW_PRIORITY_SIGNAL,HOLD,3103,59,111,0.48,8.9,3042.0,5.08
1739,content_f867867bbb3e,client_19581e27de,0.4996289363504357,HOLD,LOW_PRIORITY_SIGNAL,HOLD,11462,59,124,0.21,5.8,3392.0,5.08
1740,content_a2a22d305082,client_19581e27de,0.49955594273849746,HOLD,LOW_PRIORITY_SIGNAL,HOLD,25194,63,126,0.31,3.2,2751.0,1.59
1741,content_ff54e39a0082,client_19581e27de,0.4994743870357802,HOLD,LOW_PRIORITY_SIGNAL,HOLD,9323,52,103,0.47,4.2,3076.0,3.85
1742,content_6f39353da1cb,client_349c41201b,0.49946607434722223,HOLD,LOW_PRIORITY_SIGNAL,HOLD,9988,58,111,0.26,8.3,3185.0,1.72
1743,content_389123aac313,client_349c41201b,0.4993726252082011,HOLD,LOW_PRIORITY_SIGNAL,HOLD,19630,80,126,0.23,10.7,2764.0,5.0
1744,content_665f5a8fe97d,client_19581e27de,0.49920229165701124,HOLD,LOW_PRIORITY_SIGNAL,HOLD,6948,44,119,0.69,3.1,3489.0,0.0
1745,content_a8ee3b8ed390,client_624b60c58c,0.49915111988805694,HOLD,LOW_PRIORITY_SIGNAL,HOLD,26,2,277,0.0,6.7,3301.0,0.0
1746,content_8551acbf2599,client_349c41201b,0.49903497637361577,HOLD,LOW_PRIORITY_SIGNAL,HOLD,25896,69,104,0.1,11.3,3067.0,2.9
1747,content_ed853ea55b67,client_9f14025af0,0.49881171629138243,HOLD,LOW_PRIORITY_SIGNAL,HOLD,21,2,335,9.52,21.9,1047.0,0.0
1748,content_46d37aa6356b,client_19581e27de,0.4983937914502835,HOLD,LOW_PRIORITY_SIGNAL,HOLD,6584,30,112,0.27,4.7,3125.0,3.33
1749,content_eb9602007da9,client_624b60c58c,0.4983364075061183,HOLD,LOW_PRIORITY_SIGNAL,HOLD,623,6,112,0.8,9.1,4043.0,0.0
1750,content_8786e5a4b23b,client_349c41201b,0.4982545240945647,HOLD,LOW_PRIORITY_SIGNAL,HOLD,7750,60,95,0.62,6.2,2760.0,5.0
1751,content_b265b08d103e,client_349c41201b,0.49809636450613753,HOLD,LOW_PRIORITY_SIGNAL,HOLD,7316,27,126,0.31,7.5,3117.0,3.7
1752,content_66ceb229dc4f,client_19581e27de,0.49791651501112905,HOLD,LOW_PRIORITY_SIGNAL,HOLD,7273,36,95,0.43,6.2,2976.0,2.78
1753,content_c48cf0e2b86a,client_19581e27de,0.49789927142626716,HOLD,LOW_PRIORITY_SIGNAL,HOLD,5280,42,313,0.23,9.9,2430.0,4.76
1754,content_747e7a9c67f2,client_19581e27de,0.49763401939446344,HOLD,LOW_PRIORITY_SIGNAL,HOLD,19696,42,124,0.15,8.0,3245.0,2.38
1755,content_5d7ccc1c7f5d,client_19581e27de,0.4976063943362838,HOLD,LOW_PRIORITY_SIGNAL,HOLD,7560,41,112,0.73,1.6,3078.0,0.0
1756,content_8415ffcc55e6,client_19581e27de,0.49743861411956336,HOLD,LOW_PRIORITY_SIGNAL,HOLD,5821,97,313,0.21,8.0,2718.0,2.06
1757,content_479a90a57794,client_9f14025af0,0.49743015086260284,HOLD,LOW_PRIORITY_SIGNAL,HOLD,23,1,347,0.0,67.0,1049.0,0.0
1758,content_5e6e127e06e3,client_19581e27de,0.4972862319341596,HOLD,LOW_PRIORITY_SIGNAL,HOLD,4509,44,112,0.67,3.1,2846.0,2.27
1759,content_ee2e3c99fac1,client_19581e27de,0.49682676123269603,HOLD,LOW_PRIORITY_SIGNAL,HOLD,7944,59,257,0.18,8.7,2745.0,5.08
1760,content_7ef2e2b474ce,client_624b60c58c,0.4967774439842731,HOLD,LOW_PRIORITY_SIGNAL,HOLD,42,2,116,0.0,7.6,4105.0,0.0
1761,content_26f4adfed722,client_19581e27de,0.4967015860948195,HOLD,LOW_PRIORITY_SIGNAL,HOLD,16567,152,139,0.91,3.3,4165.0,1.97
1762,content_8d803e46a792,client_349c41201b,0.4959359859447456,HOLD,LOW_PRIORITY_SIGNAL,HOLD,7966,25,111,0.31,5.1,3179.0,4.0
1763,content_cc9de379b52f,client_349c41201b,0.4958780168122231,HOLD,LOW_PRIORITY_SIGNAL,HOLD,2446,40,124,1.47,6.6,2730.0,0.0
1764,content_fd9c65c364f1,client_9f14025af0,0.495779608174811,HOLD,LOW_PRIORITY_SIGNAL,HOLD,30,1,298,0.0,41.1,1105.0,0.0
1765,content_4f81b031719a,client_19581e27de,0.4955878654900519,HOLD,LOW_PRIORITY_SIGNAL,HOLD,13286,40,124,0.39,6.1,2875.0,0.0
1766,content_920260fb59ad,client_349c41201b,0.49513006540809557,HOLD,LOW_PRIORITY_SIGNAL,HOLD,42600,115,119,0.19,6.2,3106.0,0.0
1767,content_8537b7133dcd,client_19581e27de,0.494911644483936,HOLD,LOW_PRIORITY_SIGNAL,HOLD,4883,24,119,0.68,6.1,2295.0,0.0
1768,content_0c87fe8d58d9,client_19581e27de,0.49464737020009847,HOLD,LOW_PRIORITY_SIGNAL,HOLD,7005,48,126,0.53,4.8,2763.0,4.17
1769,content_59fdb55c9176,client_624b60c58c,0.49427381236760765,HOLD,LOW_PRIORITY_SIGNAL,HOLD,25,3,326,0.0,32.8,1696.0,0.0
1770,content_670de3ac3ca0,client_0b918943df,0.4942033897460614,HOLD,LOW_PRIORITY_SIGNAL,HOLD,530,19,106,1.7,7.0,4646.0,26.32
1771,content_f658880b08c0,client_19581e27de,0.49396380266866513,HOLD,LOW_PRIORITY_SIGNAL,HOLD,11421,30,103,0.28,4.8,3192.0,0.0
1772,content_35d23a602ff1,client_349c41201b,0.4936628402914365,HOLD,LOW_PRIORITY_SIGNAL,HOLD,6965,48,126,0.55,7.9,2834.0,2.08
1773,content_d4b21d71f206,client_19581e27de,0.49349780660484377,HOLD,LOW_PRIORITY_SIGNAL,HOLD,15029,51,119,0.3,4.4,2757.0,1.96
1774,content_7df8d787d333,client_624b60c58c,0.4931891088659707,HOLD,LOW_PRIORITY_SIGNAL,HOLD,6461,84,286,0.79,4.4,4120.0,1.19
1775,content_743820ac9a57,client_9f14025af0,0.492977607508063,HOLD,LOW_PRIORITY_SIGNAL,HOLD,31,1,250,0.0,24.2,2942.0,0.0
1776,content_8103e5c38a7f,client_0b918943df,0.49278309534288867,HOLD,LOW_PRIORITY_SIGNAL,HOLD,22,3,347,0.0,7.9,2012.0,33.33
1777,content_25c46ad73f29,client_19581e27de,0.49264904346831934,HOLD,LOW_PRIORITY_SIGNAL,HOLD,8711,34,112,0.29,4.6,3252.0,2.94
1778,content_5af75d5fbe8b,client_19581e27de,0.492582936582876,HOLD,LOW_PRIORITY_SIGNAL,HOLD,7121,79,313,0.27,8.9,2624.0,2.53
1779,content_b30658e60cbe,client_19581e27de,0.4923775015200143,HOLD,LOW_PRIORITY_SIGNAL,HOLD,5428,26,236,0.53,8.7,2547.0,3.85
1780,content_bf2471d517c4,client_19581e27de,0.4918802520676806,HOLD,LOW_PRIORITY_SIGNAL,HOLD,9786,32,103,0.19,6.2,3090.0,6.25
1781,content_ead20edf3421,client_19581e27de,0.49140992050321974,HOLD,LOW_PRIORITY_SIGNAL,HOLD,5288,28,103,0.45,8.4,2852.0,3.57
1782,content_055fbe0b8545,client_624b60c58c,0.49076649514871584,HOLD,LOW_PRIORITY_SIGNAL,HOLD,48,2,115,0.0,6.8,4078.0,0.0
1783,content_8d34aba2a58d,client_349c41201b,0.49069713628849354,HOLD,LOW_PRIORITY_SIGNAL,HOLD,619,12,95,1.13,8.4,3197.0,0.0
1784,content_08544d2f84ef,client_349c41201b,0.48991335850377615,HOLD,LOW_PRIORITY_SIGNAL,HOLD,2440,39,104,0.45,12.6,3121.0,0.0
1785,content_19a325f2e20a,client_9f14025af0,0.4896183044204791,HOLD,LOW_PRIORITY_SIGNAL,HOLD,516,25,298,5.43,15.9,1125.0,16.0
1786,content_7e5cd57bb799,client_349c41201b,0.48934630570823606,HOLD,LOW_PRIORITY_SIGNAL,HOLD,8216,66,95,0.39,5.1,2898.0,1.52
1787,content_b1edb01d7ede,client_19581e27de,0.4891963001972389,HOLD,LOW_PRIORITY_SIGNAL,HOLD,11003,60,124,0.49,4.3,2779.0,1.67
1788,content_66b4d6070931,client_9f14025af0,0.4890463405477592,HOLD,LOW_PRIORITY_SIGNAL,HOLD,304,4,298,0.0,86.0,1043.0,25.0
1789,content_cbc0fcf44ec6,client_624b60c58c,0.489009729918913,HOLD,LOW_PRIORITY_SIGNAL,HOLD,852,10,279,0.94,7.3,3252.0,10.0
1790,content_5623027060c2,client_349c41201b,0.48889307148595695,HOLD,LOW_PRIORITY_SIGNAL,HOLD,6629,125,95,0.81,15.2,2941.0,1.6
1791,content_6879c0ef5259,client_19581e27de,0.4886401675511862,HOLD,LOW_PRIORITY_SIGNAL,HOLD,9671,43,103,0.27,5.5,2859.0,11.63
1792,content_d6d398a607b6,client_19581e27de,0.48858884376284195,HOLD,LOW_PRIORITY_SIGNAL,HOLD,21338,41,119,0.16,5.8,3385.0,2.44
1793,content_6957ac0b6cb7,client_19581e27de,0.48834844225794855,HOLD,LOW_PRIORITY_SIGNAL,HOLD,10820,23,103,0.18,6.4,2973.0,13.04
1794,content_bc35f14f6b7f,client_19581e27de,0.4876796232596452,HOLD,LOW_PRIORITY_SIGNAL,HOLD,1865,14,91,0.48,21.5,3227.0,0.0
1795,content_6ec4cdd012e0,client_349c41201b,0.4873778243499665,HOLD,LOW_PRIORITY_SIGNAL,HOLD,6372,47,124,0.63,5.4,3112.0,0.0
1796,content_7e54ed34517a,client_19581e27de,0.487318190067339,HOLD,LOW_PRIORITY_SIGNAL,HOLD,9614,41,119,0.32,5.5,2773.0,7.32
1797,content_e86d2fa57f50,client_349c41201b,0.4869385537988531,HOLD,LOW_PRIORITY_SIGNAL,HOLD,82631,666,111,1.22,13.2,3101.0,1.05
1798,content_a4fd2c3517e7,client_e629fa6598,0.4866485843178696,HOLD,LOW_PRIORITY_SIGNAL,HOLD,38,2,358,0.0,20.5,1329.0,0.0
1799,content_d856030de8bf,client_349c41201b,0.4864612720242367,HOLD,LOW_PRIORITY_SIGNAL,HOLD,7615,69,95,0.74,12.4,2857.0,1.45
1800,content_d08a1e921b11,client_0b918943df,0.48623967929128836,HOLD,LOW_PRIORITY_SIGNAL,HOLD,6,1,96,0.0,7.5,4417.0,0.0
1801,content_ac79a422ed69,client_349c41201b,0.4856306217532685,HOLD,LOW_PRIORITY_SIGNAL,HOLD,4510,66,111,0.75,11.0,3002.0,6.06
1802,content_2d1de7c67f89,client_9f14025af0,0.48562615800760045,HOLD,LOW_PRIORITY_SIGNAL,HOLD,31,1,347,0.0,62.0,1104.0,0.0
1803,content_5ce022a87396,client_19581e27de,0.48480887630648284,HOLD,LOW_PRIORITY_SIGNAL,HOLD,14004,46,112,0.37,4.4,2896.0,0.0
1804,content_e793ff6c3064,client_349c41201b,0.4846130640553233,HOLD,LOW_PRIORITY_SIGNAL,HOLD,16434,85,104,0.18,8.5,2718.0,1.18
1805,content_73a86b649162,client_349c41201b,0.4845240849278849,HOLD,LOW_PRIORITY_SIGNAL,HOLD,2630,30,118,0.95,13.1,2726.0,6.67
1806,content_47a3bff9d668,client_19581e27de,0.4843246916198895,HOLD,LOW_PRIORITY_SIGNAL,HOLD,4272,14,417,0.02,9.7,2684.0,28.57
1807,content_be9ee47a9fd4,client_19581e27de,0.48428622592780096,HOLD,LOW_PRIORITY_SIGNAL,HOLD,31855,91,126,0.3,4.1,2716.0,6.59
1808,content_a86b869134af,client_349c41201b,0.48415669337395234,HOLD,LOW_PRIORITY_SIGNAL,HOLD,4839,54,111,0.54,5.5,2638.0,0.0
1809,content_26ed42144892,client_19581e27de,0.48381310896556085,HOLD,LOW_PRIORITY_SIGNAL,HOLD,25123,52,119,0.21,3.9,2739.0,3.85
1810,content_0d776d6de20c,client_19581e27de,0.4837954986338858,HOLD,LOW_PRIORITY_SIGNAL,HOLD,5583,32,119,0.68,4.7,2871.0,9.38
1811,content_8f593155da21,client_349c41201b,0.4834340082687409,HOLD,LOW_PRIORITY_SIGNAL,HOLD,5105,60,126,0.67,4.9,2778.0,5.0
1812,content_048c7b6e6ed8,client_19581e27de,0.48320334589169694,HOLD,LOW_PRIORITY_SIGNAL,HOLD,7559,51,126,0.61,6.5,2607.0,1.96
1813,content_69aca848f468,client_349c41201b,0.4830859735246246,HOLD,LOW_PRIORITY_SIGNAL,HOLD,32320,108,104,0.28,3.6,2684.0,0.0
1814,content_9f4a217696b2,client_19581e27de,0.4830285512627085,HOLD,LOW_PRIORITY_SIGNAL,HOLD,23977,90,95,0.24,5.1,2970.0,2.22
1815,content_c5a102d13aa5,client_349c41201b,0.48297055586990484,HOLD,LOW_PRIORITY_SIGNAL,HOLD,1269,17,111,0.95,8.5,3251.0,0.0
1816,content_c6ad6ff29803,client_349c41201b,0.48258475279826163,HOLD,LOW_PRIORITY_SIGNAL,HOLD,50691,160,111,0.22,5.9,3098.0,0.0
1817,content_e5ff426e94b2,client_624b60c58c,0.48236212858110894,HOLD,LOW_PRIORITY_SIGNAL,HOLD,1139,4,350,0.0,20.5,1914.0,0.0
1818,content_b2eee2c7042b,client_349c41201b,0.4821595025711881,HOLD,LOW_PRIORITY_SIGNAL,HOLD,1657,31,124,1.45,8.1,2868.0,3.23
1819,content_cbc1694430e5,client_624b60c58c,0.4821513955668629,HOLD,LOW_PRIORITY_SIGNAL,HOLD,98124,425,350,0.42,4.7,1360.0,0.24
1820,content_15ae70930bb3,client_349c41201b,0.48178526985752657,HOLD,LOW_PRIORITY_SIGNAL,HOLD,3055,84,165,1.31,6.1,4040.0,0.0
1821,content_076f1d6358a2,client_9f14025af0,0.4817469705164255,HOLD,LOW_PRIORITY_SIGNAL,HOLD,26,1,250,0.0,23.7,2455.0,0.0
1822,content_a0744f34c5d8,client_e629fa6598,0.48170104136468717,HOLD,LOW_PRIORITY_SIGNAL,HOLD,31,3,358,0.0,12.0,1204.0,0.0
1823,content_4fc39a2b8cf0,client_19581e27de,0.4816233139859414,HOLD,LOW_PRIORITY_SIGNAL,HOLD,160959,1137,119,0.69,2.6,2907.0,0.35
1824,content_7500fa056107,client_349c41201b,0.48134217348877373,HOLD,LOW_PRIORITY_SIGNAL,HOLD,5116,84,144,1.13,7.3,3574.0,0.0
1825,content_6c622872892d,client_624b60c58c,0.4813232057612412,HOLD,LOW_PRIORITY_SIGNAL,HOLD,23,6,129,0.0,6.9,3704.0,0.0
1826,content_de7526789916,client_624b60c58c,0.4812698305010897,HOLD,LOW_PRIORITY_SIGNAL,HOLD,19,3,132,0.0,13.9,3671.0,0.0
1827,content_ea7d20f84bf2,client_19581e27de,0.4811848420201098,HOLD,LOW_PRIORITY_SIGNAL,HOLD,8233,45,98,0.51,5.2,2674.0,4.44
1828,content_ad49fd2bb454,client_9f14025af0,0.4807915140714007,HOLD,LOW_PRIORITY_SIGNAL,HOLD,48,1,298,0.0,35.3,912.0,0.0
1829,content_10318b34b277,client_19581e27de,0.4806707007506318,HOLD,LOW_PRIORITY_SIGNAL,HOLD,24422,45,119,0.18,3.8,3238.0,2.22
1830,content_46b8e66998c8,client_624b60c58c,0.4804202289949852,HOLD,LOW_PRIORITY_SIGNAL,HOLD,25,5,130,0.0,6.0,3455.0,0.0
1831,content_a1c4525abad0,client_9f14025af0,0.48024752696048445,HOLD,LOW_PRIORITY_SIGNAL,HOLD,39,1,306,0.0,81.3,1128.0,0.0
1832,content_a632f0eab2f8,client_349c41201b,0.47969896415643426,HOLD,LOW_PRIORITY_SIGNAL,HOLD,7688,27,111,0.33,4.7,3012.0,0.0
1833,content_3cff52783e6b,client_349c41201b,0.4796703462407547,HOLD,LOW_PRIORITY_SIGNAL,HOLD,58317,246,126,0.24,27.8,2953.0,3.25
1834,content_2aa0af934942,client_19581e27de,0.47928891437310595,HOLD,LOW_PRIORITY_SIGNAL,HOLD,35934,132,126,0.34,4.6,3403.0,2.27
1835,content_a92dcc3b0d17,client_19581e27de,0.47921200222455856,HOLD,LOW_PRIORITY_SIGNAL,HOLD,39731,78,126,0.23,4.2,2676.0,1.28
1836,content_3fcb70b7ef22,client_19581e27de,0.47835536709097964,HOLD,LOW_PRIORITY_SIGNAL,HOLD,12886,39,98,0.17,5.8,3052.0,15.38
1837,content_a8261307d74d,client_19581e27de,0.47780357166982523,HOLD,LOW_PRIORITY_SIGNAL,HOLD,6950,40,112,0.42,5.6,2829.0,5.0
1838,content_9a94cd623d35,client_19581e27de,0.47768133084303294,HOLD,LOW_PRIORITY_SIGNAL,HOLD,88206,225,126,0.28,5.3,3284.0,0.44
1839,content_00e82614122d,client_19581e27de,0.4776303225589074,HOLD,LOW_PRIORITY_SIGNAL,HOLD,25257,116,126,0.48,4.2,3322.0,0.0
1840,content_c38264c7986e,client_349c41201b,0.47753068769780027,HOLD,LOW_PRIORITY_SIGNAL,HOLD,3694,27,111,0.6,5.9,2847.0,0.0
1841,content_b02a49492d84,client_624b60c58c,0.4775123340282928,HOLD,LOW_PRIORITY_SIGNAL,HOLD,12,1,302,0.0,11.7,4951.0,0.0
1842,content_4cccb705adfd,client_349c41201b,0.4771088748393603,HOLD,LOW_PRIORITY_SIGNAL,HOLD,44688,184,119,0.29,4.2,3156.0,0.0
1843,content_7a6ea7d3141c,client_19581e27de,0.47702063280370455,HOLD,LOW_PRIORITY_SIGNAL,HOLD,12326,49,112,0.18,5.8,3102.0,6.12
1844,content_e2cfaa546242,client_0b918943df,0.47701267483008464,HOLD,LOW_PRIORITY_SIGNAL,HOLD,40,1,107,0.0,6.0,3822.0,0.0
1845,content_cf3553c2dba6,client_349c41201b,0.47694914540748534,HOLD,LOW_PRIORITY_SIGNAL,HOLD,20275,99,95,0.25,10.0,2979.0,3.03
1846,content_cf638159ee3a,client_9f14025af0,0.47664041501459503,HOLD,LOW_PRIORITY_SIGNAL,HOLD,21,1,309,0.0,4.9,1082.0,0.0
1847,content_3f30e812f2e7,client_624b60c58c,0.47649276281688635,HOLD,LOW_PRIORITY_SIGNAL,HOLD,21,3,332,0.0,5.4,1265.0,0.0
1848,content_88c5b422a5df,client_349c41201b,0.47633923825288815,HOLD,LOW_PRIORITY_SIGNAL,HOLD,44133,350,154,0.49,6.5,5644.0,1.43
1849,content_6c0f53f2f180,client_624b60c58c,0.4761663562263707,HOLD,LOW_PRIORITY_SIGNAL,HOLD,19,3,336,0.0,12.8,1431.0,0.0
1850,content_6ce7c2b03138,client_19581e27de,0.4757906609012248,HOLD,LOW_PRIORITY_SIGNAL,HOLD,85589,134,119,0.2,4.8,2847.0,0.0
1851,content_c97bec57fee6,client_624b60c58c,0.47571906125975927,HOLD,LOW_PRIORITY_SIGNAL,HOLD,2008,24,356,0.55,6.7,1460.0,4.17
1852,content_5a057de5a663,client_19581e27de,0.47539868832183074,HOLD,LOW_PRIORITY_SIGNAL,HOLD,6297,36,126,0.6,5.8,3184.0,5.56
1853,content_6f1395262ce6,client_349c41201b,0.4753596730367286,HOLD,LOW_PRIORITY_SIGNAL,HOLD,45168,469,154,0.63,8.3,7153.0,1.49
1854,content_ab8c611799d9,client_349c41201b,0.47526437347815614,HOLD,LOW_PRIORITY_SIGNAL,HOLD,9755,59,126,0.48,8.9,2746.0,3.39
1855,content_6fad5f399883,client_19581e27de,0.4747372479083601,HOLD,LOW_PRIORITY_SIGNAL,HOLD,11847,38,103,0.26,5.7,2916.0,2.63
1856,content_d5ff4b1c8ab1,client_19581e27de,0.47460755056188825,HOLD,LOW_PRIORITY_SIGNAL,HOLD,34149,80,98,0.21,3.7,2649.0,2.5
1857,content_5e34097ef786,client_19581e27de,0.4744219351313636,HOLD,LOW_PRIORITY_SIGNAL,HOLD,2419,27,119,0.95,4.2,2959.0,3.7
1858,content_1040deaffe20,client_9f14025af0,0.47404213066054396,HOLD,LOW_PRIORITY_SIGNAL,HOLD,12,1,335,0.0,6.9,1044.0,0.0
1859,content_5ccbc1f71b1a,client_624b60c58c,0.47379886326922205,HOLD,LOW_PRIORITY_SIGNAL,HOLD,17,4,125,0.0,4.5,3622.0,0.0
1860,content_7608d4b1fd0e,client_624b60c58c,0.4734976782524831,HOLD,LOW_PRIORITY_SIGNAL,HOLD,66,5,295,1.52,8.5,3378.0,0.0
1861,content_3adb9ecb990a,client_624b60c58c,0.47311830634017277,HOLD,LOW_PRIORITY_SIGNAL,HOLD,21,1,309,0.0,8.8,3737.0,0.0
1862,content_03d2673b2553,client_19581e27de,0.4731073018066833,HOLD,LOW_PRIORITY_SIGNAL,HOLD,143314,1173,126,0.83,1.9,2840.0,0.94
1863,content_4713777b5cdf,client_624b60c58c,0.4724249678311614,HOLD,LOW_PRIORITY_SIGNAL,HOLD,137,10,308,1.46,9.3,4180.0,0.0
1864,content_27cc39636997,client_19581e27de,0.47235047225016435,HOLD,LOW_PRIORITY_SIGNAL,HOLD,2577,26,95,0.74,4.8,3000.0,0.0
1865,content_888cec2400d8,client_349c41201b,0.4722913226352496,HOLD,LOW_PRIORITY_SIGNAL,HOLD,4988,116,104,0.48,12.6,2852.0,2.59
1866,content_ee46e01e50e6,client_19581e27de,0.47183402416927017,HOLD,LOW_PRIORITY_SIGNAL,HOLD,12425,30,98,0.3,5.5,3266.0,0.0
1867,content_89e9e2869b72,client_19581e27de,0.47182167717969664,HOLD,LOW_PRIORITY_SIGNAL,HOLD,167,3,103,1.8,6.8,2760.0,0.0
1868,content_ad528d322795,client_19581e27de,0.47139538779271745,HOLD,LOW_PRIORITY_SIGNAL,HOLD,27483,47,123,0.14,5.7,2987.0,2.13
1869,content_49f38a8f17bc,client_19581e27de,0.4713314796506913,HOLD,LOW_PRIORITY_SIGNAL,HOLD,1965,37,95,1.78,5.5,2677.0,0.0
1870,content_4cb4faf99e2e,client_9f14025af0,0.47111013687751735,HOLD,LOW_PRIORITY_SIGNAL,HOLD,175,1,298,0.0,83.5,978.0,0.0
1871,content_929e148374a8,client_349c41201b,0.4708624159770093,HOLD,LOW_PRIORITY_SIGNAL,HOLD,17173,141,111,0.36,10.7,3287.0,0.0
1872,content_89685a4bc632,client_9f14025af0,0.470588329826761,HOLD,LOW_PRIORITY_SIGNAL,HOLD,10,2,347,10.0,31.6,1202.0,0.0
1873,content_99627d6bcfc8,client_349c41201b,0.4705152259115273,HOLD,LOW_PRIORITY_SIGNAL,HOLD,1343,31,95,1.04,4.8,2924.0,0.0
1874,content_5f5b48d17daa,client_9f14025af0,0.47044812452425916,HOLD,LOW_PRIORITY_SIGNAL,HOLD,14,1,335,0.0,36.1,1092.0,0.0
1875,content_1519eb0e4286,client_19581e27de,0.470250979842274,HOLD,LOW_PRIORITY_SIGNAL,HOLD,16810,61,95,0.3,5.5,3040.0,3.28
1876,content_bbd29ea092f6,client_19581e27de,0.4696058339700388,HOLD,LOW_PRIORITY_SIGNAL,HOLD,14062,62,95,0.4,5.7,3019.0,4.84
1877,content_dd084ff431e6,client_349c41201b,0.46939367655120207,HOLD,LOW_PRIORITY_SIGNAL,HOLD,47111,148,126,0.23,12.3,2809.0,0.68
1878,content_7b3f5571cb31,client_9f14025af0,0.4692851459438295,HOLD,LOW_PRIORITY_SIGNAL,HOLD,13,1,347,0.0,48.7,995.0,0.0
1879,content_1b875d769b1f,client_9f14025af0,0.46925480321924595,HOLD,LOW_PRIORITY_SIGNAL,HOLD,82,1,250,1.22,0.4,2919.0,100.0
1880,content_c1fbc07b1948,client_349c41201b,0.4689432926769452,HOLD,LOW_PRIORITY_SIGNAL,HOLD,8681,57,118,0.46,7.8,3022.0,0.0
1881,content_36e02e752813,client_349c41201b,0.4683594771248775,HOLD,LOW_PRIORITY_SIGNAL,HOLD,1129,27,119,1.95,6.4,2777.0,3.7
1882,content_0685607eb33f,client_0b918943df,0.4679696566945226,HOLD,LOW_PRIORITY_SIGNAL,HOLD,40,1,347,2.5,12.7,1734.0,0.0
1883,content_66b8b655fbf3,client_349c41201b,0.4674722425096228,HOLD,LOW_PRIORITY_SIGNAL,HOLD,7377,117,168,0.81,6.3,3265.0,1.71
1884,content_6a1258a28d2b,client_19581e27de,0.4671571648751938,HOLD,LOW_PRIORITY_SIGNAL,HOLD,6965,56,95,0.4,5.3,3261.0,5.36
1885,content_b0e7b7ce954a,client_349c41201b,0.46677466112438026,HOLD,LOW_PRIORITY_SIGNAL,HOLD,2306,29,119,1.08,11.7,3451.0,0.0
1886,content_b2c7c85e60fc,client_349c41201b,0.4667278636421117,HOLD,LOW_PRIORITY_SIGNAL,HOLD,67487,299,104,0.33,16.9,2972.0,1.67
1887,content_5cae0f2baec8,client_19581e27de,0.4660116150153994,HOLD,LOW_PRIORITY_SIGNAL,HOLD,6755,40,103,0.53,7.3,2908.0,5.0
1888,content_066b35b38e73,client_19581e27de,0.46585527036814706,HOLD,LOW_PRIORITY_SIGNAL,HOLD,13161,42,330,0.18,6.6,2680.0,9.52
1889,content_04f0d2ee552d,client_19581e27de,0.4656967900373326,HOLD,LOW_PRIORITY_SIGNAL,HOLD,37671,125,95,0.31,4.4,3004.0,2.4
1890,content_84c49ef04e06,client_19581e27de,0.46520705759460795,HOLD,LOW_PRIORITY_SIGNAL,HOLD,26533,84,98,0.3,2.8,3054.0,3.57
1891,content_0e503da1ea7f,client_349c41201b,0.46518422409901405,HOLD,LOW_PRIORITY_SIGNAL,HOLD,20057,73,111,0.26,8.6,2641.0,2.74
1892,content_62c42da31066,client_02d20bbd7e,0.4648853717730409,HOLD,LOW_PRIORITY_SIGNAL,HOLD,70,6,332,4.29,16.0,1509.0,16.67
1893,content_b05ffd0a5b21,client_624b60c58c,0.4647464892004336,HOLD,LOW_PRIORITY_SIGNAL,HOLD,18,1,282,0.0,8.3,4122.0,0.0
1894,content_abce73a365e1,client_624b60c58c,0.4646386847498002,HOLD,LOW_PRIORITY_SIGNAL,HOLD,17,6,131,0.0,11.1,3567.0,0.0
1895,content_c06d9718f701,client_9f14025af0,0.46436833500653846,HOLD,LOW_PRIORITY_SIGNAL,HOLD,23,2,249,4.35,4.9,3190.0,50.0
1896,content_7664a2c4d132,client_19581e27de,0.464365273395478,HOLD,LOW_PRIORITY_SIGNAL,HOLD,14536,52,126,0.34,5.7,3038.0,1.92
1897,content_5332dc6def67,client_19581e27de,0.46432398594389457,HOLD,LOW_PRIORITY_SIGNAL,HOLD,14706,53,119,0.41,4.4,3104.0,1.89
1898,content_cc39b850c02c,client_349c41201b,0.46421130689890794,HOLD,LOW_PRIORITY_SIGNAL,HOLD,25686,202,111,0.44,16.1,2971.0,1.49
1899,content_501471f683c3,client_349c41201b,0.46398954535769116,HOLD,LOW_PRIORITY_SIGNAL,HOLD,9495,72,95,0.55,4.2,2658.0,1.39
1900,content_03864ce9fff3,client_19581e27de,0.4639384401032891,HOLD,LOW_PRIORITY_SIGNAL,HOLD,29187,96,98,0.3,6.3,3123.0,0.0
1901,content_56f71ab8247a,client_624b60c58c,0.46364503321894945,HOLD,LOW_PRIORITY_SIGNAL,HOLD,327,12,109,3.36,9.8,3939.0,0.0
1902,content_4d8300a85bf0,client_19581e27de,0.46359061203687096,HOLD,LOW_PRIORITY_SIGNAL,HOLD,19,1,126,0.0,2.8,2711.0,0.0
1903,content_6b3ebd474702,client_624b60c58c,0.46356791569021183,HOLD,LOW_PRIORITY_SIGNAL,HOLD,11,2,126,0.0,4.7,3449.0,0.0
1904,content_5cd17e081ce9,client_624b60c58c,0.4635376554478626,HOLD,LOW_PRIORITY_SIGNAL,HOLD,37,4,110,0.0,6.0,4517.0,0.0
1905,content_ffa3436e1d30,client_624b60c58c,0.4626443377794099,HOLD,LOW_PRIORITY_SIGNAL,HOLD,17,26,131,0.0,14.0,3234.0,3.85
1906,content_98cdf28056d9,client_624b60c58c,0.4625701284092399,HOLD,LOW_PRIORITY_SIGNAL,HOLD,19,2,125,0.0,6.5,4536.0,0.0
1907,content_84c87bae6b02,client_349c41201b,0.46246452731844606,HOLD,LOW_PRIORITY_SIGNAL,HOLD,6215,99,104,1.37,12.7,2674.0,1.01
1908,content_af2459ea6cc1,client_19581e27de,0.4620696904997265,HOLD,LOW_PRIORITY_SIGNAL,HOLD,6854,25,103,0.39,5.3,3114.0,0.0
1909,content_327bbfd6df97,client_624b60c58c,0.46206368874157633,HOLD,LOW_PRIORITY_SIGNAL,HOLD,38,1,111,0.0,5.7,4458.0,0.0
1910,content_c9c390b54f43,client_349c41201b,0.46190476994542323,HOLD,LOW_PRIORITY_SIGNAL,HOLD,20601,64,111,0.23,5.2,2976.0,4.69
1911,content_ad9db7b39ece,client_19581e27de,0.4615876092531737,HOLD,LOW_PRIORITY_SIGNAL,HOLD,8628,47,103,0.3,6.9,3232.0,8.51
1912,content_c28237cbd2b8,client_9f14025af0,0.4615650786887018,HOLD,LOW_PRIORITY_SIGNAL,HOLD,10,1,306,0.0,17.0,1258.0,0.0
1913,content_5686485cfdfc,client_9f14025af0,0.46099040249298107,HOLD,LOW_PRIORITY_SIGNAL,HOLD,3124,57,298,2.08,53.6,961.0,8.77
1914,content_7736e6144f3b,client_624b60c58c,0.4605215653451771,HOLD,LOW_PRIORITY_SIGNAL,HOLD,11,1,305,0.0,5.2,4250.0,0.0
1915,content_b213abe5e448,client_19581e27de,0.46050161228110925,HOLD,LOW_PRIORITY_SIGNAL,HOLD,13648,40,119,0.26,7.0,2988.0,5.0
1916,content_42b538e1d8f0,client_19581e27de,0.46034269734950795,HOLD,LOW_PRIORITY_SIGNAL,HOLD,61021,110,126,0.2,5.7,3375.0,0.91
1917,content_de67b224bcef,client_9f14025af0,0.45999687992902205,HOLD,LOW_PRIORITY_SIGNAL,HOLD,65,2,347,0.0,73.7,1175.0,0.0
1918,content_ace85f57637c,client_19581e27de,0.45906970083078236,HOLD,LOW_PRIORITY_SIGNAL,HOLD,13193,41,119,0.33,6.7,2986.0,2.44
1919,content_c60bf32d32fd,client_19581e27de,0.45870303878455476,HOLD,LOW_PRIORITY_SIGNAL,HOLD,62990,114,445,0.06,8.4,2862.0,0.0
1920,content_26f40e1cc860,client_9f14025af0,0.4586892225555336,HOLD,LOW_PRIORITY_SIGNAL,HOLD,17,1,306,0.0,36.0,1137.0,0.0
1921,content_3981b6349fa5,client_624b60c58c,0.4582501267215896,HOLD,LOW_PRIORITY_SIGNAL,HOLD,43,3,109,0.0,5.4,4259.0,0.0
1922,content_2e4d11f6703c,client_9f14025af0,0.4579710003796968,HOLD,LOW_PRIORITY_SIGNAL,HOLD,15,1,347,6.67,30.9,961.0,0.0
1923,content_c2f3a5863230,client_19581e27de,0.45795642231930755,HOLD,LOW_PRIORITY_SIGNAL,HOLD,6892,40,119,0.42,6.3,3236.0,5.0
1924,content_148adb1c7ee5,client_19581e27de,0.45793313799848595,HOLD,LOW_PRIORITY_SIGNAL,HOLD,23847,78,126,0.29,4.7,3146.0,2.56
1925,content_a5de7106e8a0,client_19581e27de,0.4578453420629024,HOLD,LOW_PRIORITY_SIGNAL,HOLD,46986,71,98,0.1,5.9,2893.0,4.23
1926,content_2a0d93e5fed8,client_9f14025af0,0.4572481738273126,HOLD,LOW_PRIORITY_SIGNAL,HOLD,7,1,347,0.0,31.4,1225.0,0.0
1927,content_8ba747cf969e,client_349c41201b,0.45720746578635185,HOLD,LOW_PRIORITY_SIGNAL,HOLD,152968,515,140,0.15,9.1,4307.0,1.55
1928,content_8af814faaae5,client_349c41201b,0.4571139262894552,HOLD,LOW_PRIORITY_SIGNAL,HOLD,7620,59,111,0.72,4.6,2837.0,5.08
1929,content_f6107dd52531,client_349c41201b,0.4570750963530623,HOLD,LOW_PRIORITY_SIGNAL,HOLD,1529,6,126,0.0,52.5,2601.0,0.0
1930,content_534d72bd1ad5,client_0b918943df,0.4570411460554464,HOLD,LOW_PRIORITY_SIGNAL,HOLD,25,1,118,0.0,6.6,3772.0,0.0
1931,content_6d25ab4d537b,client_349c41201b,0.45703792138213006,HOLD,LOW_PRIORITY_SIGNAL,HOLD,35531,196,95,0.24,5.0,3033.0,1.53
1932,content_857d9143ce4a,client_349c41201b,0.45663803055825697,HOLD,LOW_PRIORITY_SIGNAL,HOLD,16355,158,148,0.49,8.7,3583.0,1.9
1933,content_8ba4b34b1d89,client_19581e27de,0.4566017041114426,HOLD,LOW_PRIORITY_SIGNAL,HOLD,10422,74,95,0.66,3.2,2959.0,2.7
1934,content_e2442f120cad,client_624b60c58c,0.4565251360910414,HOLD,LOW_PRIORITY_SIGNAL,HOLD,63,4,113,1.59,12.9,4231.0,0.0
1935,content_623bbc899dc8,client_349c41201b,0.456484813867886,HOLD,LOW_PRIORITY_SIGNAL,HOLD,20168,93,95,0.31,4.6,3117.0,0.0
1936,content_e5f64e04bed0,client_349c41201b,0.45640617286688034,HOLD,LOW_PRIORITY_SIGNAL,HOLD,71278,287,154,0.3,8.1,3235.0,1.39
1937,content_e972bfa93458,client_02d20bbd7e,0.45581153299098637,HOLD,LOW_PRIORITY_SIGNAL,HOLD,16,4,332,0.0,4.5,1750.0,0.0
1938,content_44e481c8f55b,client_19581e27de,0.4557856252340606,HOLD,LOW_PRIORITY_SIGNAL,HOLD,312694,1963,112,0.65,1.4,3040.0,0.76
1939,content_6c36396adb50,client_9f14025af0,0.455718792228543,HOLD,LOW_PRIORITY_SIGNAL,HOLD,30,2,182,3.33,38.0,2975.0,0.0
1940,content_be312c217cb8,client_19581e27de,0.45565103897784154,HOLD,LOW_PRIORITY_SIGNAL,HOLD,4876,38,98,0.35,8.8,3362.0,0.0
1941,content_3f990382af7f,client_19581e27de,0.45564484107426023,HOLD,LOW_PRIORITY_SIGNAL,HOLD,19440,51,112,0.34,4.2,2838.0,1.96
1942,content_00a137cae4a5,client_624b60c58c,0.4556430921597979,HOLD,LOW_PRIORITY_SIGNAL,HOLD,300,6,102,2.33,8.4,3586.0,0.0
1943,content_b5c3a038ee4b,client_9f14025af0,0.4553259181068544,HOLD,LOW_PRIORITY_SIGNAL,HOLD,93,3,148,3.23,13.5,2542.0,33.33
1944,content_75d8bbeba401,client_19581e27de,0.4551858617546871,HOLD,LOW_PRIORITY_SIGNAL,HOLD,11456,59,119,0.63,3.4,2809.0,1.69
1945,content_4958b6e1c41a,client_02d20bbd7e,0.454815731561192,HOLD,LOW_PRIORITY_SIGNAL,HOLD,14,5,332,0.0,9.6,1388.0,0.0
1946,content_5a72e73d392a,client_19581e27de,0.4547575166167708,HOLD,LOW_PRIORITY_SIGNAL,HOLD,29413,118,91,0.34,5.0,3187.0,3.39
1947,content_897196ab06e7,client_349c41201b,0.45456605166029074,HOLD,LOW_PRIORITY_SIGNAL,HOLD,5970,41,119,0.57,5.2,3222.0,0.0
1948,content_381c736d9c26,client_19581e27de,0.4544087106398155,HOLD,LOW_PRIORITY_SIGNAL,HOLD,20484,46,119,0.17,5.6,2997.0,4.35
1949,content_181c04ccc936,client_19581e27de,0.4538251019377008,HOLD,LOW_PRIORITY_SIGNAL,HOLD,16555,58,126,0.31,6.2,3069.0,5.17
1950,content_7df0362cda2d,client_19581e27de,0.4537529248439365,HOLD,LOW_PRIORITY_SIGNAL,HOLD,81658,595,119,0.76,2.8,3010.0,0.67
1951,content_b5aa208925e6,client_9f14025af0,0.45357997673657363,HOLD,LOW_PRIORITY_SIGNAL,HOLD,21,1,347,0.0,11.1,1190.0,0.0
1952,content_00ca9b093e77,client_19581e27de,0.4532518675262066,HOLD,LOW_PRIORITY_SIGNAL,HOLD,46604,99,119,0.26,4.6,2780.0,4.04
1953,content_b8af94968fae,client_19581e27de,0.4531735599468132,HOLD,LOW_PRIORITY_SIGNAL,HOLD,9537,83,139,0.78,3.5,3288.0,1.2
1954,content_9eb76a403bb4,client_02d20bbd7e,0.4531241117413521,HOLD,LOW_PRIORITY_SIGNAL,HOLD,11,2,131,0.0,7.0,4898.0,0.0
1955,content_1c65094a9237,client_9f14025af0,0.45307590628712885,HOLD,LOW_PRIORITY_SIGNAL,HOLD,19,2,309,0.0,46.1,1112.0,0.0
1956,content_36bcd657d001,client_624b60c58c,0.4526999150200425,HOLD,LOW_PRIORITY_SIGNAL,HOLD,6079,28,356,0.25,5.2,1516.0,0.0
1957,content_6a6c19d11dfc,client_349c41201b,0.45262723723288845,HOLD,LOW_PRIORITY_SIGNAL,HOLD,4819,25,118,0.48,8.2,3289.0,0.0
1958,content_c4ba4f2b83d7,client_9f14025af0,0.45254382427162676,HOLD,LOW_PRIORITY_SIGNAL,HOLD,15,1,250,0.0,27.3,2353.0,0.0
1959,content_5194a0552c57,client_349c41201b,0.45247635849791207,HOLD,LOW_PRIORITY_SIGNAL,HOLD,7765,88,95,0.37,8.7,2848.0,3.41
1960,content_1344c04929e8,client_19581e27de,0.45243125627883707,HOLD,LOW_PRIORITY_SIGNAL,HOLD,15864,69,126,0.49,4.0,3159.0,2.9
1961,content_71af382e191c,client_624b60c58c,0.4523080485609621,HOLD,LOW_PRIORITY_SIGNAL,HOLD,9700,17,357,0.03,10.0,1350.0,0.0
1962,content_74ed886f93f2,client_19581e27de,0.45214832529854476,HOLD,LOW_PRIORITY_SIGNAL,HOLD,16747,67,329,0.17,13.2,3157.0,5.97
1963,content_02d52abbf6cc,client_19581e27de,0.4518680878215322,HOLD,LOW_PRIORITY_SIGNAL,HOLD,551,5,112,0.0,58.8,2897.0,0.0
1964,content_0a12f8c4704b,client_624b60c58c,0.45164893606126194,HOLD,LOW_PRIORITY_SIGNAL,HOLD,16,2,128,0.0,8.6,4384.0,0.0
1965,content_efca0a1fb6a7,client_9f14025af0,0.4515179796017098,HOLD,LOW_PRIORITY_SIGNAL,HOLD,17,1,306,0.0,31.5,1073.0,0.0
1966,content_429485955780,client_19581e27de,0.45148188342681417,HOLD,LOW_PRIORITY_SIGNAL,HOLD,46514,74,119,0.18,5.1,3301.0,2.7
1967,content_e32f2e8e9f79,client_349c41201b,0.4514246438495151,HOLD,LOW_PRIORITY_SIGNAL,HOLD,2540,28,95,0.71,8.7,3113.0,0.0
1968,content_35ee1f3f82f9,client_624b60c58c,0.4512521350920337,HOLD,LOW_PRIORITY_SIGNAL,HOLD,22,3,117,0.0,5.6,3845.0,0.0
1969,content_5bd2d5a5e124,client_19581e27de,0.45124333648347736,HOLD,LOW_PRIORITY_SIGNAL,HOLD,32742,77,119,0.23,3.4,3029.0,2.6
1970,content_ed3cebd8dc66,client_02d20bbd7e,0.45109191255573505,HOLD,LOW_PRIORITY_SIGNAL,HOLD,14,4,131,0.0,8.9,5020.0,0.0
1971,content_849e72832462,client_19581e27de,0.4509418457575112,HOLD,LOW_PRIORITY_SIGNAL,HOLD,2219,18,95,0.72,4.1,3465.0,0.0
1972,content_43238562dba5,client_19581e27de,0.45084339692349645,HOLD,LOW_PRIORITY_SIGNAL,HOLD,13339,83,103,0.24,5.9,2663.0,7.23
1973,content_01a590a95109,client_19581e27de,0.44992172778435235,HOLD,LOW_PRIORITY_SIGNAL,HOLD,41858,188,98,0.47,3.0,2934.0,0.53
1974,content_4d279a33ab35,client_349c41201b,0.44957374086099317,HOLD,LOW_PRIORITY_SIGNAL,HOLD,10080,70,111,0.36,6.9,3264.0,0.0
1975,content_23449ede2de6,client_624b60c58c,0.44957230932881104,HOLD,LOW_PRIORITY_SIGNAL,HOLD,5517,17,350,0.0,10.1,2351.0,0.0
1976,content_04c30c8a0ea1,client_19581e27de,0.44941495912928336,HOLD,LOW_PRIORITY_SIGNAL,HOLD,46538,177,126,0.39,3.7,2856.0,0.56
1977,content_83f9bed474e9,client_349c41201b,0.44916818236519573,HOLD,LOW_PRIORITY_SIGNAL,HOLD,6711,63,111,0.39,8.1,3005.0,3.17
1978,content_a97796e0e60d,client_624b60c58c,0.44879551465645856,HOLD,LOW_PRIORITY_SIGNAL,HOLD,82,2,350,0.0,22.2,1710.0,0.0
1979,content_ba38c74c6328,client_19581e27de,0.44841052192149283,HOLD,LOW_PRIORITY_SIGNAL,HOLD,9409,50,112,0.47,5.6,2872.0,2.0
1980,content_83163890c43a,client_19581e27de,0.44809392430714867,HOLD,LOW_PRIORITY_SIGNAL,HOLD,29822,129,126,0.44,3.1,2702.0,4.65
1981,content_30a537965729,client_349c41201b,0.44799714472116714,HOLD,LOW_PRIORITY_SIGNAL,HOLD,13561,231,168,1.19,7.3,3590.0,1.73
1982,content_f7b476744292,client_349c41201b,0.44682110048013823,HOLD,LOW_PRIORITY_SIGNAL,HOLD,5952,98,126,1.51,7.3,2437.0,0.0
1983,content_3077405acb14,client_349c41201b,0.4464882590353047,HOLD,LOW_PRIORITY_SIGNAL,HOLD,3181,55,95,1.26,4.8,3235.0,5.45
1984,content_8b63daffc832,client_19581e27de,0.44641936594911624,HOLD,LOW_PRIORITY_SIGNAL,HOLD,12019,45,112,0.36,6.4,2673.0,2.22
1985,content_083e8f8426f7,client_624b60c58c,0.4462753428784672,HOLD,LOW_PRIORITY_SIGNAL,HOLD,14,1,278,0.0,7.9,4000.0,0.0
1986,content_0b1ce176a9bc,client_19581e27de,0.4459698741262632,HOLD,LOW_PRIORITY_SIGNAL,HOLD,35416,90,119,0.23,4.1,2857.0,3.33
1987,content_2af283892b11,client_19581e27de,0.4454383885298885,HOLD,LOW_PRIORITY_SIGNAL,HOLD,90684,137,119,0.14,4.6,3360.0,0.73
1988,content_66f4465b333c,client_624b60c58c,0.4453555585712744,HOLD,LOW_PRIORITY_SIGNAL,HOLD,26,2,114,0.0,9.0,4145.0,0.0
1989,content_45636736e912,client_19581e27de,0.44528350342319334,HOLD,LOW_PRIORITY_SIGNAL,HOLD,112364,556,126,0.5,3.0,2896.0,1.44
1990,content_c833405a1090,client_349c41201b,0.44500212035463094,HOLD,LOW_PRIORITY_SIGNAL,HOLD,36015,220,140,0.29,7.7,4470.0,1.82
1991,content_eca8c1d6e4d8,client_624b60c58c,0.44470602108157253,HOLD,LOW_PRIORITY_SIGNAL,HOLD,15673,97,288,0.36,6.5,3642.0,2.06
1992,content_ec2d83092bbe,client_19581e27de,0.4446161641391603,HOLD,LOW_PRIORITY_SIGNAL,HOLD,93221,667,124,0.78,3.1,2466.0,0.75
1993,content_ac5958be9671,client_19581e27de,0.4442472782393703,HOLD,LOW_PRIORITY_SIGNAL,HOLD,23748,41,126,0.21,4.8,2773.0,2.44
1994,content_cd182fbad2a3,client_9f14025af0,0.444149018600165,HOLD,LOW_PRIORITY_SIGNAL,HOLD,74,2,298,1.35,48.7,948.0,0.0
1995,content_d013d78561ba,client_19581e27de,0.4440793093364022,HOLD,LOW_PRIORITY_SIGNAL,HOLD,8485,61,103,0.55,4.7,2980.0,4.92
1996,content_2aaba3c15677,client_624b60c58c,0.44351595730495086,HOLD,LOW_PRIORITY_SIGNAL,HOLD,10,2,126,0.0,4.3,3731.0,0.0
1997,content_8b9753dc17bd,client_349c41201b,0.44343801800415233,HOLD,LOW_PRIORITY_SIGNAL,HOLD,1628,4,126,0.0,53.0,2694.0,0.0
1998,content_18bcd1344fe5,client_349c41201b,0.44330015678232926,HOLD,LOW_PRIORITY_SIGNAL,HOLD,3886,44,104,0.44,35.8,3291.0,2.27
1999,content_4a6e2df5ebde,client_19581e27de,0.44317827127028164,HOLD,LOW_PRIORITY_SIGNAL,HOLD,13268,61,119,0.52,3.7,2992.0,1.64
2000,content_d4fc1b7789c0,client_19581e27de,0.4430749646253759,HOLD,LOW_PRIORITY_SIGNAL,HOLD,6687,108,362,0.3,7.4,3086.0,0.93
2001,content_689414059706,client_9f14025af0,0.44292158034322066,HOLD,LOW_PRIORITY_SIGNAL,HOLD,38,9,148,23.68,7.8,2661.0,33.33
2002,content_108e8e4899b7,client_9f14025af0,0.4428331611808055,HOLD,LOW_PRIORITY_SIGNAL,HOLD,21,2,335,4.76,13.3,1168.0,50.0
2003,content_0abcd9cc4578,client_19581e27de,0.4427976865346981,HOLD,LOW_PRIORITY_SIGNAL,HOLD,10516,93,103,0.69,3.0,2573.0,0.0
2004,content_6c40b8befe64,client_19581e27de,0.4423626396921874,HOLD,LOW_PRIORITY_SIGNAL,HOLD,21625,156,98,0.12,6.7,2878.0,1.28
2005,content_74b18eefe321,client_624b60c58c,0.4423438846193804,HOLD,LOW_PRIORITY_SIGNAL,HOLD,1189,32,116,1.35,7.7,3880.0,3.13
2006,content_5f6a12f94ad0,client_624b60c58c,0.4421433038827102,HOLD,LOW_PRIORITY_SIGNAL,HOLD,19,2,119,0.0,13.9,4369.0,0.0
2007,content_39bb03dea394,client_349c41201b,0.4420338372578136,HOLD,LOW_PRIORITY_SIGNAL,HOLD,39972,72,124,0.12,5.5,2965.0,4.17
2008,content_238b38150344,client_624b60c58c,0.4415846415628035,HOLD,LOW_PRIORITY_SIGNAL,HOLD,9,1,132,0.0,6.1,3412.0,0.0
2009,content_c7441728db08,client_19581e27de,0.4406468036105068,HOLD,LOW_PRIORITY_SIGNAL,HOLD,22973,39,126,0.19,6.6,3089.0,2.56
2010,content_6295c4f00597,client_9f14025af0,0.4405523194643077,HOLD,LOW_PRIORITY_SIGNAL,HOLD,44,1,249,0.0,75.8,2609.0,0.0
2011,content_717e10c0118b,client_349c41201b,0.44044819622202624,HOLD,LOW_PRIORITY_SIGNAL,HOLD,52148,127,119,0.14,13.3,2831.0,2.36
2012,content_7cf44fec01d4,client_19581e27de,0.44037062159105367,HOLD,LOW_PRIORITY_SIGNAL,HOLD,6980,56,98,0.57,6.0,2949.0,3.57
2013,content_4874594d5af0,client_349c41201b,0.4403439360559259,HOLD,LOW_PRIORITY_SIGNAL,HOLD,10739,40,111,0.45,6.5,2990.0,0.0
2014,content_51e019b46a0f,client_e629fa6598,0.44007384598811883,HOLD,LOW_PRIORITY_SIGNAL,HOLD,26,5,358,0.0,12.1,1532.0,0.0
2015,content_4f3fb0857ca9,client_19581e27de,0.4399272356023844,HOLD,LOW_PRIORITY_SIGNAL,HOLD,53012,381,124,0.69,4.1,3382.0,1.05
2016,content_9862ee0948fd,client_19581e27de,0.4399153970943165,HOLD,LOW_PRIORITY_SIGNAL,HOLD,8888,72,119,0.48,5.1,2951.0,2.78
2017,content_0e0d31bceed2,client_624b60c58c,0.4398337942911678,HOLD,LOW_PRIORITY_SIGNAL,HOLD,3015,30,356,0.2,12.3,1573.0,0.0
2018,content_70b74fda075b,client_349c41201b,0.43932980577639297,HOLD,LOW_PRIORITY_SIGNAL,HOLD,5153,118,95,2.21,7.1,2947.0,2.54
2019,content_425b2bc2cdb6,client_19581e27de,0.43927716758780716,HOLD,LOW_PRIORITY_SIGNAL,HOLD,74388,136,126,0.18,4.8,2974.0,1.47
2020,content_0250de88b12f,client_19581e27de,0.4392580645950227,HOLD,LOW_PRIORITY_SIGNAL,HOLD,33977,137,126,0.29,4.9,3067.0,4.38
2021,content_1a2c73e9b214,client_349c41201b,0.4389907738807846,HOLD,LOW_PRIORITY_SIGNAL,HOLD,2828,36,95,1.1,4.0,3234.0,2.78
2022,content_4069dc160907,client_19581e27de,0.43884521994761544,HOLD,LOW_PRIORITY_SIGNAL,HOLD,5020,180,445,0.08,19.8,3054.0,1.11
2023,content_d5ab35d2f20a,client_9f14025af0,0.4387742187161712,HOLD,LOW_PRIORITY_SIGNAL,HOLD,15,1,250,0.0,45.2,3068.0,0.0
2024,content_e9c6e67086f6,client_19581e27de,0.438298584554652,HOLD,LOW_PRIORITY_SIGNAL,HOLD,126441,309,124,0.21,4.5,3281.0,0.97
2025,content_9dbb19a88545,client_19581e27de,0.4380655517900039,HOLD,LOW_PRIORITY_SIGNAL,HOLD,38796,110,126,0.3,3.3,2837.0,2.73
2026,content_959f410eef67,client_19581e27de,0.4378572107785784,HOLD,LOW_PRIORITY_SIGNAL,HOLD,18804,98,95,0.28,6.0,2742.0,3.06
2027,content_f78762b4f26c,client_349c41201b,0.43756215612706795,HOLD,LOW_PRIORITY_SIGNAL,HOLD,14406,149,95,0.35,12.3,3021.0,9.4
2028,content_46c179f1a6a8,client_9f14025af0,0.43728441903443566,HOLD,LOW_PRIORITY_SIGNAL,HOLD,36,2,249,5.56,7.9,3002.0,0.0
2029,content_3cf8ce069ccb,client_349c41201b,0.4372019394797477,HOLD,LOW_PRIORITY_SIGNAL,HOLD,30593,77,119,0.2,5.0,2798.0,2.6
2030,content_b11a3b27f234,client_624b60c58c,0.43695190454088556,HOLD,LOW_PRIORITY_SIGNAL,HOLD,67,12,112,4.48,5.3,3734.0,0.0
2031,content_f2216ccfdb1d,client_349c41201b,0.43692226852502614,HOLD,LOW_PRIORITY_SIGNAL,HOLD,29455,128,119,0.41,12.4,2704.0,0.78
2032,content_14af58873e4f,client_349c41201b,0.4368823991477888,HOLD,LOW_PRIORITY_SIGNAL,HOLD,163479,1554,124,0.59,6.5,2983.0,0.9
2033,content_62791a0a5ff4,client_349c41201b,0.43677845612042027,HOLD,LOW_PRIORITY_SIGNAL,HOLD,7678,140,124,1.3,11.6,2820.0,3.57
2034,content_66a8801e9646,client_9f14025af0,0.4364101572544975,HOLD,LOW_PRIORITY_SIGNAL,HOLD,16,1,335,0.0,29.8,871.0,0.0
2035,content_f29201903f9c,client_624b60c58c,0.4359488454112688,HOLD,LOW_PRIORITY_SIGNAL,HOLD,23,1,117,0.0,6.8,3603.0,0.0
2036,content_0a57fc95c688,client_9f14025af0,0.4359062106461499,HOLD,LOW_PRIORITY_SIGNAL,HOLD,79,1,249,0.0,79.1,2572.0,0.0
2037,content_8cc1fac46e97,client_19581e27de,0.43574474355334686,HOLD,LOW_PRIORITY_SIGNAL,HOLD,31769,60,112,0.17,5.2,2526.0,5.0
2038,content_894959d26bd4,client_19581e27de,0.43463939705133803,HOLD,LOW_PRIORITY_SIGNAL,HOLD,24026,51,119,0.15,6.7,2980.0,9.8
2039,content_34f1efdc673f,client_19581e27de,0.434215888183555,HOLD,LOW_PRIORITY_SIGNAL,HOLD,6119,63,482,0.03,12.4,3325.0,0.0
2040,content_74635fef6230,client_624b60c58c,0.4341148585599078,HOLD,LOW_PRIORITY_SIGNAL,HOLD,7,5,131,0.0,8.1,3552.0,0.0
2041,content_a13a3a7bc09c,client_19581e27de,0.4340545832391697,HOLD,LOW_PRIORITY_SIGNAL,HOLD,6062,23,482,0.07,14.1,2815.0,0.0
2042,content_b85fd20a1e08,client_19581e27de,0.43379444724287697,HOLD,LOW_PRIORITY_SIGNAL,HOLD,21544,69,112,0.28,5.9,2736.0,1.45
2043,content_fcb376ef0f62,client_624b60c58c,0.4337331154705085,HOLD,LOW_PRIORITY_SIGNAL,HOLD,198,2,356,0.0,12.6,1871.0,0.0
2044,content_f854d38a561f,client_19581e27de,0.4333552035537027,HOLD,LOW_PRIORITY_SIGNAL,HOLD,10538,67,103,0.67,3.5,3151.0,0.0
2045,content_31e70284e7b0,client_9f14025af0,0.4333539563265414,HOLD,LOW_PRIORITY_SIGNAL,HOLD,10,1,298,0.0,52.8,1123.0,0.0
2046,content_83a658926a78,client_19581e27de,0.43333552167876527,HOLD,LOW_PRIORITY_SIGNAL,HOLD,51244,91,98,0.18,5.1,2937.0,3.3
2047,content_4522f0e80cfb,client_349c41201b,0.43295530364526597,HOLD,LOW_PRIORITY_SIGNAL,HOLD,2705,45,104,0.92,8.6,3030.0,0.0
2048,content_74d6d4d46019,client_9f14025af0,0.4327021006302275,HOLD,LOW_PRIORITY_SIGNAL,HOLD,6,1,347,0.0,43.3,1094.0,0.0
2049,content_dab75804d00b,client_624b60c58c,0.4325344954405005,HOLD,LOW_PRIORITY_SIGNAL,HOLD,13,4,131,0.0,3.0,3660.0,0.0
2050,content_c546a19ea740,client_19581e27de,0.4322169000481804,HOLD,LOW_PRIORITY_SIGNAL,HOLD,17171,56,103,0.44,3.4,3240.0,5.36
2051,content_e6ad35d19151,client_19581e27de,0.431943428915985,HOLD,LOW_PRIORITY_SIGNAL,HOLD,53510,130,126,0.16,4.7,3188.0,3.85
2052,content_6a5b01acb593,client_19581e27de,0.43099654890810407,HOLD,LOW_PRIORITY_SIGNAL,HOLD,8038,17,480,0.04,14.1,2506.0,0.0
2053,content_c65f7d13bd83,client_349c41201b,0.43091839006330124,HOLD,LOW_PRIORITY_SIGNAL,HOLD,22314,116,104,0.3,7.1,2901.0,0.0
2054,content_361740913080,client_9f14025af0,0.4308554482644884,HOLD,LOW_PRIORITY_SIGNAL,HOLD,15,1,347,0.0,16.4,1189.0,0.0
2055,content_094dc8785859,client_19581e27de,0.4304547479490624,HOLD,LOW_PRIORITY_SIGNAL,HOLD,13674,97,126,0.74,5.0,2945.0,0.0
2056,content_a5e702e85ca3,client_349c41201b,0.430301673165606,HOLD,LOW_PRIORITY_SIGNAL,HOLD,8674,133,118,0.93,13.4,3458.0,0.0
2057,content_524585c28046,client_9f14025af0,0.43023343392997404,HOLD,LOW_PRIORITY_SIGNAL,HOLD,20,1,306,0.0,20.6,1157.0,0.0
2058,content_abe429671051,client_e629fa6598,0.43014114502618606,HOLD,LOW_PRIORITY_SIGNAL,HOLD,19,1,358,5.26,30.2,1314.0,0.0
2059,content_4f1621bf91a6,client_19581e27de,0.4301133037757026,HOLD,LOW_PRIORITY_SIGNAL,HOLD,32029,138,112,0.49,2.4,3166.0,0.0
2060,content_9fff9b3a89de,client_9f14025af0,0.4298857858652354,HOLD,LOW_PRIORITY_SIGNAL,HOLD,58,8,249,12.07,9.4,2879.0,12.5
2061,content_ef2e8fc32620,client_624b60c58c,0.4295068332650908,HOLD,LOW_PRIORITY_SIGNAL,HOLD,26,2,109,0.0,7.0,4550.0,0.0
2062,content_cca5ddf9c1ad,client_349c41201b,0.4292768064537863,HOLD,LOW_PRIORITY_SIGNAL,HOLD,1672,50,95,1.32,6.6,3061.0,0.0
2063,content_ee645bbf4ca3,client_19581e27de,0.4291557932724799,HOLD,LOW_PRIORITY_SIGNAL,HOLD,14341,31,330,0.2,8.7,2389.0,9.68
2064,content_b974b50844c0,client_349c41201b,0.42905395223610937,HOLD,LOW_PRIORITY_SIGNAL,HOLD,6012,110,124,1.41,7.0,2840.0,0.0
2065,content_54c2e1a2f541,client_19581e27de,0.42831342682487256,HOLD,LOW_PRIORITY_SIGNAL,HOLD,7990,33,421,0.08,6.9,2958.0,0.0
2066,content_b7d553014cf8,client_9f14025af0,0.4281771772158025,HOLD,LOW_PRIORITY_SIGNAL,HOLD,103,3,182,1.94,15.0,2799.0,33.33
2067,content_641ab98da57d,client_624b60c58c,0.427692830636012,HOLD,LOW_PRIORITY_SIGNAL,HOLD,24,7,111,0.0,8.9,3793.0,0.0
2068,content_73df05a51da5,client_624b60c58c,0.4275289103465986,HOLD,LOW_PRIORITY_SIGNAL,HOLD,21,3,113,0.0,4.7,4448.0,0.0
2069,content_12230b9e8751,client_19581e27de,0.4272133920557596,HOLD,LOW_PRIORITY_SIGNAL,HOLD,6103,62,103,0.77,3.6,2762.0,1.61
2070,content_9573f22c8b16,client_349c41201b,0.42698062362818506,HOLD,LOW_PRIORITY_SIGNAL,HOLD,2406,37,95,1.21,7.2,2977.0,0.0
2071,content_eb28741ff2bd,client_9f14025af0,0.42611918373475766,HOLD,LOW_PRIORITY_SIGNAL,HOLD,13,1,347,0.0,52.9,1121.0,0.0
2072,content_f103fa895dc1,client_349c41201b,0.4260368974308834,HOLD,LOW_PRIORITY_SIGNAL,HOLD,3038,77,104,0.63,22.5,3076.0,1.3
2073,content_58f93a020d56,client_e629fa6598,0.4258002651223371,HOLD,LOW_PRIORITY_SIGNAL,HOLD,1314,10,358,0.61,9.4,1912.0,0.0
2074,content_ea1a20b56ead,client_349c41201b,0.4256862107020891,HOLD,LOW_PRIORITY_SIGNAL,HOLD,15741,80,126,0.42,8.7,2564.0,1.25
2075,content_4f10623f1729,client_19581e27de,0.4256432538562894,HOLD,LOW_PRIORITY_SIGNAL,HOLD,67635,115,139,0.14,7.6,3602.0,1.74
2076,content_b8fb3b4ab624,client_19581e27de,0.42541208971949146,HOLD,LOW_PRIORITY_SIGNAL,HOLD,19242,32,421,0.03,11.4,2805.0,6.25
2077,content_60b83f4c4dbd,client_e629fa6598,0.42522340757728694,HOLD,LOW_PRIORITY_SIGNAL,HOLD,24,1,358,0.0,24.1,1297.0,0.0
2078,content_89aa1fd193c6,client_624b60c58c,0.4250801877346473,HOLD,LOW_PRIORITY_SIGNAL,HOLD,13,6,133,0.0,5.4,4348.0,0.0
2079,content_3d3b6e494cc3,client_9f14025af0,0.42494398464052,HOLD,LOW_PRIORITY_SIGNAL,HOLD,96,1,250,2.08,54.7,2281.0,0.0
2080,content_2336c46f23e6,client_19581e27de,0.4249094772652144,HOLD,LOW_PRIORITY_SIGNAL,HOLD,56345,159,95,0.25,5.9,2611.0,0.63
2081,content_cf7cce7dd8c9,client_9f14025af0,0.4245642529702054,HOLD,LOW_PRIORITY_SIGNAL,HOLD,13,1,182,7.69,3.5,2751.0,100.0
2082,content_c21024970297,client_19581e27de,0.4243513640581572,HOLD,LOW_PRIORITY_SIGNAL,HOLD,211366,874,126,0.41,5.1,2874.0,1.49
2083,content_23d452af4198,client_349c41201b,0.4243053581691773,HOLD,LOW_PRIORITY_SIGNAL,HOLD,117948,1017,111,0.77,2.4,2915.0,1.47
2084,content_0be88b7c1f24,client_9f14025af0,0.42424221712590354,HOLD,LOW_PRIORITY_SIGNAL,HOLD,34,8,116,26.47,12.0,3233.0,62.5
2085,content_dc15af7f9670,client_624b60c58c,0.42419972052236,HOLD,LOW_PRIORITY_SIGNAL,HOLD,8,5,132,0.0,6.4,3986.0,0.0
2086,content_a296f4390de7,client_349c41201b,0.42398641537689324,HOLD,LOW_PRIORITY_SIGNAL,HOLD,41088,282,126,0.74,3.5,3212.0,1.42
2087,content_aa2ee8f3c782,client_9f14025af0,0.42394144840949083,HOLD,LOW_PRIORITY_SIGNAL,HOLD,7,1,250,0.0,28.6,3585.0,0.0
2088,content_431f82322746,client_02d20bbd7e,0.42359914585228303,HOLD,LOW_PRIORITY_SIGNAL,HOLD,13,2,332,0.0,8.4,1422.0,0.0
2089,content_65c12751b84f,client_19581e27de,0.423306410778996,HOLD,LOW_PRIORITY_SIGNAL,HOLD,97828,255,112,0.24,4.7,3311.0,1.57
2090,content_bb94c8783267,client_9f14025af0,0.422965012660155,HOLD,LOW_PRIORITY_SIGNAL,HOLD,8,1,306,0.0,45.4,1122.0,0.0
2091,content_3419aca9b782,client_19581e27de,0.42271220253552566,HOLD,LOW_PRIORITY_SIGNAL,HOLD,70784,916,112,1.46,2.2,3096.0,1.31
2092,content_d35673caa5e7,client_19581e27de,0.4226550742449492,HOLD,LOW_PRIORITY_SIGNAL,HOLD,20513,77,124,0.39,5.0,2852.0,0.0
2093,content_f20f68b3dc73,client_9f14025af0,0.42247162099713437,HOLD,LOW_PRIORITY_SIGNAL,HOLD,18,1,347,0.0,81.7,1113.0,0.0
2094,content_941b6761a4bb,client_19581e27de,0.4222536357709278,HOLD,LOW_PRIORITY_SIGNAL,HOLD,9708,66,95,0.6,4.7,2999.0,1.52
2095,content_4249a3775a77,client_19581e27de,0.4219871887518283,HOLD,LOW_PRIORITY_SIGNAL,HOLD,33844,64,112,0.19,5.2,3216.0,3.13
2096,content_d009995a398b,client_19581e27de,0.4216476308937457,HOLD,LOW_PRIORITY_SIGNAL,HOLD,29143,70,119,0.22,5.3,2941.0,4.29
2097,content_85b466769266,client_624b60c58c,0.4211503046250387,HOLD,LOW_PRIORITY_SIGNAL,HOLD,25,2,109,0.0,6.5,3721.0,0.0
2098,content_99bf0f67eb8d,client_19581e27de,0.4211020134301348,HOLD,LOW_PRIORITY_SIGNAL,HOLD,24737,57,112,0.23,7.6,3205.0,8.77
2099,content_e674ca53c514,client_19581e27de,0.4206619005435766,HOLD,LOW_PRIORITY_SIGNAL,HOLD,10764,19,362,0.05,16.0,2191.0,0.0
2100,content_68bf33ee433a,client_624b60c58c,0.42065076600447987,HOLD,LOW_PRIORITY_SIGNAL,HOLD,722,1,350,0.14,14.2,2149.0,0.0
2101,content_d3671c5c2280,client_349c41201b,0.4204018663912487,HOLD,LOW_PRIORITY_SIGNAL,HOLD,861,12,124,0.23,49.3,3069.0,0.0
2102,content_c7a0d0bdaeb3,client_349c41201b,0.4196422524953298,HOLD,LOW_PRIORITY_SIGNAL,HOLD,2957,31,104,1.05,5.6,2753.0,6.45
2103,content_979689b3b2a2,client_9f14025af0,0.41964078881813704,HOLD,LOW_PRIORITY_SIGNAL,HOLD,13,1,298,0.0,12.6,1225.0,0.0
2104,content_9fca4b97331f,client_349c41201b,0.41953621716362527,HOLD,LOW_PRIORITY_SIGNAL,HOLD,5385,50,111,0.71,5.6,2969.0,0.0
2105,content_e60192b8a0a9,client_624b60c58c,0.4184996709790348,HOLD,LOW_PRIORITY_SIGNAL,HOLD,870,22,356,0.0,13.7,1676.0,9.09
2106,content_910151d0570b,client_19581e27de,0.4179887507954823,HOLD,LOW_PRIORITY_SIGNAL,HOLD,23242,62,98,0.27,5.7,2461.0,1.61
2107,content_19e7842ebc63,client_9f14025af0,0.4179117511889255,HOLD,LOW_PRIORITY_SIGNAL,HOLD,7,1,306,0.0,33.1,1208.0,0.0
2108,content_ced2252120c8,client_349c41201b,0.41645719708477047,HOLD,LOW_PRIORITY_SIGNAL,HOLD,17316,106,126,0.2,8.4,3170.0,1.89
2109,content_5e3ab29c4ddb,client_9f14025af0,0.4163958447609171,HOLD,LOW_PRIORITY_SIGNAL,HOLD,11,16,249,0.0,69.3,2982.0,6.25
2110,content_1c4660ca11cc,client_9f14025af0,0.4162131016692263,HOLD,LOW_PRIORITY_SIGNAL,HOLD,13,1,347,0.0,77.8,942.0,0.0
2111,content_7e45f97d5bfc,client_19581e27de,0.41620404314299464,HOLD,LOW_PRIORITY_SIGNAL,HOLD,26254,83,112,0.31,4.6,2606.0,2.41
2112,content_aa1b92cfb048,client_19581e27de,0.4160612999601066,HOLD,LOW_PRIORITY_SIGNAL,HOLD,112212,138,126,0.11,5.3,2904.0,0.72
2113,content_1fd11a358769,client_624b60c58c,0.41566449259607097,HOLD,LOW_PRIORITY_SIGNAL,HOLD,15097,122,317,0.61,7.4,5478.0,1.64
2114,content_f0f81b9e2de3,client_349c41201b,0.41550178765223067,HOLD,LOW_PRIORITY_SIGNAL,HOLD,40845,136,119,0.23,4.4,2927.0,2.21
2115,content_5351cb74a274,client_0b918943df,0.41522317380939283,HOLD,LOW_PRIORITY_SIGNAL,HOLD,10,2,132,0.0,6.0,4031.0,0.0
2116,content_91c692be5008,client_349c41201b,0.415082527963202,HOLD,LOW_PRIORITY_SIGNAL,HOLD,37945,149,118,0.34,10.0,3027.0,1.34
2117,content_d9bf4dfc1b55,client_19581e27de,0.4150479042259027,HOLD,LOW_PRIORITY_SIGNAL,HOLD,15138,60,124,0.41,5.3,2806.0,3.33
2118,content_fd1dc2828b88,client_19581e27de,0.4149996976498176,HOLD,LOW_PRIORITY_SIGNAL,HOLD,46739,496,126,1.07,1.7,2996.0,2.02
2119,content_d8f5a954165b,client_19581e27de,0.4149169910134382,HOLD,LOW_PRIORITY_SIGNAL,HOLD,20974,64,119,0.35,6.8,3077.0,1.56
2120,content_1cff2f0396b1,client_0b918943df,0.41490285412923955,HOLD,LOW_PRIORITY_SIGNAL,HOLD,6,4,119,0.0,18.5,3948.0,0.0
2121,content_c5a4591c4cd0,client_19581e27de,0.4146404719567736,HOLD,LOW_PRIORITY_SIGNAL,HOLD,5230,38,103,0.59,5.3,3417.0,2.63
2122,content_c8f2f70f69db,client_19581e27de,0.4146389693903791,HOLD,LOW_PRIORITY_SIGNAL,HOLD,31501,361,119,1.08,2.7,2852.0,0.83
2123,content_82e20c84a0ee,client_624b60c58c,0.41426626054881455,HOLD,LOW_PRIORITY_SIGNAL,HOLD,12,1,121,0.0,4.5,4242.0,0.0
2124,content_033fb70d570d,client_349c41201b,0.4139112476019485,HOLD,LOW_PRIORITY_SIGNAL,HOLD,12188,71,119,0.39,7.3,2811.0,2.82
2125,content_4df0b7207fe3,client_9f14025af0,0.41358094935822537,HOLD,LOW_PRIORITY_SIGNAL,HOLD,1700,31,306,1.65,49.6,896.0,16.13
2126,content_3486f0b9ca77,client_349c41201b,0.41314294746231334,HOLD,LOW_PRIORITY_SIGNAL,HOLD,11225,82,104,0.35,3.9,3201.0,1.22
2127,content_ed30e6d83dc7,client_624b60c58c,0.41306332366304915,HOLD,LOW_PRIORITY_SIGNAL,HOLD,4992,23,356,0.08,11.5,1745.0,0.0
2128,content_ebc4038b5ab4,client_349c41201b,0.4125426255774943,HOLD,LOW_PRIORITY_SIGNAL,HOLD,47805,122,111,0.23,5.2,2637.0,0.82
2129,content_ead8e65d1fd2,client_9f14025af0,0.41243247921687387,HOLD,LOW_PRIORITY_SIGNAL,HOLD,8,1,335,12.5,80.6,1217.0,100.0
2130,content_0d9c4b839f7f,client_9f14025af0,0.4123428846159697,HOLD,LOW_PRIORITY_SIGNAL,HOLD,35,1,309,0.0,1.6,1120.0,0.0
2131,content_0a95ecdeb00f,client_9f14025af0,0.4120031316467291,HOLD,LOW_PRIORITY_SIGNAL,HOLD,6,1,347,0.0,21.7,995.0,0.0
2132,content_171b24cfd846,client_19581e27de,0.4102993284283085,HOLD,LOW_PRIORITY_SIGNAL,HOLD,39592,121,98,0.28,5.0,2923.0,1.65
2133,content_7d1604a9ed01,client_349c41201b,0.40938880492525764,HOLD,LOW_PRIORITY_SIGNAL,HOLD,8016,95,126,0.46,6.7,2594.0,3.16
2134,content_833d3cee6f81,client_19581e27de,0.4086601410305496,HOLD,LOW_PRIORITY_SIGNAL,HOLD,40342,219,126,0.62,3.8,2849.0,0.46
2135,content_d6b17274474e,client_19581e27de,0.4077334133695928,HOLD,LOW_PRIORITY_SIGNAL,HOLD,105273,1432,119,1.35,4.0,2838.0,1.68
2136,content_26b7924313a7,client_19581e27de,0.4075923434871905,HOLD,LOW_PRIORITY_SIGNAL,HOLD,8482,106,119,0.74,4.1,2944.0,5.66
2137,content_0fede1f90032,client_19581e27de,0.4072907776837907,HOLD,LOW_PRIORITY_SIGNAL,HOLD,19651,70,112,0.35,5.1,2807.0,2.86
2138,content_b39dc68d0656,client_9f14025af0,0.40726889990166043,HOLD,LOW_PRIORITY_SIGNAL,HOLD,26,1,306,0.0,60.7,924.0,0.0
2139,content_16064dfe2d43,client_9f14025af0,0.407263137951577,HOLD,LOW_PRIORITY_SIGNAL,HOLD,25,1,298,0.0,75.8,1099.0,0.0
2140,content_819432b33e2f,client_19581e27de,0.4071490461785599,HOLD,LOW_PRIORITY_SIGNAL,HOLD,18339,71,119,0.43,4.4,2971.0,4.23
2141,content_ea9e2816796b,client_0b918943df,0.40705433256023943,HOLD,LOW_PRIORITY_SIGNAL,HOLD,9,1,120,0.0,7.6,3643.0,0.0
2142,content_8e04e83fece7,client_19581e27de,0.4066538278732047,HOLD,LOW_PRIORITY_SIGNAL,HOLD,10258,104,95,0.97,3.5,2956.0,3.85
2143,content_8f8cd8bd2fa3,client_624b60c58c,0.4064105975597746,HOLD,LOW_PRIORITY_SIGNAL,HOLD,8,3,124,0.0,7.5,3873.0,0.0
2144,content_5ee440d4f3af,client_349c41201b,0.4063084060333286,HOLD,LOW_PRIORITY_SIGNAL,HOLD,5402,63,111,0.87,9.2,3154.0,1.59
2145,content_bf7bff5d0756,client_349c41201b,0.40563410597479715,HOLD,LOW_PRIORITY_SIGNAL,HOLD,197199,535,111,0.22,6.8,3119.0,0.75
2146,content_babdda75f3e4,client_19581e27de,0.40542516507724713,HOLD,LOW_PRIORITY_SIGNAL,HOLD,12316,87,362,0.04,25.7,2577.0,1.15
2147,content_f7fa69785d97,client_9f14025af0,0.4052932360427284,HOLD,LOW_PRIORITY_SIGNAL,HOLD,773,2,250,0.13,68.9,3062.0,0.0
2148,content_eb43e4acda16,client_19581e27de,0.4052519120942628,HOLD,LOW_PRIORITY_SIGNAL,HOLD,8329,78,124,0.65,4.7,2770.0,3.85
2149,content_ccd70c97f59e,client_19581e27de,0.4051768213378115,HOLD,LOW_PRIORITY_SIGNAL,HOLD,35543,95,119,0.11,6.2,3094.0,2.11
2150,content_ca686563bfd5,client_349c41201b,0.40515464554050185,HOLD,LOW_PRIORITY_SIGNAL,HOLD,17640,91,111,0.32,7.7,2799.0,3.3
2151,content_ae973d24c119,client_19581e27de,0.405114998444976,HOLD,LOW_PRIORITY_SIGNAL,HOLD,6592,16,362,0.09,14.6,2810.0,0.0
2152,content_e5bd84586ccf,client_19581e27de,0.40509438823946453,HOLD,LOW_PRIORITY_SIGNAL,HOLD,117054,589,126,0.57,4.4,3148.0,1.87
2153,content_841b181fa6c6,client_349c41201b,0.405054477027735,HOLD,LOW_PRIORITY_SIGNAL,HOLD,2151,30,104,1.07,11.2,3134.0,0.0
2154,content_aa72e73a41d0,client_19581e27de,0.40477309146445256,HOLD,LOW_PRIORITY_SIGNAL,HOLD,27718,87,126,0.38,4.8,3100.0,3.45
2155,content_3ede3ec0c2f3,client_19581e27de,0.4047655465230158,HOLD,LOW_PRIORITY_SIGNAL,HOLD,12169,95,103,0.3,6.5,2980.0,3.16
2156,content_a491c6b04b63,client_624b60c58c,0.4046291714436689,HOLD,LOW_PRIORITY_SIGNAL,HOLD,7,1,322,0.0,18.3,1316.0,0.0
2157,content_65a9dd5de032,client_349c41201b,0.4044055476933294,HOLD,LOW_PRIORITY_SIGNAL,HOLD,28,1,111,0.0,2.0,3230.0,0.0
2158,content_79a446a80cd2,client_349c41201b,0.4043977957107519,HOLD,LOW_PRIORITY_SIGNAL,HOLD,57758,99,104,0.12,8.4,3247.0,5.05
2159,content_c18b0a2a9d3a,client_0b918943df,0.4041795353220443,HOLD,LOW_PRIORITY_SIGNAL,HOLD,1314,29,347,0.84,9.7,1310.0,6.9
2160,content_f2b426905e8c,client_e629fa6598,0.4032249525926303,HOLD,LOW_PRIORITY_SIGNAL,HOLD,19,5,358,0.0,44.3,1647.0,0.0
2161,content_e2b9d5c9757f,client_19581e27de,0.4026883601636417,HOLD,LOW_PRIORITY_SIGNAL,HOLD,10857,82,98,0.82,4.2,3509.0,2.44
2162,content_8db3b99daf79,client_19581e27de,0.40243462489824766,HOLD,LOW_PRIORITY_SIGNAL,HOLD,25785,112,119,0.48,1.8,2728.0,0.89
2163,content_0f1ee515fdf5,client_19581e27de,0.4024145485714308,HOLD,LOW_PRIORITY_SIGNAL,HOLD,39292,129,119,0.36,4.9,3069.0,0.78
2164,content_ce4587bfc7a4,client_19581e27de,0.4019576617407825,HOLD,LOW_PRIORITY_SIGNAL,HOLD,11297,15,482,0.12,6.6,2346.0,0.0
2165,content_008fb02c46cb,client_349c41201b,0.40147356333970996,HOLD,LOW_PRIORITY_SIGNAL,HOLD,236803,703,111,0.26,4.4,3338.0,1.14
2166,content_037ffd2ccce7,client_349c41201b,0.401448711261755,HOLD,LOW_PRIORITY_SIGNAL,HOLD,11037,96,111,0.39,8.7,3065.0,3.13
2167,content_a7bd0301859d,client_19581e27de,0.4013273421596905,HOLD,LOW_PRIORITY_SIGNAL,HOLD,18259,79,103,0.36,4.5,2952.0,0.0
2168,content_c54751d19127,client_19581e27de,0.4012056342328067,HOLD,LOW_PRIORITY_SIGNAL,HOLD,6217,35,419,0.06,10.2,3213.0,0.0
2169,content_e13351483551,client_19581e27de,0.4010037204134423,HOLD,LOW_PRIORITY_SIGNAL,HOLD,14042,124,421,0.09,7.9,2748.0,2.42
2170,content_c0c72e7582e1,client_19581e27de,0.40083353013565526,HOLD,LOW_PRIORITY_SIGNAL,HOLD,103857,290,119,0.26,4.1,2922.0,1.38
2171,content_2442e404baf1,client_19581e27de,0.4002936189634749,HOLD,LOW_PRIORITY_SIGNAL,HOLD,8788,85,98,0.79,3.8,2791.0,9.41
2172,content_054ea1b92a9a,client_e629fa6598,0.4002879289772261,HOLD,LOW_PRIORITY_SIGNAL,HOLD,103,2,358,0.0,68.3,1504.0,0.0
2173,content_f18c12f239fd,client_349c41201b,0.3993886311973612,HOLD,LOW_PRIORITY_SIGNAL,HOLD,10142,150,119,0.98,8.1,2992.0,0.0
2174,content_a4de08e9f260,client_349c41201b,0.39934676872487124,HOLD,LOW_PRIORITY_SIGNAL,HOLD,7670,67,95,0.63,6.0,3301.0,2.99
2175,content_8fce8614bbab,client_349c41201b,0.39920804846546554,HOLD,LOW_PRIORITY_SIGNAL,HOLD,21414,279,104,1.05,2.3,2458.0,0.36
2176,content_292efd8c2a22,client_e629fa6598,0.3981635000300207,HOLD,LOW_PRIORITY_SIGNAL,HOLD,4774,55,358,0.71,8.0,1300.0,1.82
2177,content_655995f46256,client_19581e27de,0.3974420230801289,HOLD,LOW_PRIORITY_SIGNAL,HOLD,25611,284,95,1.09,2.4,2943.0,1.76
2178,content_1446113aeb42,client_624b60c58c,0.3972775891967623,HOLD,LOW_PRIORITY_SIGNAL,HOLD,11,2,119,0.0,5.3,4276.0,0.0
2179,content_22140cc4c8c4,client_9f14025af0,0.39712060623324896,HOLD,LOW_PRIORITY_SIGNAL,HOLD,6,1,347,16.67,11.3,983.0,0.0
2180,content_8f425f499d3b,client_19581e27de,0.3971161885940537,HOLD,LOW_PRIORITY_SIGNAL,HOLD,31794,124,419,0.1,8.4,3051.0,0.0
2181,content_a4cc7da6287b,client_19581e27de,0.3968328456419481,HOLD,LOW_PRIORITY_SIGNAL,HOLD,127833,297,119,0.23,4.8,2445.0,1.68
2182,content_67f1b1a99996,client_349c41201b,0.3967989111713683,HOLD,LOW_PRIORITY_SIGNAL,HOLD,11503,88,111,0.39,4.9,2975.0,1.14
2183,content_e9766970210a,client_9f14025af0,0.39675703604559603,HOLD,LOW_PRIORITY_SIGNAL,HOLD,14,2,249,7.14,11.7,2634.0,50.0
2184,content_e79f03df2781,client_9f14025af0,0.39614116960615264,HOLD,LOW_PRIORITY_SIGNAL,HOLD,23,1,306,0.0,81.5,1062.0,0.0
2185,content_53bbdb0394b7,client_19581e27de,0.3955284421642595,HOLD,LOW_PRIORITY_SIGNAL,HOLD,19575,177,126,0.95,4.5,3080.0,0.56
2186,content_706e4533470b,client_624b60c58c,0.3953981676503682,HOLD,LOW_PRIORITY_SIGNAL,HOLD,12,2,330,0.0,8.7,1276.0,0.0
2187,content_fac7dee358f9,client_02d20bbd7e,0.3951849044329321,HOLD,LOW_PRIORITY_SIGNAL,HOLD,8,1,332,0.0,8.1,1356.0,0.0
2188,content_787229f47453,client_19581e27de,0.3945167467325541,HOLD,LOW_PRIORITY_SIGNAL,HOLD,9582,150,103,0.94,3.1,2912.0,6.0
2189,content_b537d181b10d,client_19581e27de,0.3943896610045183,HOLD,LOW_PRIORITY_SIGNAL,HOLD,14665,81,103,0.4,4.7,3685.0,1.23
2190,content_496f4747e1ce,client_19581e27de,0.39428958028678807,HOLD,LOW_PRIORITY_SIGNAL,HOLD,11750,96,389,0.1,8.5,2833.0,0.0
2191,content_b332b2a67977,client_19581e27de,0.39409244276614386,HOLD,LOW_PRIORITY_SIGNAL,HOLD,48002,167,126,0.35,3.8,2880.0,1.8
2192,content_4f26f60ca57e,client_624b60c58c,0.39408286633342465,HOLD,LOW_PRIORITY_SIGNAL,HOLD,13,1,120,0.0,6.2,4565.0,0.0
2193,content_66fabd711c2c,client_19581e27de,0.3937857457360073,HOLD,LOW_PRIORITY_SIGNAL,HOLD,22059,90,119,0.28,5.4,2907.0,5.56
2194,content_a22ada059897,client_624b60c58c,0.3937764672946571,HOLD,LOW_PRIORITY_SIGNAL,HOLD,9,1,105,0.0,9.8,3436.0,0.0
2195,content_b3cf594de7be,client_19581e27de,0.39325100334077767,HOLD,LOW_PRIORITY_SIGNAL,HOLD,15399,119,126,0.9,2.0,2711.0,0.84
2196,content_474470ea95ba,client_19581e27de,0.3929063243782472,HOLD,LOW_PRIORITY_SIGNAL,HOLD,15844,65,112,0.47,5.2,3068.0,1.54
2197,content_467d563aa136,client_19581e27de,0.3928084966525241,HOLD,LOW_PRIORITY_SIGNAL,HOLD,107854,343,119,0.32,5.0,2689.0,0.87
2198,content_1b7e26eaba79,client_0b918943df,0.39237014659186525,HOLD,LOW_PRIORITY_SIGNAL,HOLD,13,3,118,0.0,8.5,4623.0,0.0
2199,content_e42f510853c8,client_349c41201b,0.3917147446273009,HOLD,LOW_PRIORITY_SIGNAL,HOLD,90112,579,140,0.2,6.1,5382.0,1.73
2200,content_388bdba5ef54,client_349c41201b,0.39160262138144636,HOLD,LOW_PRIORITY_SIGNAL,HOLD,4811,62,111,0.87,3.7,2912.0,0.0
2201,content_4bb1a7b49efb,client_0b918943df,0.39147988303275527,HOLD,LOW_PRIORITY_SIGNAL,HOLD,242,18,347,3.72,8.5,1552.0,0.0
2202,content_921f4a20c794,client_19581e27de,0.3914067218562451,HOLD,LOW_PRIORITY_SIGNAL,HOLD,104997,586,126,0.6,3.7,2908.0,2.05
2203,content_8f8fd30cee7c,client_349c41201b,0.3912107715600366,HOLD,LOW_PRIORITY_SIGNAL,HOLD,4117,75,95,1.43,6.4,2886.0,1.33
2204,content_dc1ce01f5b0a,client_349c41201b,0.3911898403358132,HOLD,LOW_PRIORITY_SIGNAL,HOLD,6336,99,104,1.07,6.4,2611.0,0.0
2205,content_3dad59f04181,client_9f14025af0,0.3903135358660586,HOLD,LOW_PRIORITY_SIGNAL,HOLD,16,1,249,0.0,64.4,2811.0,0.0
2206,content_dd0a646f41cf,client_9f14025af0,0.3902821536784111,HOLD,LOW_PRIORITY_SIGNAL,HOLD,5,1,347,0.0,54.0,964.0,0.0
2207,content_38f3c68225d2,client_349c41201b,0.3895621851728611,HOLD,LOW_PRIORITY_SIGNAL,HOLD,3570,123,104,1.62,7.2,3213.0,0.0
2208,content_aa445ce2cde4,client_19581e27de,0.38953372347588827,HOLD,LOW_PRIORITY_SIGNAL,HOLD,7588,69,119,1.01,4.8,3182.0,0.0
2209,content_3b4942d2eb7e,client_349c41201b,0.38944195971702705,HOLD,LOW_PRIORITY_SIGNAL,HOLD,133697,619,124,0.33,6.5,3036.0,0.97
2210,content_f8bb8ac0d015,client_19581e27de,0.38924342719921406,HOLD,LOW_PRIORITY_SIGNAL,HOLD,10555,8,480,0.09,7.6,2440.0,0.0
2211,content_ff60b8ec3054,client_19581e27de,0.3891983770782469,HOLD,LOW_PRIORITY_SIGNAL,HOLD,63103,138,103,0.22,6.4,2990.0,0.72
2212,content_c1143eda3230,client_19581e27de,0.38910171784957015,HOLD,LOW_PRIORITY_SIGNAL,HOLD,112578,1038,124,1.03,3.4,2756.0,1.25
2213,content_95b6631de315,client_19581e27de,0.38895394692343854,HOLD,LOW_PRIORITY_SIGNAL,HOLD,18916,58,330,0.34,9.2,2805.0,3.45
2214,content_652fd0878729,client_19581e27de,0.3889173655788565,HOLD,LOW_PRIORITY_SIGNAL,HOLD,7133,48,419,0.1,10.9,2778.0,6.25
2215,content_791a70d557f8,client_624b60c58c,0.38872464215128266,HOLD,LOW_PRIORITY_SIGNAL,HOLD,3,2,350,0.0,21.0,1949.0,0.0
2216,content_e8bc5774ee2f,client_9f14025af0,0.38842723064315066,HOLD,LOW_PRIORITY_SIGNAL,HOLD,17,10,228,5.88,7.2,2760.0,10.0
2217,content_654d006adc44,client_19581e27de,0.38824897094087146,HOLD,LOW_PRIORITY_SIGNAL,HOLD,131328,897,124,0.7,2.4,3031.0,2.01
2218,content_aeda93d860df,client_349c41201b,0.38779213168230053,HOLD,LOW_PRIORITY_SIGNAL,HOLD,14265,128,124,0.47,7.7,3032.0,0.78
2219,content_0577107d816a,client_9f14025af0,0.3875719977763356,HOLD,LOW_PRIORITY_SIGNAL,HOLD,5,2,347,20.0,52.8,1057.0,0.0
2220,content_e7fb72490e18,client_349c41201b,0.3873488593678562,HOLD,LOW_PRIORITY_SIGNAL,HOLD,9074,120,119,0.39,4.9,3062.0,3.33
2221,content_9fb4fd23620f,client_19581e27de,0.3870457834228216,HOLD,LOW_PRIORITY_SIGNAL,HOLD,41716,110,103,0.2,5.8,3109.0,0.91
2222,content_1b27daca9012,client_9f14025af0,0.3863096033889185,HOLD,LOW_PRIORITY_SIGNAL,HOLD,7,1,347,14.29,9.1,1244.0,0.0
2223,content_90e4f1f70ab4,client_19581e27de,0.38574501294341895,HOLD,LOW_PRIORITY_SIGNAL,HOLD,82372,116,124,0.15,4.9,2921.0,1.72
2224,content_57e6cbc08469,client_349c41201b,0.3855417377880337,HOLD,LOW_PRIORITY_SIGNAL,HOLD,2741,48,119,1.06,3.4,3101.0,2.08
2225,content_07f3e2bf4f9b,client_9f14025af0,0.38449097188313525,HOLD,LOW_PRIORITY_SIGNAL,HOLD,7,1,335,0.0,58.7,986.0,0.0
2226,content_399f4eed93b9,client_19581e27de,0.3841115325240484,HOLD,LOW_PRIORITY_SIGNAL,HOLD,127658,522,126,0.43,3.4,2602.0,1.34
2227,content_2387908b3070,client_19581e27de,0.38401663230407546,HOLD,LOW_PRIORITY_SIGNAL,HOLD,58336,150,119,0.23,4.3,2971.0,2.0
2228,content_ce5d4bf24ccd,client_19581e27de,0.3839924599748422,HOLD,LOW_PRIORITY_SIGNAL,HOLD,5943,74,112,1.06,1.8,3206.0,6.76
2229,content_eff12dafba73,client_624b60c58c,0.3834415339821005,HOLD,LOW_PRIORITY_SIGNAL,HOLD,31,5,124,6.45,4.0,3385.0,0.0
2230,content_3ec5b905ff5e,client_19581e27de,0.38333544339063713,HOLD,LOW_PRIORITY_SIGNAL,HOLD,98559,221,421,0.1,6.6,2548.0,4.52
2231,content_7695d33efa9f,client_19581e27de,0.3828918531964212,HOLD,LOW_PRIORITY_SIGNAL,HOLD,5619,21,482,0.07,11.5,2299.0,0.0
2232,content_6e8f2290b179,client_19581e27de,0.38219401796085656,HOLD,LOW_PRIORITY_SIGNAL,HOLD,42695,201,362,0.27,6.7,2672.0,1.0
2233,content_58fa8c1b2324,client_19581e27de,0.3818639496720549,HOLD,LOW_PRIORITY_SIGNAL,HOLD,6232,88,103,0.63,4.3,2986.0,2.27
2234,content_19960ba60c84,client_19581e27de,0.38181681633025016,HOLD,LOW_PRIORITY_SIGNAL,HOLD,75748,207,126,0.27,4.5,2697.0,1.93
2235,content_0570b79cbd58,client_9f14025af0,0.38170793177899026,HOLD,LOW_PRIORITY_SIGNAL,HOLD,46,5,250,8.7,54.0,2757.0,0.0
2236,content_fead1729aed5,client_02d20bbd7e,0.381389300705649,HOLD,LOW_PRIORITY_SIGNAL,HOLD,3547,39,332,1.04,7.6,1807.0,7.69
2237,content_aa4baf490b43,client_349c41201b,0.38112818478214394,HOLD,LOW_PRIORITY_SIGNAL,HOLD,256290,1540,119,0.5,5.9,2715.0,1.49
2238,content_b063ed520b55,client_19581e27de,0.3810516159933454,HOLD,LOW_PRIORITY_SIGNAL,HOLD,16786,79,126,0.45,5.4,2975.0,2.53
2239,content_70349624cfc5,client_19581e27de,0.38101377753524396,HOLD,LOW_PRIORITY_SIGNAL,HOLD,9173,506,445,0.07,22.3,2676.0,3.16
2240,content_c4b0cd44a056,client_19581e27de,0.3791278003418952,HOLD,LOW_PRIORITY_SIGNAL,HOLD,32684,457,98,1.23,2.8,3116.0,1.31
2241,content_d34cfd1ce12d,client_349c41201b,0.37906157180836525,HOLD,LOW_PRIORITY_SIGNAL,HOLD,29884,299,124,0.81,5.5,3027.0,1.67
2242,content_9edb498a70d6,client_19581e27de,0.3783115150275878,HOLD,LOW_PRIORITY_SIGNAL,HOLD,11700,123,112,0.95,2.9,3018.0,3.25
2243,content_c69a6690bce7,client_19581e27de,0.37804796638791466,HOLD,LOW_PRIORITY_SIGNAL,HOLD,6505,64,419,0.09,9.1,2787.0,0.0
2244,content_9b78dfbcb055,client_624b60c58c,0.37733564590305796,HOLD,LOW_PRIORITY_SIGNAL,HOLD,14,2,320,0.0,6.1,1501.0,0.0
2245,content_c9139af55035,client_19581e27de,0.37721135205708456,HOLD,LOW_PRIORITY_SIGNAL,HOLD,77821,1112,103,1.24,3.4,3016.0,1.62
2246,content_ae2cb00e105b,client_19581e27de,0.3768240432926365,HOLD,LOW_PRIORITY_SIGNAL,HOLD,39957,67,417,0.07,8.2,2467.0,0.0
2247,content_10eac0e419f5,client_349c41201b,0.37675157523389224,HOLD,LOW_PRIORITY_SIGNAL,HOLD,43304,188,104,0.33,8.5,2992.0,1.06
2248,content_373fff8335f0,client_624b60c58c,0.37665746862997806,HOLD,LOW_PRIORITY_SIGNAL,HOLD,7,2,132,0.0,6.9,4262.0,0.0
2249,content_d2465b37632a,client_9f14025af0,0.37641964435413394,HOLD,LOW_PRIORITY_SIGNAL,HOLD,8,2,298,0.0,3.9,1127.0,50.0
2250,content_6cf165b36b06,client_19581e27de,0.37637912231421344,HOLD,LOW_PRIORITY_SIGNAL,HOLD,9358,30,463,0.07,11.1,2817.0,6.67
2251,content_d8776f091620,client_19581e27de,0.37633913452224715,HOLD,LOW_PRIORITY_SIGNAL,HOLD,38782,297,124,0.78,3.5,3052.0,1.01
2252,content_84a9542b968d,client_19581e27de,0.37613229515659685,HOLD,LOW_PRIORITY_SIGNAL,HOLD,6289,56,95,0.73,4.4,3372.0,0.0
2253,content_d4404b6e3a64,client_19581e27de,0.3759554635746624,HOLD,LOW_PRIORITY_SIGNAL,HOLD,14804,99,95,0.62,4.8,2715.0,1.01
2254,content_1339fb97aa80,client_9f14025af0,0.3757194403129811,HOLD,LOW_PRIORITY_SIGNAL,HOLD,12,3,335,0.0,73.2,1137.0,0.0
2255,content_75efa98054ea,client_19581e27de,0.37565312175179494,HOLD,LOW_PRIORITY_SIGNAL,HOLD,44758,395,112,0.96,2.7,2948.0,1.27
2256,content_75a98354e653,client_19581e27de,0.37544471636900256,HOLD,LOW_PRIORITY_SIGNAL,HOLD,43682,86,441,0.1,6.5,2747.0,2.33
2257,content_e1be0c7a2dc2,client_19581e27de,0.3751049758422978,HOLD,LOW_PRIORITY_SIGNAL,HOLD,77342,94,466,0.09,6.5,2422.0,5.32
2258,content_56539df4f33d,client_19581e27de,0.3744911927377623,HOLD,LOW_PRIORITY_SIGNAL,HOLD,87492,380,119,0.44,3.4,2935.0,1.58
2259,content_08bc32ed269e,client_349c41201b,0.37438237945014774,HOLD,LOW_PRIORITY_SIGNAL,HOLD,12136,110,119,0.62,10.0,3072.0,2.73
2260,content_883bde738778,client_19581e27de,0.3727051724863932,HOLD,LOW_PRIORITY_SIGNAL,HOLD,88981,225,441,0.22,6.4,2785.0,1.33
2261,content_7af97d24dafb,client_349c41201b,0.3726093802715696,HOLD,LOW_PRIORITY_SIGNAL,HOLD,11303,129,119,0.89,2.8,2856.0,0.78
2262,content_e03c56bdbec9,client_19581e27de,0.3724267544010689,HOLD,LOW_PRIORITY_SIGNAL,HOLD,27472,156,362,0.09,8.5,2729.0,1.92
2263,content_c8cc272bb4f6,client_9f14025af0,0.372321619483622,HOLD,LOW_PRIORITY_SIGNAL,HOLD,149,2,249,0.67,59.1,2790.0,0.0
2264,content_17c8bb0c29b1,client_624b60c58c,0.37227185242970573,HOLD,LOW_PRIORITY_SIGNAL,HOLD,10,3,106,0.0,6.5,4026.0,0.0
2265,content_2d39066d9944,client_624b60c58c,0.37215858454631856,HOLD,LOW_PRIORITY_SIGNAL,HOLD,6966,111,111,1.31,3.9,4324.0,0.9
2266,content_e9636b203185,client_624b60c58c,0.3721214565696483,HOLD,LOW_PRIORITY_SIGNAL,HOLD,5,2,357,0.0,21.2,1586.0,0.0
2267,content_23077e0641b0,client_9f14025af0,0.3719111204308201,HOLD,LOW_PRIORITY_SIGNAL,HOLD,80,1,250,1.25,72.2,3000.0,100.0
2268,content_769d50560f1a,client_02d20bbd7e,0.37170261033713464,HOLD,LOW_PRIORITY_SIGNAL,HOLD,14,1,332,7.14,11.6,1461.0,0.0
2269,content_c02e0ccb39d8,client_349c41201b,0.3716478982276783,HOLD,LOW_PRIORITY_SIGNAL,HOLD,22851,259,104,1.49,10.0,2815.0,1.93
2270,content_bd184303d083,client_9f14025af0,0.3711822647774599,HOLD,LOW_PRIORITY_SIGNAL,HOLD,37,1,250,0.0,81.4,2471.0,0.0
2271,content_fe847f08bb74,client_9f14025af0,0.37111330932620773,HOLD,LOW_PRIORITY_SIGNAL,HOLD,6,1,250,16.67,5.8,2684.0,100.0
2272,content_acae652a5491,client_19581e27de,0.37086297507495586,HOLD,LOW_PRIORITY_SIGNAL,HOLD,6031,73,389,0.12,9.5,2908.0,0.0
2273,content_52ac1a96dd6c,client_19581e27de,0.3707825352353266,HOLD,LOW_PRIORITY_SIGNAL,HOLD,16584,93,95,0.44,5.8,2971.0,4.3
2274,content_eacda36e486b,client_19581e27de,0.37076134150989626,HOLD,LOW_PRIORITY_SIGNAL,HOLD,29906,112,98,0.4,4.9,3157.0,0.89
2275,content_1368f6d4145a,client_349c41201b,0.370385438310352,HOLD,LOW_PRIORITY_SIGNAL,HOLD,10868,126,95,0.51,6.2,3180.0,0.79
2276,content_12a1ed6d5a62,client_19581e27de,0.37034250931172735,HOLD,LOW_PRIORITY_SIGNAL,HOLD,113535,398,119,0.39,4.0,2900.0,1.26
2277,content_5d5d0256fabb,client_624b60c58c,0.3702550900353428,HOLD,LOW_PRIORITY_SIGNAL,HOLD,13,2,322,0.0,6.5,1110.0,0.0
2278,content_ed9816c64166,client_19581e27de,0.37021283816670986,HOLD,LOW_PRIORITY_SIGNAL,HOLD,12109,49,419,0.04,13.4,2730.0,2.04
2279,content_af440076ef0d,client_19581e27de,0.37019295478448977,HOLD,LOW_PRIORITY_SIGNAL,HOLD,87907,212,124,0.25,6.0,2695.0,1.42
2280,content_7e400631099b,client_19581e27de,0.36997713220297385,HOLD,LOW_PRIORITY_SIGNAL,HOLD,5849,67,103,1.06,3.8,2883.0,0.0
2281,content_22aef38cadad,client_19581e27de,0.36983720985495405,HOLD,LOW_PRIORITY_SIGNAL,HOLD,55148,217,112,0.28,5.1,3317.0,3.23
2282,content_152d7e8dc5de,client_19581e27de,0.3698019588096863,HOLD,LOW_PRIORITY_SIGNAL,HOLD,7501,105,362,0.24,10.9,3051.0,5.71
2283,content_2351a62a5d49,client_19581e27de,0.3689319105870533,HOLD,LOW_PRIORITY_SIGNAL,HOLD,129345,620,119,0.26,5.2,2870.0,1.61
2284,content_c57b0c52fa37,client_19581e27de,0.36885722210052097,HOLD,LOW_PRIORITY_SIGNAL,HOLD,8599,125,329,0.63,6.9,2534.0,4.8
2285,content_878a1fe12fe5,client_02d20bbd7e,0.36856665737034866,HOLD,LOW_PRIORITY_SIGNAL,HOLD,7,3,332,0.0,4.9,1992.0,0.0
2286,content_37fca77a7362,client_19581e27de,0.36835848771034696,HOLD,LOW_PRIORITY_SIGNAL,HOLD,27199,199,329,0.42,7.8,2308.0,8.54
2287,content_d7508e75bd7e,client_19581e27de,0.3679108987617798,HOLD,LOW_PRIORITY_SIGNAL,HOLD,7907,18,480,0.1,9.9,3231.0,5.56
2288,content_5b827a6be1c6,client_19581e27de,0.367638390956085,HOLD,LOW_PRIORITY_SIGNAL,HOLD,94072,277,119,0.28,4.1,2776.0,1.81
2289,content_5184b85dc6dd,client_19581e27de,0.36754162010363506,HOLD,LOW_PRIORITY_SIGNAL,HOLD,73699,536,126,0.8,3.5,2622.0,2.24
2290,content_e203b2c78e5b,client_349c41201b,0.36741366278308385,HOLD,LOW_PRIORITY_SIGNAL,HOLD,59838,180,111,0.26,7.5,3091.0,1.11
2291,content_0ac60cdc4bdf,client_19581e27de,0.3672931303863451,HOLD,LOW_PRIORITY_SIGNAL,HOLD,5422,20,463,0.09,11.0,2946.0,0.0
2292,content_7868a7bc92a6,client_19581e27de,0.3671764028543984,HOLD,LOW_PRIORITY_SIGNAL,HOLD,15029,592,421,0.11,7.8,2657.0,2.2
2293,content_1ea56e46e2b5,client_19581e27de,0.3668269242031254,HOLD,LOW_PRIORITY_SIGNAL,HOLD,28310,94,119,0.26,6.3,2892.0,4.26
2294,content_f4d42895bc37,client_349c41201b,0.3665582842489943,HOLD,LOW_PRIORITY_SIGNAL,HOLD,32696,190,95,0.46,4.3,2832.0,1.58
2295,content_9e08e86d0824,client_19581e27de,0.3661392821662857,HOLD,LOW_PRIORITY_SIGNAL,HOLD,160851,250,417,0.12,7.8,2506.0,0.8
2296,content_384c84204ae4,client_9f14025af0,0.3661122518164127,HOLD,LOW_PRIORITY_SIGNAL,HOLD,6,2,228,16.67,22.2,2893.0,0.0
2297,content_bd1b30c08d63,client_9f14025af0,0.36558517277468,HOLD,LOW_PRIORITY_SIGNAL,HOLD,7,1,298,0.0,52.0,1115.0,0.0
2298,content_50e9ab9ec96a,client_9f14025af0,0.3653649395851735,HOLD,LOW_PRIORITY_SIGNAL,HOLD,8,1,298,0.0,19.5,1085.0,0.0
2299,content_7f719354751e,client_19581e27de,0.36535007977408523,HOLD,LOW_PRIORITY_SIGNAL,HOLD,28557,388,119,1.31,4.7,2875.0,1.8
2300,content_52cf569ad788,client_19581e27de,0.3653335173053756,HOLD,LOW_PRIORITY_SIGNAL,HOLD,14350,83,119,0.54,3.6,3028.0,2.41
2301,content_05393a9d0c65,client_349c41201b,0.36500834519067055,HOLD,LOW_PRIORITY_SIGNAL,HOLD,37925,149,111,0.31,8.1,2831.0,1.34
2302,content_7db9f03bbcd4,client_9f14025af0,0.3648412939711958,HOLD,LOW_PRIORITY_SIGNAL,HOLD,3,1,250,0.0,36.7,2330.0,0.0
2303,content_040c0805cd7a,client_19581e27de,0.36482394847817884,HOLD,LOW_PRIORITY_SIGNAL,HOLD,17252,75,119,0.46,4.1,3100.0,2.67
2304,content_6fcc63bb3197,client_19581e27de,0.3645964065379065,HOLD,LOW_PRIORITY_SIGNAL,HOLD,5800,56,445,0.1,15.6,3014.0,0.0
2305,content_b808b421d088,client_349c41201b,0.3645609891859884,HOLD,LOW_PRIORITY_SIGNAL,HOLD,3540,45,104,1.07,4.7,2951.0,0.0
2306,content_17b1d5106ded,client_19581e27de,0.3644756193332832,HOLD,LOW_PRIORITY_SIGNAL,HOLD,7127,65,313,0.62,7.3,2568.0,3.08
2307,content_51b2c4609daf,client_9f14025af0,0.36435247657094616,HOLD,LOW_PRIORITY_SIGNAL,HOLD,18,1,298,5.56,79.4,1076.0,0.0
2308,content_3344baf207d8,client_9f14025af0,0.36373900418561456,HOLD,LOW_PRIORITY_SIGNAL,HOLD,6,6,298,0.0,17.5,1051.0,0.0
2309,content_637430d4e701,client_349c41201b,0.3635730836935038,HOLD,LOW_PRIORITY_SIGNAL,HOLD,35689,102,119,0.17,6.7,3030.0,1.96
2310,content_fbcb09f07034,client_349c41201b,0.3634301530961646,HOLD,LOW_PRIORITY_SIGNAL,HOLD,8742,96,104,0.41,5.2,3062.0,7.29
2311,content_345d28e4fe39,client_349c41201b,0.3633750440157842,HOLD,LOW_PRIORITY_SIGNAL,HOLD,16569,210,111,1.0,4.1,3079.0,0.48
2312,content_8b27b4eb1274,client_19581e27de,0.3631760343195844,HOLD,LOW_PRIORITY_SIGNAL,HOLD,16950,147,126,0.74,4.8,3265.0,2.04
2313,content_f0bc5b600715,client_19581e27de,0.3631488370158856,HOLD,LOW_PRIORITY_SIGNAL,HOLD,37078,145,463,0.13,7.3,2921.0,4.83
2314,content_6bb3c7645e31,client_349c41201b,0.3630853099306159,HOLD,LOW_PRIORITY_SIGNAL,HOLD,50412,268,124,0.46,4.1,2437.0,1.49
2315,content_68efab57b2b8,client_349c41201b,0.3626815620178416,HOLD,LOW_PRIORITY_SIGNAL,HOLD,20139,90,104,0.34,5.6,2654.0,3.33
2316,content_6d713c80731b,client_19581e27de,0.3624607872747867,HOLD,LOW_PRIORITY_SIGNAL,HOLD,9714,75,112,0.67,4.7,3260.0,2.67
2317,content_c4a655c62f37,client_624b60c58c,0.3624081603212082,HOLD,LOW_PRIORITY_SIGNAL,HOLD,6872,37,356,0.17,6.6,1935.0,0.0
2318,content_9c8299b55f3c,client_624b60c58c,0.3620902906377694,HOLD,LOW_PRIORITY_SIGNAL,HOLD,54783,37,356,0.03,8.5,1902.0,0.0
2319,content_6b6f63b41600,client_19581e27de,0.3620711020805614,HOLD,LOW_PRIORITY_SIGNAL,HOLD,65529,295,362,0.26,7.4,3026.0,2.37
2320,content_3818e12ffe1d,client_19581e27de,0.3613466767733419,HOLD,LOW_PRIORITY_SIGNAL,HOLD,44876,266,103,0.49,3.4,3137.0,0.75
2321,content_de58f5f7ea8b,client_19581e27de,0.36119765541949655,HOLD,LOW_PRIORITY_SIGNAL,HOLD,25970,21,419,0.05,8.4,2789.0,0.0
2322,content_ece27ae73561,client_19581e27de,0.361028431265983,HOLD,LOW_PRIORITY_SIGNAL,HOLD,6634,77,482,0.08,11.5,2646.0,3.9
2323,content_e3560047fe3c,client_19581e27de,0.3608965438891297,HOLD,LOW_PRIORITY_SIGNAL,HOLD,10634,125,441,0.08,6.9,2980.0,6.4
2324,content_faa80219d56e,client_349c41201b,0.36065069291581736,HOLD,LOW_PRIORITY_SIGNAL,HOLD,15112,74,104,0.34,7.0,2769.0,1.35
2325,content_6e1955f4f85a,client_19581e27de,0.36026182199496454,HOLD,LOW_PRIORITY_SIGNAL,HOLD,27547,151,126,0.37,5.0,2832.0,3.97
2326,content_9f3f4f445b28,client_19581e27de,0.3601200854265349,HOLD,LOW_PRIORITY_SIGNAL,HOLD,54647,395,112,0.72,4.6,3027.0,1.52
2327,content_06695d3d665c,client_19581e27de,0.3599866803806923,HOLD,LOW_PRIORITY_SIGNAL,HOLD,46289,117,421,0.2,7.2,2568.0,0.85
2328,content_53f466b9f954,client_349c41201b,0.35992065641627063,HOLD,LOW_PRIORITY_SIGNAL,HOLD,125859,530,119,0.33,4.6,2518.0,1.13
2329,content_326e504e135b,client_9f14025af0,0.35887060633003515,HOLD,LOW_PRIORITY_SIGNAL,HOLD,4,1,347,0.0,24.0,1140.0,0.0
2330,content_de24cf852f02,client_19581e27de,0.35851862650159944,HOLD,LOW_PRIORITY_SIGNAL,HOLD,4462,22,441,0.09,16.4,2934.0,4.55
2331,content_5e526b380390,client_19581e27de,0.3584159142818318,HOLD,LOW_PRIORITY_SIGNAL,HOLD,31440,129,112,0.35,4.3,2705.0,2.33
2332,content_0b70c349ffe1,client_349c41201b,0.3582455531581662,HOLD,LOW_PRIORITY_SIGNAL,HOLD,22610,109,119,0.36,5.0,2795.0,0.92
2333,content_0eeb488b457b,client_19581e27de,0.3581302151708738,HOLD,LOW_PRIORITY_SIGNAL,HOLD,15085,206,421,0.23,9.0,3080.0,2.43
2334,content_762311c210cc,client_19581e27de,0.3580194694078903,HOLD,LOW_PRIORITY_SIGNAL,HOLD,21760,268,95,1.15,3.4,2959.0,2.24
2335,content_a89de439f164,client_19581e27de,0.357552905004157,HOLD,LOW_PRIORITY_SIGNAL,HOLD,17314,109,95,0.43,6.9,2760.0,10.09
2336,content_89013202f160,client_349c41201b,0.35731412423475845,HOLD,LOW_PRIORITY_SIGNAL,HOLD,7527,104,111,1.49,6.8,2980.0,0.96
2337,content_46f2f0cd062b,client_19581e27de,0.35682151247468213,HOLD,LOW_PRIORITY_SIGNAL,HOLD,19203,147,126,0.22,6.4,3154.0,3.4
2338,content_8a3de3e07ec1,client_9f14025af0,0.35674242933247,HOLD,LOW_PRIORITY_SIGNAL,HOLD,5,1,250,0.0,77.2,2577.0,0.0
2339,content_2a430d9d3134,client_19581e27de,0.35665497838111954,HOLD,LOW_PRIORITY_SIGNAL,HOLD,16361,107,126,0.72,3.8,2959.0,0.93
2340,content_f004382d0435,client_19581e27de,0.3566502379300846,HOLD,LOW_PRIORITY_SIGNAL,HOLD,28918,139,112,0.53,4.0,2743.0,0.0
2341,content_c16ed807a773,client_19581e27de,0.35562839207648494,HOLD,LOW_PRIORITY_SIGNAL,HOLD,16565,112,95,0.56,4.5,2619.0,1.79
2342,content_f1c468ce05f4,client_349c41201b,0.3553599123793505,HOLD,LOW_PRIORITY_SIGNAL,HOLD,28738,187,111,0.63,5.7,2964.0,0.53
2343,content_0c098b67630f,client_19581e27de,0.3553388803982773,HOLD,LOW_PRIORITY_SIGNAL,HOLD,19807,86,112,0.53,2.8,2798.0,1.16
2344,content_a9eee77fbd99,client_349c41201b,0.355202065044462,HOLD,LOW_PRIORITY_SIGNAL,HOLD,75023,476,126,0.35,7.6,3154.0,2.52
2345,content_b545ea9e52f1,client_19581e27de,0.35480276086503293,HOLD,LOW_PRIORITY_SIGNAL,HOLD,13706,54,330,0.34,6.3,2699.0,16.67
2346,content_cc5f4732257f,client_9f14025af0,0.3547310791713752,HOLD,LOW_PRIORITY_SIGNAL,HOLD,28,1,306,0.0,10.9,952.0,0.0
2347,content_74d516239032,client_624b60c58c,0.35459482284178656,HOLD,LOW_PRIORITY_SIGNAL,HOLD,35,1,350,0.0,13.1,1839.0,0.0
2348,content_9529127853bf,client_19581e27de,0.353968802662758,HOLD,LOW_PRIORITY_SIGNAL,HOLD,14013,100,124,0.86,4.9,2773.0,1.0
2349,content_182cec8355bf,client_19581e27de,0.3536376340924221,HOLD,LOW_PRIORITY_SIGNAL,HOLD,47717,115,119,0.21,6.4,3084.0,4.35
2350,content_35a9298ccea2,client_19581e27de,0.353517724816575,HOLD,LOW_PRIORITY_SIGNAL,HOLD,53768,163,126,0.34,6.3,3092.0,2.45
2351,content_271e35948ac2,client_19581e27de,0.3534949587049144,HOLD,LOW_PRIORITY_SIGNAL,HOLD,21985,84,112,0.35,6.1,2827.0,2.38
2352,content_27a5ceccdf40,client_624b60c58c,0.35296141954179566,HOLD,LOW_PRIORITY_SIGNAL,HOLD,5276,14,357,0.19,10.3,1682.0,0.0
2353,content_ee5939bf8495,client_9f14025af0,0.3529405015071041,HOLD,LOW_PRIORITY_SIGNAL,HOLD,17,1,306,0.0,22.9,915.0,0.0
2354,content_d009885ada50,client_624b60c58c,0.35171831834761697,HOLD,LOW_PRIORITY_SIGNAL,HOLD,6,1,114,0.0,5.8,3966.0,0.0
2355,content_487e8e821c3f,client_19581e27de,0.3516659375373872,HOLD,LOW_PRIORITY_SIGNAL,HOLD,36321,346,119,0.78,5.0,3289.0,2.89
2356,content_6bcf4784ed7a,client_19581e27de,0.35134921305830175,HOLD,LOW_PRIORITY_SIGNAL,HOLD,35280,136,119,0.31,7.2,2906.0,5.88
2357,content_e1501cdeca69,client_19581e27de,0.3502795588373766,HOLD,LOW_PRIORITY_SIGNAL,HOLD,96467,423,126,0.48,4.2,2571.0,1.89
2358,content_fcee56c2feba,client_19581e27de,0.3501254730003643,HOLD,LOW_PRIORITY_SIGNAL,HOLD,3718,33,95,0.89,4.5,3171.0,0.0
2359,content_a581da0dae32,client_349c41201b,0.34951610519208715,HOLD,LOW_PRIORITY_SIGNAL,HOLD,12207,108,126,0.51,7.5,2951.0,1.85
2360,content_b5c65940f6f0,client_19581e27de,0.3492434423347964,HOLD,LOW_PRIORITY_SIGNAL,HOLD,12565,95,98,0.72,5.7,2710.0,3.16
2361,content_16ecc826236e,client_19581e27de,0.34887420001092473,HOLD,LOW_PRIORITY_SIGNAL,HOLD,4712,37,445,0.08,16.8,2733.0,2.7
2362,content_d8513c520f76,client_19581e27de,0.34884014376413286,HOLD,LOW_PRIORITY_SIGNAL,HOLD,6183,67,482,0.11,7.7,2091.0,0.0
2363,content_fb7e66e0267d,client_19581e27de,0.348786698829404,HOLD,LOW_PRIORITY_SIGNAL,HOLD,16833,242,98,1.47,2.4,2899.0,2.07
2364,content_75c643e366d8,client_19581e27de,0.3487010008149998,HOLD,LOW_PRIORITY_SIGNAL,HOLD,71507,652,98,1.0,2.9,3132.0,2.45
2365,content_c091db5aaf35,client_19581e27de,0.3483430372397035,HOLD,LOW_PRIORITY_SIGNAL,HOLD,20916,106,112,0.54,4.6,3474.0,2.83
2366,content_ee02b76fa909,client_349c41201b,0.3481296831671641,HOLD,LOW_PRIORITY_SIGNAL,HOLD,13448,118,111,0.34,5.8,2652.0,1.69
2367,content_9b684b0da474,client_19581e27de,0.3479220281083721,HOLD,LOW_PRIORITY_SIGNAL,HOLD,16291,198,112,1.0,2.9,2884.0,3.54
2368,content_601ad0b04734,client_624b60c58c,0.3478397935263534,HOLD,LOW_PRIORITY_SIGNAL,HOLD,6,2,133,0.0,7.7,4376.0,0.0
2369,content_7aa0b31de01f,client_19581e27de,0.3475652932431447,HOLD,LOW_PRIORITY_SIGNAL,HOLD,28802,190,126,0.78,3.5,2632.0,3.16
2370,content_5a21aa56fc63,client_19581e27de,0.34755705983559276,HOLD,LOW_PRIORITY_SIGNAL,HOLD,8698,70,119,0.98,4.7,2989.0,4.29
2371,content_5df4fa6b7908,client_19581e27de,0.34717229817629125,HOLD,LOW_PRIORITY_SIGNAL,HOLD,18577,297,98,1.48,2.3,2726.0,2.36
2372,content_81fbc53e89d2,client_19581e27de,0.3470599985198662,HOLD,LOW_PRIORITY_SIGNAL,HOLD,12534,96,103,0.81,4.4,2870.0,3.13
2373,content_c445c6445415,client_19581e27de,0.34632821885910753,HOLD,LOW_PRIORITY_SIGNAL,HOLD,106334,766,112,0.75,3.7,2800.0,0.91
2374,content_52e8a2955e1a,client_19581e27de,0.34614850073906916,HOLD,LOW_PRIORITY_SIGNAL,HOLD,46240,108,419,0.07,8.3,2710.0,2.78
2375,content_e8356c29e626,client_19581e27de,0.34591906003824474,HOLD,LOW_PRIORITY_SIGNAL,HOLD,21270,284,419,0.31,8.3,2952.0,2.46
2376,content_ef7fce0f32a5,client_624b60c58c,0.3459057346008306,HOLD,LOW_PRIORITY_SIGNAL,HOLD,59,1,350,0.0,24.2,1773.0,0.0
2377,content_2177810c0b3b,client_19581e27de,0.34494364991620846,HOLD,LOW_PRIORITY_SIGNAL,HOLD,12438,69,417,0.16,7.9,2627.0,0.0
2378,content_6c3a6dd1cf22,client_19581e27de,0.34478784513091576,HOLD,LOW_PRIORITY_SIGNAL,HOLD,41342,151,112,0.34,5.5,3256.0,2.65
2379,content_8010bffecf8c,client_19581e27de,0.34465663894556586,HOLD,LOW_PRIORITY_SIGNAL,HOLD,78,7,445,0.0,41.4,2703.0,0.0
2380,content_63955827d8cd,client_19581e27de,0.34405157138946035,HOLD,LOW_PRIORITY_SIGNAL,HOLD,13136,90,103,0.56,5.3,3196.0,1.11
2381,content_b043b8f9336d,client_9f14025af0,0.3439139309315191,HOLD,LOW_PRIORITY_SIGNAL,HOLD,8,2,298,25.0,21.1,1085.0,0.0
2382,content_16fa125f5b43,client_19581e27de,0.3438543171781107,HOLD,LOW_PRIORITY_SIGNAL,HOLD,68238,145,124,0.2,5.8,2920.0,2.07
2383,content_264535fe60da,client_19581e27de,0.3437114637550742,HOLD,LOW_PRIORITY_SIGNAL,HOLD,9226,94,119,1.0,3.4,2991.0,4.26
2384,content_4402cfd84e63,client_19581e27de,0.34369939437623537,HOLD,LOW_PRIORITY_SIGNAL,HOLD,14298,46,362,0.09,20.9,2742.0,0.0
2385,content_b84bab8cb9a3,client_19581e27de,0.34367753454615924,HOLD,LOW_PRIORITY_SIGNAL,HOLD,33848,292,119,0.93,4.3,2948.0,1.37
2386,content_5bb33c47e03b,client_19581e27de,0.3435846493973742,HOLD,LOW_PRIORITY_SIGNAL,HOLD,21755,306,98,1.37,3.3,2886.0,2.94
2387,content_269dec00b4b9,client_624b60c58c,0.3432640594953223,HOLD,LOW_PRIORITY_SIGNAL,HOLD,5,2,313,0.0,6.8,3920.0,0.0
2388,content_afaea9f24786,client_624b60c58c,0.34240182449396783,HOLD,LOW_PRIORITY_SIGNAL,HOLD,3,1,101,0.0,12.7,3696.0,0.0
2389,content_c1a5d93b70a2,client_19581e27de,0.34196766375827253,HOLD,LOW_PRIORITY_SIGNAL,HOLD,22675,90,98,0.39,5.8,2760.0,4.44
2390,content_d9b2b8214bac,client_19581e27de,0.3419189426420233,HOLD,LOW_PRIORITY_SIGNAL,HOLD,70403,294,119,0.47,5.0,2995.0,1.36
2391,content_aa7e8ce26142,client_19581e27de,0.34162777069354405,HOLD,LOW_PRIORITY_SIGNAL,HOLD,71323,576,119,0.88,3.4,3093.0,1.91
2392,content_dc3ddfde0842,client_19581e27de,0.3413598222843064,HOLD,LOW_PRIORITY_SIGNAL,HOLD,8416,141,103,1.09,3.5,3436.0,5.67
2393,content_af1314c3e6f3,client_19581e27de,0.34087207182831714,HOLD,LOW_PRIORITY_SIGNAL,HOLD,11223,60,362,0.11,6.4,2665.0,3.33
2394,content_c49a3b745fe8,client_349c41201b,0.34039378636495854,HOLD,LOW_PRIORITY_SIGNAL,HOLD,17583,108,95,0.48,7.9,3294.0,2.78
2395,content_dbd5afd94be0,client_19581e27de,0.3402901243253098,HOLD,LOW_PRIORITY_SIGNAL,HOLD,30272,130,126,0.48,4.8,2792.0,2.31
2396,content_fd3422d11e9f,client_19581e27de,0.3393005252525977,HOLD,LOW_PRIORITY_SIGNAL,HOLD,117983,256,480,0.15,6.7,2066.0,1.56
2397,content_3d94572c3a35,client_19581e27de,0.33847525168160286,HOLD,LOW_PRIORITY_SIGNAL,HOLD,190623,441,124,0.24,4.3,2824.0,5.22
2398,content_825afe2ac419,client_19581e27de,0.338373066058614,HOLD,LOW_PRIORITY_SIGNAL,HOLD,76451,369,124,0.55,3.4,2870.0,1.9
2399,content_87ac9f99f8ca,client_19581e27de,0.3382657296128162,HOLD,LOW_PRIORITY_SIGNAL,HOLD,6531,43,441,0.05,10.9,2311.0,0.0
2400,content_40001fa34421,client_19581e27de,0.3382541161376714,HOLD,LOW_PRIORITY_SIGNAL,HOLD,7266,28,417,0.12,8.4,2425.0,3.57
2401,content_c41eb07f23cb,client_349c41201b,0.3382124412366803,HOLD,LOW_PRIORITY_SIGNAL,HOLD,28032,313,104,0.41,9.8,2771.0,1.6
2402,content_4bdb1714c2d3,client_19581e27de,0.33816639269932225,HOLD,LOW_PRIORITY_SIGNAL,HOLD,12387,16,463,0.09,8.4,2490.0,0.0
2403,content_4a1f9d2540b8,client_19581e27de,0.3381157714266476,HOLD,LOW_PRIORITY_SIGNAL,HOLD,26605,101,112,0.34,5.7,2999.0,3.96
2404,content_6e6f61feaad7,client_19581e27de,0.3380586586754147,HOLD,LOW_PRIORITY_SIGNAL,HOLD,7088,39,362,0.13,10.1,3034.0,0.0
2405,content_837d4636230d,client_349c41201b,0.3377548923785192,HOLD,LOW_PRIORITY_SIGNAL,HOLD,13727,222,104,0.71,8.9,3561.0,2.25
2406,content_4a45b28cfd2e,client_349c41201b,0.33762255347311976,HOLD,LOW_PRIORITY_SIGNAL,HOLD,21202,144,95,0.43,8.9,3086.0,3.47
2407,content_146b6f47799e,client_19581e27de,0.33755586446590136,HOLD,LOW_PRIORITY_SIGNAL,HOLD,22394,108,98,0.54,3.2,2898.0,0.93
2408,content_b79a2cb00c16,client_624b60c58c,0.33727487864188904,HOLD,LOW_PRIORITY_SIGNAL,HOLD,616,1,357,0.0,36.2,2075.0,0.0
2409,content_b192f95bfc82,client_624b60c58c,0.33702931201744385,HOLD,LOW_PRIORITY_SIGNAL,HOLD,6,10,130,0.0,8.2,3982.0,0.0
2410,content_a86c6b228157,client_19581e27de,0.3369533878341581,HOLD,LOW_PRIORITY_SIGNAL,HOLD,24283,99,112,0.35,5.5,2887.0,3.03
2411,content_1da1910ea187,client_19581e27de,0.33694010858421125,HOLD,LOW_PRIORITY_SIGNAL,HOLD,13659,93,98,0.42,5.4,3052.0,4.3
2412,content_f7e10d852e1d,client_349c41201b,0.33651147068979875,HOLD,LOW_PRIORITY_SIGNAL,HOLD,47513,152,124,0.22,8.8,2944.0,2.63
2413,content_98b3fa0b1476,client_624b60c58c,0.3356281451429819,HOLD,LOW_PRIORITY_SIGNAL,HOLD,5,4,312,0.0,7.2,4951.0,0.0
2414,content_11272fabf4bf,client_19581e27de,0.33519074099579205,HOLD,LOW_PRIORITY_SIGNAL,HOLD,46795,256,103,0.46,5.4,3230.0,1.17
2415,content_bc0e2ca6d9cd,client_349c41201b,0.3349626203756733,HOLD,LOW_PRIORITY_SIGNAL,HOLD,33114,232,126,0.58,5.1,2643.0,1.29
2416,content_39ea27d19580,client_9f14025af0,0.3345638165326462,HOLD,LOW_PRIORITY_SIGNAL,HOLD,8,1,335,0.0,24.6,918.0,0.0
2417,content_0adfca503230,client_02d20bbd7e,0.33426745473908986,HOLD,LOW_PRIORITY_SIGNAL,HOLD,12,1,332,0.0,2.9,2166.0,0.0
2418,content_296f61aebaa9,client_349c41201b,0.3342642645571935,HOLD,LOW_PRIORITY_SIGNAL,HOLD,81915,598,104,0.54,4.8,3142.0,1.67
2419,content_af50f07026c0,client_19581e27de,0.3342550896532546,HOLD,LOW_PRIORITY_SIGNAL,HOLD,145537,646,119,0.43,3.7,3061.0,1.86
2420,content_ee84004f95e9,client_9f14025af0,0.3341989462038364,HOLD,LOW_PRIORITY_SIGNAL,HOLD,3,3,250,0.0,6.7,2737.0,0.0
2421,content_3613b834efd0,client_624b60c58c,0.33389139927722555,HOLD,LOW_PRIORITY_SIGNAL,HOLD,3149,19,350,0.41,6.8,1760.0,0.0
2422,content_27c16118877d,client_19581e27de,0.33358083278285866,HOLD,LOW_PRIORITY_SIGNAL,HOLD,20129,111,112,0.49,3.4,3089.0,6.31
2423,content_5ab6a9c70321,client_19581e27de,0.3332245516211242,HOLD,LOW_PRIORITY_SIGNAL,HOLD,6910,30,362,0.12,11.2,2898.0,0.0
2424,content_23a7bfb9faae,client_19581e27de,0.33290958166981305,HOLD,LOW_PRIORITY_SIGNAL,HOLD,25429,219,112,0.97,3.4,2930.0,0.91
2425,content_939b70207d30,client_9f14025af0,0.3329045169986917,HOLD,LOW_PRIORITY_SIGNAL,HOLD,695,4,250,0.14,80.5,2761.0,0.0
2426,content_dec09daeed31,client_624b60c58c,0.3328732810315204,HOLD,LOW_PRIORITY_SIGNAL,HOLD,5,1,124,0.0,5.2,4289.0,0.0
2427,content_7bd100e93e91,client_19581e27de,0.3325397252191986,HOLD,LOW_PRIORITY_SIGNAL,HOLD,18152,45,445,0.04,9.4,2641.0,0.0
2428,content_5b6bb729c889,client_19581e27de,0.33196362156590054,HOLD,LOW_PRIORITY_SIGNAL,HOLD,69104,69,417,0.07,8.6,2218.0,2.9
2429,content_d66743c74ba8,client_9f14025af0,0.3309045216791383,HOLD,LOW_PRIORITY_SIGNAL,HOLD,3,1,151,0.0,18.0,2454.0,100.0
2430,content_b06198ab8de1,client_9f14025af0,0.33079779651831165,HOLD,LOW_PRIORITY_SIGNAL,HOLD,5,2,335,0.0,28.8,1064.0,0.0
2431,content_d9f45a4c153c,client_19581e27de,0.3302609887556502,HOLD,LOW_PRIORITY_SIGNAL,HOLD,6117,33,417,0.1,9.3,2550.0,3.03
2432,content_ed22f0c05da6,client_19581e27de,0.3298896694894679,HOLD,LOW_PRIORITY_SIGNAL,HOLD,50722,281,119,0.58,4.2,2886.0,1.78
2433,content_6384168f8647,client_624b60c58c,0.32942927387282084,HOLD,LOW_PRIORITY_SIGNAL,HOLD,5,1,106,0.0,6.4,3996.0,0.0
2434,content_48fa8051c06a,client_19581e27de,0.3287688162483947,HOLD,LOW_PRIORITY_SIGNAL,HOLD,17414,299,417,0.13,9.5,2459.0,4.35
2435,content_3c9ecbee7605,client_9f14025af0,0.32809468591209506,HOLD,LOW_PRIORITY_SIGNAL,HOLD,4,1,347,0.0,14.8,953.0,0.0
2436,content_1ab4c8572b59,client_19581e27de,0.327907797948521,HOLD,LOW_PRIORITY_SIGNAL,HOLD,11210,45,466,0.1,7.7,2775.0,0.0
2437,content_619ee7ba11f9,client_0b918943df,0.327706391334327,HOLD,LOW_PRIORITY_SIGNAL,HOLD,3540,36,347,0.23,7.0,1684.0,8.33
2438,content_19f9601713cc,client_9f14025af0,0.32766235891974255,HOLD,LOW_PRIORITY_SIGNAL,HOLD,7,2,306,28.57,9.6,996.0,50.0
2439,content_5a21a6d2fdc4,client_9f14025af0,0.327636925460663,HOLD,LOW_PRIORITY_SIGNAL,HOLD,5,1,250,0.0,7.4,2765.0,0.0
2440,content_47bb4e9ef850,client_19581e27de,0.32751685084520593,HOLD,LOW_PRIORITY_SIGNAL,HOLD,5320,42,463,0.11,14.7,2918.0,0.0
2441,content_1b63294a1556,client_19581e27de,0.3268220045203173,HOLD,LOW_PRIORITY_SIGNAL,HOLD,40675,133,103,0.29,6.7,2959.0,2.26
2442,content_b8e4dc8a7c27,client_9f14025af0,0.3265114128084581,HOLD,LOW_PRIORITY_SIGNAL,HOLD,4,1,347,0.0,13.8,1111.0,0.0
2443,content_7ec1abc04dec,client_19581e27de,0.32576496729598226,HOLD,LOW_PRIORITY_SIGNAL,HOLD,80957,344,126,0.51,4.8,2789.0,2.62
2444,content_e2f8805278c6,client_19581e27de,0.32553583988624923,HOLD,LOW_PRIORITY_SIGNAL,HOLD,6054,32,482,0.05,10.6,2552.0,3.13
2445,content_fcaa9748e3cb,client_19581e27de,0.32553108480032833,HOLD,LOW_PRIORITY_SIGNAL,HOLD,31547,263,482,0.18,9.1,2817.0,0.38
2446,content_3aa4e5ba635c,client_19581e27de,0.32545750296991666,HOLD,LOW_PRIORITY_SIGNAL,HOLD,62612,470,119,0.66,2.2,3071.0,3.83
2447,content_b7a4e4bc115e,client_624b60c58c,0.32540525722046304,HOLD,LOW_PRIORITY_SIGNAL,HOLD,12140,44,357,0.12,8.1,2474.0,6.82
2448,content_02a7d9f584ed,client_19581e27de,0.3243886081380631,HOLD,LOW_PRIORITY_SIGNAL,HOLD,10261,12,441,0.08,7.6,2289.0,0.0
2449,content_0a4f4442a216,client_9f14025af0,0.3238433005058747,HOLD,LOW_PRIORITY_SIGNAL,HOLD,4,1,249,0.0,27.5,2734.0,0.0
2450,content_6ff33320c70e,client_9f14025af0,0.3228677758273112,HOLD,LOW_PRIORITY_SIGNAL,HOLD,16,2,148,6.25,4.8,2319.0,0.0
2451,content_cf1cca76949b,client_e629fa6598,0.32238548600722344,HOLD,LOW_PRIORITY_SIGNAL,HOLD,143,1,358,0.7,59.7,1895.0,0.0
2452,content_97c87a0bcf58,client_349c41201b,0.3215856682146715,HOLD,LOW_PRIORITY_SIGNAL,HOLD,14845,108,119,0.67,6.0,2644.0,0.93
2453,content_01a9f271941b,client_19581e27de,0.3208340386900685,HOLD,LOW_PRIORITY_SIGNAL,HOLD,8502,81,98,0.96,4.2,2823.0,2.47
2454,content_f6c3ae3a47d1,client_19581e27de,0.32017333791742614,HOLD,LOW_PRIORITY_SIGNAL,HOLD,12028,88,112,0.96,4.7,3194.0,1.14
2455,content_d9023a1931c7,client_624b60c58c,0.3198177806948394,HOLD,LOW_PRIORITY_SIGNAL,HOLD,5,1,126,0.0,7.2,3674.0,0.0
2456,content_15799b0cff5b,client_19581e27de,0.3184154616364472,HOLD,LOW_PRIORITY_SIGNAL,HOLD,31782,171,126,0.63,4.3,2610.0,2.92
2457,content_6541b38e6843,client_9f14025af0,0.3181154683220411,HOLD,LOW_PRIORITY_SIGNAL,HOLD,14,1,298,7.14,24.6,1050.0,0.0
2458,content_f2e6f81a4ce1,client_19581e27de,0.3178408938002286,HOLD,LOW_PRIORITY_SIGNAL,HOLD,7175,51,389,0.14,9.3,2386.0,3.92
2459,content_dd22c0ecbc10,client_19581e27de,0.3172691134182756,HOLD,LOW_PRIORITY_SIGNAL,HOLD,20118,61,480,0.09,7.2,2275.0,0.0
2460,content_73527c440731,client_19581e27de,0.3172098947841124,HOLD,LOW_PRIORITY_SIGNAL,HOLD,9968,18,362,0.1,7.1,2501.0,0.0
2461,content_209e3e9b971f,client_9f14025af0,0.31715139774818096,HOLD,LOW_PRIORITY_SIGNAL,HOLD,5,1,228,0.0,89.4,2838.0,0.0
2462,content_4cb6d7fd048a,client_9f14025af0,0.31589054169267855,HOLD,LOW_PRIORITY_SIGNAL,HOLD,5,1,250,20.0,8.4,2981.0,100.0
2463,content_bc936a5c28b8,client_19581e27de,0.3154387183093773,HOLD,LOW_PRIORITY_SIGNAL,HOLD,7814,29,480,0.09,10.6,2221.0,0.0
2464,content_fe13a3972917,client_19581e27de,0.3145643249725763,HOLD,LOW_PRIORITY_SIGNAL,HOLD,6495,127,463,0.11,8.2,2583.0,2.36
2465,content_b33dbf37def4,client_9f14025af0,0.31329152980258024,HOLD,LOW_PRIORITY_SIGNAL,HOLD,10,1,250,0.0,86.3,2552.0,0.0
2466,content_4e9708e2b23b,client_624b60c58c,0.31314890337846946,HOLD,LOW_PRIORITY_SIGNAL,HOLD,5,1,131,0.0,6.0,3662.0,0.0
2467,content_a583c3a42877,client_19581e27de,0.31293891065514917,HOLD,LOW_PRIORITY_SIGNAL,HOLD,62589,115,441,0.15,6.5,2736.0,1.74
2468,content_390685256eef,client_19581e27de,0.31290380434600434,HOLD,LOW_PRIORITY_SIGNAL,HOLD,55101,269,112,0.45,3.7,2790.0,1.86
2469,content_96ae1b0972d3,client_19581e27de,0.3113445394904662,HOLD,LOW_PRIORITY_SIGNAL,HOLD,4689,36,421,0.19,11.5,2597.0,5.56
2470,content_ed87bc84e22d,client_9f14025af0,0.3112659554783639,HOLD,LOW_PRIORITY_SIGNAL,HOLD,3,1,250,0.0,5.3,2778.0,0.0
2471,content_aeb7cf823e3e,client_19581e27de,0.31108444363606064,HOLD,LOW_PRIORITY_SIGNAL,HOLD,5910,53,466,0.1,11.1,2693.0,1.89
2472,content_cb112fce36be,client_19581e27de,0.30951528336685175,HOLD,LOW_PRIORITY_SIGNAL,HOLD,309910,480,126,0.16,5.6,2761.0,2.08
2473,content_99679c60534c,client_19581e27de,0.3089456592672598,HOLD,LOW_PRIORITY_SIGNAL,HOLD,9406,75,445,0.11,13.5,2660.0,1.33
2474,content_38bf9a1a77f4,client_19581e27de,0.3087710835343401,HOLD,LOW_PRIORITY_SIGNAL,HOLD,33854,125,482,0.4,6.6,2960.0,1.6
2475,content_c8ae55a0e62d,client_19581e27de,0.3082250674553543,HOLD,LOW_PRIORITY_SIGNAL,HOLD,24681,138,126,0.56,5.7,2591.0,2.17
2476,content_35771cb201d7,client_19581e27de,0.30793437436381327,HOLD,LOW_PRIORITY_SIGNAL,HOLD,4847,29,419,0.14,8.1,2522.0,0.0
2477,content_3467c6b80804,client_19581e27de,0.3079195653513128,HOLD,LOW_PRIORITY_SIGNAL,HOLD,13804,39,482,0.08,8.2,2573.0,0.0
2478,content_6eb651d40bd2,client_19581e27de,0.30772513526261835,HOLD,LOW_PRIORITY_SIGNAL,HOLD,42530,183,482,0.08,7.9,2565.0,2.19
2479,content_b8e3b2f1fe3b,client_19581e27de,0.3072340229920231,HOLD,LOW_PRIORITY_SIGNAL,HOLD,62447,193,445,0.12,7.1,1966.0,1.55
2480,content_b39673b7e758,client_19581e27de,0.30723321457110686,HOLD,LOW_PRIORITY_SIGNAL,HOLD,25891,67,482,0.12,8.6,2725.0,1.49
2481,content_947bbc996a20,client_19581e27de,0.30721571657708,HOLD,LOW_PRIORITY_SIGNAL,HOLD,7946,172,466,0.25,11.5,3010.0,2.33
2482,content_3844363ff6b4,client_624b60c58c,0.30720332568155767,HOLD,LOW_PRIORITY_SIGNAL,HOLD,40913,51,356,0.09,8.0,1840.0,1.96
2483,content_d10452b7f55c,client_19581e27de,0.30692059329978577,HOLD,LOW_PRIORITY_SIGNAL,HOLD,67366,321,124,0.46,5.9,2985.0,2.18
2484,content_4152e35053d1,client_19581e27de,0.3068937760687357,HOLD,LOW_PRIORITY_SIGNAL,HOLD,6073,20,482,0.21,12.7,2047.0,0.0
2485,content_39286618f382,client_349c41201b,0.30655262860701527,HOLD,LOW_PRIORITY_SIGNAL,HOLD,15934,105,104,0.51,5.3,2992.0,0.95
2486,content_4e750fdb3cb5,client_19581e27de,0.30646309370257635,HOLD,LOW_PRIORITY_SIGNAL,HOLD,16971,122,480,0.15,7.6,3094.0,1.64
2487,content_91f4b01a80c2,client_19581e27de,0.3063506285082024,HOLD,LOW_PRIORITY_SIGNAL,HOLD,37692,72,480,0.13,6.8,3151.0,2.78
2488,content_0d4d41316113,client_19581e27de,0.3058568086207354,HOLD,LOW_PRIORITY_SIGNAL,HOLD,28710,96,417,0.13,7.1,2986.0,2.08
2489,content_db2ca04fc221,client_349c41201b,0.30561369399040705,HOLD,LOW_PRIORITY_SIGNAL,HOLD,63450,490,111,0.65,3.9,3115.0,1.63
2490,content_9a7fe374c900,client_9f14025af0,0.30558454645858485,HOLD,LOW_PRIORITY_SIGNAL,HOLD,3,2,116,66.67,26.3,2588.0,50.0
2491,content_151413a68071,client_19581e27de,0.3048479370061376,HOLD,LOW_PRIORITY_SIGNAL,HOLD,18521,47,466,0.04,7.6,2546.0,2.13
2492,content_21db55174359,client_19581e27de,0.3046555280897727,HOLD,LOW_PRIORITY_SIGNAL,HOLD,11779,219,445,0.14,7.7,2997.0,6.85
2493,content_a6fec4461e66,client_19581e27de,0.3044079175332962,HOLD,LOW_PRIORITY_SIGNAL,HOLD,54995,337,119,0.69,3.7,2960.0,3.26
2494,content_d9ed03fc15f0,client_19581e27de,0.30440064487156016,HOLD,LOW_PRIORITY_SIGNAL,HOLD,15970,218,103,1.38,4.5,2746.0,1.38
2495,content_e59e3357a212,client_19581e27de,0.3037362654459461,HOLD,LOW_PRIORITY_SIGNAL,HOLD,131688,320,112,0.21,5.3,3267.0,2.81
2496,content_b86c2f03322e,client_19581e27de,0.3036972583665084,HOLD,LOW_PRIORITY_SIGNAL,HOLD,26964,193,119,0.61,4.3,3127.0,2.07
2497,content_bfdf5b1b2717,client_19581e27de,0.30220744445109354,HOLD,LOW_PRIORITY_SIGNAL,HOLD,8200,95,482,0.16,9.3,2733.0,0.0
2498,content_a82c7ace07e0,client_19581e27de,0.3019207017810078,HOLD,LOW_PRIORITY_SIGNAL,HOLD,14013,131,103,0.76,5.9,3112.0,1.53
2499,content_eb7f1fcf64da,client_349c41201b,0.30185091335735525,HOLD,LOW_PRIORITY_SIGNAL,HOLD,35789,255,95,0.38,7.5,2843.0,3.14
2500,content_59094571f0a5,client_19581e27de,0.30089220780681475,HOLD,LOW_PRIORITY_SIGNAL,HOLD,47677,148,362,0.1,6.8,2518.0,2.7
2501,content_3fa65e28171d,client_19581e27de,0.3008390941609818,HOLD,LOW_PRIORITY_SIGNAL,HOLD,111144,284,119,0.27,6.0,2989.0,2.11
2502,content_7a10018faea1,client_19581e27de,0.3002765492503505,HOLD,LOW_PRIORITY_SIGNAL,HOLD,6372,37,362,0.14,8.5,2834.0,0.0
2503,content_83a1e3dad03a,client_19581e27de,0.299420755764956,HOLD,LOW_PRIORITY_SIGNAL,HOLD,37587,179,445,0.31,7.7,2389.0,1.12
2504,content_4c80a819239e,client_9f14025af0,0.2992593280379236,HOLD,LOW_PRIORITY_SIGNAL,HOLD,7,1,249,14.29,18.7,2500.0,0.0
2505,content_d343a0428993,client_624b60c58c,0.2992364755735731,HOLD,LOW_PRIORITY_SIGNAL,HOLD,3,2,105,0.0,8.0,3696.0,0.0
2506,content_e86d4f7cdfc5,client_19581e27de,0.29875808379999735,HOLD,LOW_PRIORITY_SIGNAL,HOLD,16212,55,482,0.06,10.4,2805.0,1.82
2507,content_e43cb422c67b,client_9f14025af0,0.29805045936209196,HOLD,LOW_PRIORITY_SIGNAL,HOLD,14,3,298,7.14,33.3,921.0,0.0
2508,content_fe2623fed518,client_349c41201b,0.2974432006788456,HOLD,LOW_PRIORITY_SIGNAL,HOLD,51159,163,119,0.24,8.0,2663.0,3.07
2509,content_02950673a353,client_19581e27de,0.29741301261972386,HOLD,LOW_PRIORITY_SIGNAL,HOLD,21304,174,103,0.83,4.4,2501.0,2.87
2510,content_bf2503cea410,client_0b918943df,0.29674253971692766,HOLD,LOW_PRIORITY_SIGNAL,HOLD,2,1,99,0.0,6.0,3874.0,0.0
2511,content_319980ebeaf4,client_19581e27de,0.29602061478005154,HOLD,LOW_PRIORITY_SIGNAL,HOLD,28345,119,482,0.08,12.0,2338.0,1.68
2512,content_5c83e247d355,client_19581e27de,0.29559611687502857,HOLD,LOW_PRIORITY_SIGNAL,HOLD,24111,60,362,0.11,8.6,3036.0,0.0
2513,content_824a11467353,client_19581e27de,0.2954929441258944,HOLD,LOW_PRIORITY_SIGNAL,HOLD,75376,151,480,0.15,7.8,2866.0,3.97
2514,content_723b600f79a5,client_349c41201b,0.2952283780404189,HOLD,LOW_PRIORITY_SIGNAL,HOLD,53278,234,104,0.24,7.2,2743.0,2.14
2515,content_7534ddef1f66,client_19581e27de,0.29458861317442575,HOLD,LOW_PRIORITY_SIGNAL,HOLD,22380,109,103,0.61,4.1,3127.0,0.92
2516,content_7af60c0b21a7,client_19581e27de,0.2943707454392661,HOLD,LOW_PRIORITY_SIGNAL,HOLD,5892,69,445,0.24,11.7,2606.0,0.0
2517,content_7b9b536c5422,client_349c41201b,0.2940360471248573,HOLD,LOW_PRIORITY_SIGNAL,HOLD,25729,205,119,0.43,8.6,2589.0,1.95
2518,content_10dda3634834,client_19581e27de,0.2939577683946859,HOLD,LOW_PRIORITY_SIGNAL,HOLD,9813,41,463,0.12,9.6,2611.0,7.32
2519,content_b1e806ff4669,client_349c41201b,0.2930396045829749,HOLD,LOW_PRIORITY_SIGNAL,HOLD,72875,405,119,0.33,5.3,2681.0,3.46
2520,content_1f046767cc6b,client_19581e27de,0.29151376181524713,HOLD,LOW_PRIORITY_SIGNAL,HOLD,20751,62,482,0.09,8.3,2457.0,1.61
2521,content_dc7a1449b678,client_624b60c58c,0.2914036903020254,HOLD,LOW_PRIORITY_SIGNAL,HOLD,2,8,98,0.0,8.0,3425.0,0.0
2522,content_03db9477c6a4,client_19581e27de,0.2910030218869921,HOLD,LOW_PRIORITY_SIGNAL,HOLD,5293,33,389,0.15,9.7,2552.0,3.03
2523,content_ef5401b47754,client_349c41201b,0.290036928152382,HOLD,LOW_PRIORITY_SIGNAL,HOLD,12355,135,104,0.91,4.6,2850.0,0.74
2524,content_3e262fa8b265,client_9f14025af0,0.2897756408434071,HOLD,LOW_PRIORITY_SIGNAL,HOLD,12,1,250,0.0,89.3,2368.0,0.0
2525,content_ceedb04d2b83,client_9f14025af0,0.2896199488296697,HOLD,LOW_PRIORITY_SIGNAL,HOLD,9,1,298,0.0,29.3,952.0,0.0
2526,content_f9db581c1acf,client_19581e27de,0.2894666705285861,HOLD,LOW_PRIORITY_SIGNAL,HOLD,21038,167,95,0.73,6.2,2844.0,1.8
2527,content_40be68af6880,client_19581e27de,0.2888721939670136,HOLD,LOW_PRIORITY_SIGNAL,HOLD,10437,67,330,0.55,6.6,2982.0,7.46
2528,content_d17fb680d395,client_19581e27de,0.2885880330825439,HOLD,LOW_PRIORITY_SIGNAL,HOLD,6058,26,445,0.18,8.5,2330.0,0.0
2529,content_56d8e3c893e3,client_19581e27de,0.28816465989176354,HOLD,LOW_PRIORITY_SIGNAL,HOLD,5000,16,482,0.16,16.4,2551.0,18.75
2530,content_acb1c2fc44d2,client_19581e27de,0.28796301964326004,HOLD,LOW_PRIORITY_SIGNAL,HOLD,9769,60,466,0.09,8.6,2631.0,3.33
2531,content_48fe09b3aa80,client_349c41201b,0.28770146473674435,HOLD,LOW_PRIORITY_SIGNAL,HOLD,24592,226,119,0.55,6.3,3017.0,1.33
2532,content_6552327a2743,client_349c41201b,0.28768345818839586,HOLD,LOW_PRIORITY_SIGNAL,HOLD,20176,233,111,0.98,4.3,3009.0,1.29
2533,content_0f9b311a8e8b,client_19581e27de,0.28752735737575885,HOLD,LOW_PRIORITY_SIGNAL,HOLD,32281,47,480,0.1,10.7,2800.0,0.0
2534,content_4ca89814edb5,client_349c41201b,0.28646883363502945,HOLD,LOW_PRIORITY_SIGNAL,HOLD,38261,296,111,0.63,5.7,2973.0,2.36
2535,content_98f2cbf89ca9,client_19581e27de,0.2854437264402189,HOLD,LOW_PRIORITY_SIGNAL,HOLD,16210,76,480,0.18,10.0,1948.0,1.32
2536,content_e1a6de00a3a5,client_19581e27de,0.2834149567419831,HOLD,LOW_PRIORITY_SIGNAL,HOLD,22396,143,112,0.65,4.4,2853.0,0.7
2537,content_acf1d5364432,client_624b60c58c,0.28258291819546555,HOLD,LOW_PRIORITY_SIGNAL,HOLD,3,2,110,0.0,7.7,3591.0,0.0
2538,content_b36ab9f13f2b,client_9f14025af0,0.28218033207355947,HOLD,LOW_PRIORITY_SIGNAL,HOLD,11,3,116,27.27,4.2,2652.0,0.0
2539,content_a5d84ceb6fd1,client_349c41201b,0.28165363905654284,HOLD,LOW_PRIORITY_SIGNAL,HOLD,65091,263,104,0.32,5.6,2606.0,4.56
2540,content_2a4c1a16fb64,client_19581e27de,0.28156536110366104,HOLD,LOW_PRIORITY_SIGNAL,HOLD,5834,30,362,0.24,7.3,2960.0,3.33
2541,content_2245c3decb4f,client_19581e27de,0.2809983733538489,HOLD,LOW_PRIORITY_SIGNAL,HOLD,5279,19,480,0.17,7.6,2632.0,0.0
2542,content_d73157d3477f,client_19581e27de,0.28094055806649315,HOLD,LOW_PRIORITY_SIGNAL,HOLD,10171,64,463,0.15,8.6,2937.0,7.81
2543,content_d902d1c684ca,client_19581e27de,0.280921341915629,HOLD,LOW_PRIORITY_SIGNAL,HOLD,13483,133,445,0.15,8.0,2448.0,1.5
2544,content_ca5092930f04,client_9f14025af0,0.2805500239275661,HOLD,LOW_PRIORITY_SIGNAL,HOLD,3,1,116,0.0,2.3,2471.0,0.0
2545,content_7fc979553ca6,client_19581e27de,0.2787909636006042,HOLD,LOW_PRIORITY_SIGNAL,HOLD,35335,113,482,0.1,8.4,2619.0,3.54
2546,content_2f0f83e1e13c,client_19581e27de,0.2784552378375587,HOLD,LOW_PRIORITY_SIGNAL,HOLD,10632,47,441,0.08,9.3,2581.0,0.0
2547,content_50fec538775d,client_19581e27de,0.2783310746250298,HOLD,LOW_PRIORITY_SIGNAL,HOLD,50446,222,419,0.21,7.6,2586.0,2.25
2548,content_326b75787d39,client_349c41201b,0.2779715981702929,HOLD,LOW_PRIORITY_SIGNAL,HOLD,24553,136,111,0.52,6.5,3037.0,1.47
2549,content_9e160b081340,client_0b918943df,0.27737445513630143,HOLD,LOW_PRIORITY_SIGNAL,HOLD,3,1,277,0.0,5.7,1385.0,0.0
2550,content_cce3f0101794,client_9f14025af0,0.277350376786135,HOLD,LOW_PRIORITY_SIGNAL,HOLD,1,1,250,0.0,7.0,3156.0,0.0
2551,content_7749113e016d,client_9f14025af0,0.2765548038754979,HOLD,LOW_PRIORITY_SIGNAL,HOLD,4,1,335,25.0,11.8,932.0,0.0
2552,content_321ceeadc24b,client_19581e27de,0.276045088053178,HOLD,LOW_PRIORITY_SIGNAL,HOLD,8800,19,480,0.16,10.6,3018.0,0.0
2553,content_3ec2a529fa66,client_9f14025af0,0.2758272934802045,HOLD,LOW_PRIORITY_SIGNAL,HOLD,3,1,250,0.0,2.0,2867.0,0.0
2554,content_397c3fd4ec98,client_9f14025af0,0.2748800524514303,HOLD,LOW_PRIORITY_SIGNAL,HOLD,4,1,182,25.0,6.8,2796.0,100.0
2555,content_18edc5569905,client_349c41201b,0.2746922033281196,HOLD,LOW_PRIORITY_SIGNAL,HOLD,14234,153,104,0.53,6.6,3277.0,3.27
2556,content_a1850a4bc5e5,client_19581e27de,0.27441090431315734,HOLD,LOW_PRIORITY_SIGNAL,HOLD,14409,45,482,0.08,7.9,3055.0,2.22
2557,content_e8cc31a54ec0,client_9f14025af0,0.27436596065629065,HOLD,LOW_PRIORITY_SIGNAL,HOLD,4,1,249,0.0,52.8,2691.0,0.0
2558,content_8544b9f0f260,client_19581e27de,0.27370455172272196,HOLD,LOW_PRIORITY_SIGNAL,HOLD,5533,12,480,0.18,14.6,2516.0,8.33
2559,content_9f361f1d27f0,client_19581e27de,0.27270477570678014,HOLD,LOW_PRIORITY_SIGNAL,HOLD,5345,76,482,0.19,8.6,2860.0,1.32
2560,content_e8925f3dc93d,client_349c41201b,0.2725342784749345,HOLD,LOW_PRIORITY_SIGNAL,HOLD,20823,185,104,0.36,6.0,2944.0,2.7
2561,content_ac1a5eacce67,client_19581e27de,0.2712910415305232,HOLD,LOW_PRIORITY_SIGNAL,HOLD,14048,24,466,0.11,7.6,2492.0,0.0
2562,content_309137a71858,client_9f14025af0,0.2706191980428906,HOLD,LOW_PRIORITY_SIGNAL,HOLD,4,1,250,0.0,1.0,2825.0,0.0
2563,content_1989eb00963b,client_9f14025af0,0.2704263471341164,HOLD,LOW_PRIORITY_SIGNAL,HOLD,4,1,347,0.0,7.5,1003.0,0.0
2564,content_ce17628491d0,client_9f14025af0,0.27028119413529567,HOLD,LOW_PRIORITY_SIGNAL,HOLD,13,1,250,7.69,6.0,2901.0,0.0
2565,content_fbbaecec6528,client_19581e27de,0.2700416258883095,HOLD,LOW_PRIORITY_SIGNAL,HOLD,16230,122,441,0.14,7.2,2232.0,1.64
2566,content_52974167bb5f,client_19581e27de,0.2700319473498427,HOLD,LOW_PRIORITY_SIGNAL,HOLD,27308,216,112,0.73,4.4,2714.0,1.85
2567,content_717cb38e970a,client_19581e27de,0.26858096398407777,HOLD,LOW_PRIORITY_SIGNAL,HOLD,5347,19,441,0.11,10.8,2765.0,0.0
2568,content_cdf72defa469,client_0b918943df,0.2683213624289866,HOLD,LOW_PRIORITY_SIGNAL,HOLD,3,1,133,0.0,5.3,3420.0,0.0
2569,content_e003c6897f5a,client_9f14025af0,0.26741942147917,HOLD,LOW_PRIORITY_SIGNAL,HOLD,4,1,250,25.0,15.0,2607.0,0.0
2570,content_d5088bd2ab70,client_19581e27de,0.26741061876088423,HOLD,LOW_PRIORITY_SIGNAL,HOLD,9253,26,482,0.21,7.0,2220.0,0.0
2571,content_92f4d5bb712a,client_19581e27de,0.26724383021998116,HOLD,LOW_PRIORITY_SIGNAL,HOLD,17431,192,445,0.11,7.5,2462.0,2.6
2572,content_6efb8fa48ebe,client_9f14025af0,0.26719339189127,HOLD,LOW_PRIORITY_SIGNAL,HOLD,3,1,335,0.0,68.3,972.0,0.0
2573,content_66115b7781b9,client_19581e27de,0.267022719133519,HOLD,LOW_PRIORITY_SIGNAL,HOLD,6167,36,445,0.13,10.3,2702.0,2.78
2574,content_dec8916cf762,client_0b918943df,0.2669915224043126,HOLD,LOW_PRIORITY_SIGNAL,HOLD,3,2,132,0.0,14.7,4505.0,0.0
2575,content_a10ceaf6d4f0,client_19581e27de,0.26537176347293684,HOLD,LOW_PRIORITY_SIGNAL,HOLD,23360,192,112,0.66,5.1,3095.0,3.65
2576,content_1cb10a59efa1,client_624b60c58c,0.2639524697165735,HOLD,LOW_PRIORITY_SIGNAL,HOLD,4,1,126,0.0,7.8,3848.0,0.0
2577,content_e70d138b9c10,client_19581e27de,0.2621182402667965,HOLD,LOW_PRIORITY_SIGNAL,HOLD,6748,93,362,0.5,6.9,2895.0,2.15
2578,content_b4613bfbd2f2,client_19581e27de,0.2620097143954461,HOLD,LOW_PRIORITY_SIGNAL,HOLD,5128,38,445,0.18,10.9,2440.0,0.0
2579,content_50176b94cd61,client_9f14025af0,0.2618818855751572,HOLD,LOW_PRIORITY_SIGNAL,HOLD,16,1,306,6.25,37.2,969.0,0.0
2580,content_0fd2935315d6,client_19581e27de,0.26175753524533873,HOLD,LOW_PRIORITY_SIGNAL,HOLD,18148,110,112,0.61,4.8,2845.0,0.91
2581,content_c3ced8d88c36,client_19581e27de,0.2614486985874394,HOLD,LOW_PRIORITY_SIGNAL,HOLD,27018,115,482,0.24,6.5,2514.0,1.74
2582,content_2ced5c064e58,client_9f14025af0,0.2613850658392208,HOLD,LOW_PRIORITY_SIGNAL,HOLD,4,1,228,0.0,1.8,2540.0,0.0
2583,content_90581679d3ea,client_19581e27de,0.2609461934144468,HOLD,LOW_PRIORITY_SIGNAL,HOLD,18005,35,362,0.12,7.4,3093.0,0.0
2584,content_4bd43220eb13,client_19581e27de,0.2603499921783994,HOLD,LOW_PRIORITY_SIGNAL,HOLD,4711,19,482,0.19,11.3,2930.0,0.0
2585,content_cfe4559df395,client_19581e27de,0.25909947625547247,HOLD,LOW_PRIORITY_SIGNAL,HOLD,29254,73,445,0.16,8.0,2839.0,1.37
2586,content_3ed79eea2d57,client_624b60c58c,0.25789487830628893,HOLD,LOW_PRIORITY_SIGNAL,HOLD,3,1,124,0.0,9.0,4087.0,0.0
2587,content_071dcb548fb1,client_19581e27de,0.25758089228980763,HOLD,LOW_PRIORITY_SIGNAL,HOLD,23007,110,480,0.28,8.2,2825.0,5.45
2588,content_5b20d1fcad57,client_9f14025af0,0.2572282298223113,HOLD,LOW_PRIORITY_SIGNAL,HOLD,2,1,250,0.0,56.0,3074.0,0.0
2589,content_f59f89469716,client_9f14025af0,0.2571083815976427,HOLD,LOW_PRIORITY_SIGNAL,HOLD,1,1,249,0.0,9.0,2949.0,0.0
2590,content_cd2c8b3a0cbe,client_9f14025af0,0.2563593785918126,HOLD,LOW_PRIORITY_SIGNAL,HOLD,1,1,250,0.0,8.0,2867.0,0.0
2591,content_c664c7aa98a5,client_19581e27de,0.25419932386737404,HOLD,LOW_PRIORITY_SIGNAL,HOLD,6150,68,482,0.28,13.2,2515.0,0.0
2592,content_fbb4b51c46ec,client_19581e27de,0.25408673415021454,HOLD,LOW_PRIORITY_SIGNAL,HOLD,12803,65,441,0.29,7.4,2784.0,0.0
2593,content_4c2013143176,client_9f14025af0,0.2538882622416427,HOLD,LOW_PRIORITY_SIGNAL,HOLD,13,2,298,7.69,66.6,918.0,0.0
2594,content_c865ed29b025,client_02d20bbd7e,0.2538234551038621,HOLD,LOW_PRIORITY_SIGNAL,HOLD,4,1,131,0.0,24.5,4804.0,0.0
2595,content_c2a7ebab5927,client_19581e27de,0.2522037591966076,HOLD,LOW_PRIORITY_SIGNAL,HOLD,14706,72,482,0.23,7.4,2410.0,1.39
2596,content_6b4731cf8abb,client_19581e27de,0.25195684405731333,HOLD,LOW_PRIORITY_SIGNAL,HOLD,26500,175,98,0.61,4.7,2733.0,2.29
2597,content_bfdc12929209,client_9f14025af0,0.25181811489214395,HOLD,LOW_PRIORITY_SIGNAL,HOLD,5,1,182,20.0,7.2,2753.0,0.0
2598,content_7d9d202b5add,client_624b60c58c,0.2506190099178516,HOLD,LOW_PRIORITY_SIGNAL,HOLD,4,2,131,0.0,4.8,3898.0,0.0
2599,content_982b0bc6c3fe,client_19581e27de,0.2505157439865172,HOLD,LOW_PRIORITY_SIGNAL,HOLD,16560,29,480,0.13,9.1,2238.0,0.0
2600,content_90f58e234e41,client_9f14025af0,0.24840383691375353,HOLD,LOW_PRIORITY_SIGNAL,HOLD,5,2,347,20.0,4.0,1189.0,0.0
2601,content_c92956e2fca1,client_19581e27de,0.2480178285962157,HOLD,LOW_PRIORITY_SIGNAL,HOLD,10966,26,480,0.19,7.2,2344.0,0.0
2602,content_1b6b1543dc6c,client_19581e27de,0.24780635126777203,HOLD,LOW_PRIORITY_SIGNAL,HOLD,29258,161,480,0.37,6.4,2686.0,3.73
2603,content_dc720f589584,client_02d20bbd7e,0.24715213345262327,HOLD,LOW_PRIORITY_SIGNAL,HOLD,3,1,139,0.0,7.3,4104.0,0.0
2604,content_5379560ed652,client_9f14025af0,0.24648451071069702,HOLD,LOW_PRIORITY_SIGNAL,HOLD,2,3,250,0.0,49.0,3059.0,0.0
2605,content_9ea49d25f363,client_624b60c58c,0.24646726611232964,HOLD,LOW_PRIORITY_SIGNAL,HOLD,9,3,110,11.11,5.8,3854.0,0.0
2606,content_98ad78b0c82c,client_9f14025af0,0.24633610276547496,HOLD,LOW_PRIORITY_SIGNAL,HOLD,12,1,250,8.33,61.8,2744.0,0.0
2607,content_728e5efc7ed3,client_9f14025af0,0.24620898815691483,HOLD,LOW_PRIORITY_SIGNAL,HOLD,2,1,249,0.0,2.0,2987.0,0.0
2608,content_8444759ee7bd,client_19581e27de,0.24546301075639657,HOLD,LOW_PRIORITY_SIGNAL,HOLD,7001,36,482,0.16,8.1,2675.0,0.0
2609,content_b88c26312be3,client_9f14025af0,0.24523888162396393,HOLD,LOW_PRIORITY_SIGNAL,HOLD,2,1,249,0.0,49.0,2829.0,0.0
2610,content_fe91f7c1ee1e,client_624b60c58c,0.24509835239910793,HOLD,LOW_PRIORITY_SIGNAL,HOLD,5,3,126,0.0,4.8,3877.0,0.0
2611,content_489a652fc020,client_624b60c58c,0.24436897582849382,HOLD,LOW_PRIORITY_SIGNAL,HOLD,2,2,131,0.0,25.5,4088.0,0.0
2612,content_b00c16983868,client_624b60c58c,0.24405237391091203,HOLD,LOW_PRIORITY_SIGNAL,HOLD,4,4,132,0.0,6.8,4039.0,0.0
2613,content_63789b83f23f,client_19581e27de,0.243769620577702,HOLD,LOW_PRIORITY_SIGNAL,HOLD,8340,74,445,0.17,7.2,2959.0,4.05
2614,content_006b16e7a2e7,client_9f14025af0,0.24331266401171042,HOLD,LOW_PRIORITY_SIGNAL,HOLD,1,1,140,100.0,1.0,2522.0,100.0
2615,content_d0653fe8530d,client_19581e27de,0.24198833357704913,HOLD,LOW_PRIORITY_SIGNAL,HOLD,9378,61,480,0.14,7.6,2288.0,1.64
2616,content_2b7da156fc47,client_624b60c58c,0.2417752314522456,HOLD,LOW_PRIORITY_SIGNAL,HOLD,6,2,319,0.0,6.8,1411.0,0.0
2617,content_78cafa1455a7,client_19581e27de,0.2406038756243044,HOLD,LOW_PRIORITY_SIGNAL,HOLD,12168,29,480,0.1,9.6,2390.0,3.45
2618,content_e5cecf90089b,client_19581e27de,0.2402634859853851,HOLD,LOW_PRIORITY_SIGNAL,HOLD,21971,248,466,0.69,7.7,2711.0,1.21
2619,content_fee2e4d1d042,client_19581e27de,0.23905174017527206,HOLD,LOW_PRIORITY_SIGNAL,HOLD,13090,25,480,0.15,9.6,2634.0,0.0
2620,content_b62e10389c64,client_9f14025af0,0.23730846443458165,HOLD,LOW_PRIORITY_SIGNAL,HOLD,3,1,148,0.0,6.7,2658.0,0.0
2621,content_ebd55024642f,client_19581e27de,0.2371499462349119,HOLD,LOW_PRIORITY_SIGNAL,HOLD,30767,148,482,0.45,7.2,2634.0,0.68
2622,content_ca579e81217b,client_0b918943df,0.23644139963785363,HOLD,LOW_PRIORITY_SIGNAL,HOLD,5,4,133,0.0,6.2,4047.0,0.0
2623,content_19bc04111406,client_19581e27de,0.23634663785101526,HOLD,LOW_PRIORITY_SIGNAL,HOLD,8345,53,362,0.28,9.3,2727.0,5.66
2624,content_8a3f8b3580e6,client_9f14025af0,0.2340435060707433,HOLD,LOW_PRIORITY_SIGNAL,HOLD,2,1,250,50.0,6.5,2691.0,0.0
2625,content_7debdb0d3a8a,client_9f14025af0,0.23361829265822642,HOLD,LOW_PRIORITY_SIGNAL,HOLD,2,1,249,50.0,1.0,2790.0,100.0
2626,content_4148b1c5a86e,client_0b918943df,0.23264614461139416,HOLD,LOW_PRIORITY_SIGNAL,HOLD,7,3,314,0.0,11.3,949.0,0.0
2627,content_bab7f8e6fdff,client_19581e27de,0.23185242959080654,HOLD,LOW_PRIORITY_SIGNAL,HOLD,5137,91,441,0.16,9.1,2728.0,2.2
2628,content_372fee4461ea,client_19581e27de,0.23124816853277128,HOLD,LOW_PRIORITY_SIGNAL,HOLD,35058,142,482,0.19,6.1,2488.0,2.11
2629,content_fad16bfde618,client_19581e27de,0.23010422007764317,HOLD,LOW_PRIORITY_SIGNAL,HOLD,17779,61,482,0.23,6.5,2268.0,1.64
2630,content_1e591594003a,client_19581e27de,0.22969437115543193,HOLD,LOW_PRIORITY_SIGNAL,HOLD,17857,39,466,0.11,8.3,2519.0,2.56
2631,content_064ee0dd9d38,client_19581e27de,0.22950141853711667,HOLD,LOW_PRIORITY_SIGNAL,HOLD,11748,45,463,0.11,10.6,2338.0,2.22
2632,content_faac44bf09ec,client_9f14025af0,0.22927780510468967,HOLD,LOW_PRIORITY_SIGNAL,HOLD,4,1,347,0.0,5.0,1041.0,0.0
2633,content_2a8a36c089cd,client_19581e27de,0.2288053918470337,HOLD,LOW_PRIORITY_SIGNAL,HOLD,17399,58,480,0.22,8.5,2488.0,0.0
2634,content_cf78de043d6f,client_624b60c58c,0.22844266513769956,HOLD,LOW_PRIORITY_SIGNAL,HOLD,5,2,108,0.0,8.4,4641.0,0.0
2635,content_8641a36daecc,client_624b60c58c,0.22801937848457532,HOLD,LOW_PRIORITY_SIGNAL,HOLD,3,4,131,0.0,7.0,4279.0,0.0
2636,content_ef89d49311ae,client_624b60c58c,0.22755707303104733,HOLD,LOW_PRIORITY_SIGNAL,HOLD,2,2,105,0.0,8.5,3482.0,0.0
2637,content_48248b05c8e7,client_0b918943df,0.22720007591466632,HOLD,LOW_PRIORITY_SIGNAL,HOLD,4,4,133,0.0,6.3,4154.0,0.0
2638,content_51798ee7abee,client_9f14025af0,0.22679051152533652,HOLD,LOW_PRIORITY_SIGNAL,HOLD,4,2,349,0.0,6.5,1255.0,50.0
2639,content_dd4a53ffcf3d,client_19581e27de,0.22670878054998414,HOLD,LOW_PRIORITY_SIGNAL,HOLD,7093,69,441,0.2,7.6,2813.0,5.8
2640,content_8348ce383643,client_9f14025af0,0.22541085624637652,HOLD,LOW_PRIORITY_SIGNAL,HOLD,2,1,250,0.0,1.5,2883.0,0.0
2641,content_541d947d8b96,client_9f14025af0,0.22372823300703665,HOLD,LOW_PRIORITY_SIGNAL,HOLD,4,1,347,0.0,3.5,1039.0,0.0
2642,content_cf60d9d13b7d,client_624b60c58c,0.22320506449121613,HOLD,LOW_PRIORITY_SIGNAL,HOLD,8,1,116,12.5,5.5,3954.0,0.0
2643,content_4592e7c0daaf,client_9f14025af0,0.22314057101129578,HOLD,LOW_PRIORITY_SIGNAL,HOLD,2,2,250,50.0,98.0,2943.0,0.0
2644,content_d7a988bfa5f6,client_9f14025af0,0.22246604490075922,HOLD,LOW_PRIORITY_SIGNAL,HOLD,4,1,298,0.0,59.3,951.0,0.0
2645,content_4cd5452fc208,client_19581e27de,0.22234671778511694,HOLD,LOW_PRIORITY_SIGNAL,HOLD,9274,54,482,0.53,7.6,3156.0,0.0
2646,content_68b73fa78cd5,client_19581e27de,0.22182644155728262,HOLD,LOW_PRIORITY_SIGNAL,HOLD,31277,121,480,0.23,7.0,2892.0,3.31
2647,content_13f0590a9b0a,client_9f14025af0,0.2211790175824331,HOLD,LOW_PRIORITY_SIGNAL,HOLD,4,2,298,0.0,46.0,917.0,0.0
2648,content_fdef70125673,client_19581e27de,0.22076587184416632,HOLD,LOW_PRIORITY_SIGNAL,HOLD,27561,74,466,0.19,7.6,2244.0,2.7
2649,content_336a0d997474,client_9f14025af0,0.22073597180295124,HOLD,LOW_PRIORITY_SIGNAL,HOLD,3,1,182,33.33,7.3,2321.0,0.0
2650,content_e100ca8c3a77,client_19581e27de,0.2184754361374512,HOLD,LOW_PRIORITY_SIGNAL,HOLD,29062,112,441,0.18,7.0,2497.0,1.79
2651,content_eb6e97f88ca2,client_9f14025af0,0.21708351570477954,HOLD,LOW_PRIORITY_SIGNAL,HOLD,3,1,144,33.33,0.7,2403.0,0.0
2652,content_56343b726e22,client_349c41201b,0.2168727594301288,HOLD,LOW_PRIORITY_SIGNAL,HOLD,1,1,124,0.0,12.0,2923.0,0.0
2653,content_4272d3a330a3,client_9f14025af0,0.21680300416588608,HOLD,LOW_PRIORITY_SIGNAL,HOLD,1,1,144,100.0,8.0,3005.0,100.0
2654,content_e5f0c4e8fb36,client_19581e27de,0.2156068304908337,HOLD,LOW_PRIORITY_SIGNAL,HOLD,17243,70,480,0.31,6.7,2829.0,4.29
2655,content_058c1c4c4362,client_9f14025af0,0.2149402881541715,HOLD,LOW_PRIORITY_SIGNAL,HOLD,2,1,306,0.0,34.0,1192.0,0.0
2656,content_f9cf5d56036a,client_9f14025af0,0.21463949971047222,HOLD,LOW_PRIORITY_SIGNAL,HOLD,1,1,335,0.0,7.0,991.0,0.0
2657,content_2de9233924dc,client_19581e27de,0.21184839446816206,HOLD,LOW_PRIORITY_SIGNAL,HOLD,11095,22,480,0.16,9.4,2537.0,9.09
2658,content_27f8e05531ff,client_9f14025af0,0.21095411482215065,HOLD,LOW_PRIORITY_SIGNAL,HOLD,3,1,298,0.0,6.0,1246.0,0.0
2659,content_e5f74ebbb1e7,client_19581e27de,0.21011151082836146,HOLD,LOW_PRIORITY_SIGNAL,HOLD,5010,30,441,0.34,11.9,2476.0,0.0
2660,content_5303b57911a1,client_9f14025af0,0.20834121124281005,HOLD,LOW_PRIORITY_SIGNAL,HOLD,3,2,335,33.33,2.3,1139.0,0.0
2661,content_73096e3725d7,client_9f14025af0,0.20623696165432082,HOLD,LOW_PRIORITY_SIGNAL,HOLD,4,3,250,25.0,0.5,3153.0,0.0
2662,content_c0f51bfbb462,client_9f14025af0,0.20551895862141747,HOLD,LOW_PRIORITY_SIGNAL,HOLD,2,1,306,0.0,23.0,1122.0,0.0
2663,content_a1c65f070bad,client_9f14025af0,0.20530364779521001,HOLD,LOW_PRIORITY_SIGNAL,HOLD,3,1,116,33.33,5.7,2566.0,0.0
2664,content_6d5a45d455a4,client_9f14025af0,0.2045129365987329,HOLD,LOW_PRIORITY_SIGNAL,HOLD,3,1,347,0.0,4.7,1029.0,0.0
2665,content_be723f5f1ed4,client_624b60c58c,0.20393791495920566,HOLD,LOW_PRIORITY_SIGNAL,HOLD,2,5,131,0.0,4.5,4032.0,0.0
2666,content_e383b8a55047,client_19581e27de,0.20317700662114993,HOLD,LOW_PRIORITY_SIGNAL,HOLD,30406,262,482,0.18,6.9,2482.0,4.2
2667,content_cb633ac0a288,client_19581e27de,0.20073912572626995,HOLD,LOW_PRIORITY_SIGNAL,HOLD,7524,33,441,0.19,14.9,2513.0,3.03
2668,content_f49297e96d01,client_9f14025af0,0.20003644667829923,HOLD,LOW_PRIORITY_SIGNAL,HOLD,1,1,335,0.0,17.0,1071.0,0.0
2669,content_34ecaf063087,client_9f14025af0,0.19988045229979015,HOLD,LOW_PRIORITY_SIGNAL,HOLD,3,1,347,0.0,2.7,1021.0,0.0
2670,content_f57cbec8b93b,client_19581e27de,0.19942976556613243,HOLD,LOW_PRIORITY_SIGNAL,HOLD,6994,42,441,0.19,6.5,2813.0,2.38
2671,content_5b22b0bb3b48,client_9f14025af0,0.19809460504673593,HOLD,LOW_PRIORITY_SIGNAL,HOLD,3,1,306,0.0,64.0,1007.0,0.0
2672,content_8fede10d5ed2,client_19581e27de,0.19508473545819133,HOLD,LOW_PRIORITY_SIGNAL,HOLD,7082,52,441,0.65,7.5,2750.0,0.0
2673,content_0bebaa2b6f07,client_19581e27de,0.19447644731736613,HOLD,LOW_PRIORITY_SIGNAL,HOLD,19116,66,441,0.17,7.7,2202.0,3.03
2674,content_ce2dff9495a5,client_19581e27de,0.19328704582945863,HOLD,LOW_PRIORITY_SIGNAL,HOLD,11130,32,441,0.15,8.8,2645.0,3.13
2675,content_8583ff96969c,client_9f14025af0,0.19310224420299413,HOLD,LOW_PRIORITY_SIGNAL,HOLD,3,1,347,33.33,15.3,1286.0,0.0
2676,content_17eac92944c0,client_624b60c58c,0.1921969343599373,HOLD,LOW_PRIORITY_SIGNAL,HOLD,2,1,131,0.0,6.5,3148.0,0.0
2677,content_17088b1864f5,client_19581e27de,0.19211883230201296,HOLD,LOW_PRIORITY_SIGNAL,HOLD,8143,28,480,0.31,7.7,2594.0,0.0
2678,content_536191893098,client_e629fa6598,0.18991034136472199,HOLD,LOW_PRIORITY_SIGNAL,HOLD,1,1,358,0.0,8.0,1614.0,0.0
2679,content_541dc74a2e65,client_19581e27de,0.18960190897944515,HOLD,LOW_PRIORITY_SIGNAL,HOLD,10685,30,441,0.24,6.4,2777.0,3.33
2680,content_d44276a58e65,client_9f14025af0,0.1889568895740292,HOLD,LOW_PRIORITY_SIGNAL,HOLD,3,1,347,33.33,6.0,1188.0,0.0
2681,content_35ae834455b3,client_624b60c58c,0.18841605509798307,HOLD,LOW_PRIORITY_SIGNAL,HOLD,1,4,127,0.0,9.0,3718.0,0.0
2682,content_5faf9ff67c77,client_19581e27de,0.18805852965306244,HOLD,LOW_PRIORITY_SIGNAL,HOLD,6653,66,463,0.2,12.3,2863.0,3.03
2683,content_b96873ca64c1,client_9f14025af0,0.1845296834620045,HOLD,LOW_PRIORITY_SIGNAL,HOLD,2,1,144,50.0,5.5,2443.0,0.0
2684,content_ce6bedca3f2a,client_19581e27de,0.18302930876561457,HOLD,LOW_PRIORITY_SIGNAL,HOLD,8105,61,445,0.22,11.0,2593.0,3.28
2685,content_35304add2b62,client_9f14025af0,0.18235995330962018,HOLD,LOW_PRIORITY_SIGNAL,HOLD,2,2,347,0.0,5.5,1030.0,0.0
2686,content_ad6fc94e2a66,client_19581e27de,0.18076929944797399,HOLD,LOW_PRIORITY_SIGNAL,HOLD,16849,45,480,0.2,7.0,2910.0,0.0
2687,content_dfce82404813,client_9f14025af0,0.1784154543715865,HOLD,LOW_PRIORITY_SIGNAL,HOLD,3,1,131,33.33,9.0,2781.0,0.0
2688,content_b9cc4ac6de81,client_9f14025af0,0.17792981812309716,HOLD,LOW_PRIORITY_SIGNAL,HOLD,1,1,335,0.0,6.0,885.0,0.0
2689,content_75d5dd728a61,client_0b918943df,0.17707961699845193,HOLD,LOW_PRIORITY_SIGNAL,HOLD,1,1,133,0.0,7.0,4130.0,0.0
2690,content_b47cc9dc7ea0,client_19581e27de,0.17641222553086702,HOLD,LOW_PRIORITY_SIGNAL,HOLD,11258,60,482,0.16,6.5,2531.0,3.33
2691,content_754de5041330,client_624b60c58c,0.17588719793062546,HOLD,LOW_PRIORITY_SIGNAL,HOLD,2,1,117,0.0,6.5,4194.0,0.0
2692,content_97ef2cac11d5,client_19581e27de,0.17526700648105112,HOLD,LOW_PRIORITY_SIGNAL,HOLD,21502,67,441,0.27,7.2,2522.0,2.99
2693,content_3fb51b5a52e2,client_624b60c58c,0.17319278459894022,HOLD,LOW_PRIORITY_SIGNAL,HOLD,2,5,132,0.0,9.5,4180.0,0.0
2694,content_7ed0e66ba933,client_624b60c58c,0.17184638565214197,HOLD,LOW_PRIORITY_SIGNAL,HOLD,1,1,309,0.0,3.0,4871.0,0.0
2695,content_64fbb70a9c18,client_e629fa6598,0.1709517254259938,HOLD,LOW_PRIORITY_SIGNAL,HOLD,1,1,358,0.0,49.0,1263.0,0.0
2696,content_f83003a037ad,client_9f14025af0,0.16988488360445742,HOLD,LOW_PRIORITY_SIGNAL,HOLD,2,1,347,0.0,33.0,1198.0,0.0
2697,content_e33470067723,client_19581e27de,0.1681502578204017,HOLD,LOW_PRIORITY_SIGNAL,HOLD,17547,82,482,0.18,9.9,2515.0,2.44
2698,content_f26233911f33,client_9f14025af0,0.16672929836386538,HOLD,LOW_PRIORITY_SIGNAL,HOLD,2,1,140,50.0,2.0,2999.0,0.0
2699,content_b610741d6d05,client_9f14025af0,0.16535772065798277,HOLD,LOW_PRIORITY_SIGNAL,HOLD,1,2,335,0.0,61.0,941.0,0.0
2700,content_33e13051bf61,client_19581e27de,0.16513022240181954,HOLD,LOW_PRIORITY_SIGNAL,HOLD,18481,57,480,0.19,8.5,2943.0,3.51
2701,content_b8d3e0ffaf08,client_e629fa6598,0.1636961369215788,HOLD,LOW_PRIORITY_SIGNAL,HOLD,1,2,358,0.0,22.0,1308.0,0.0
2702,content_4ed2bf493735,client_9f14025af0,0.16288370679044575,HOLD,LOW_PRIORITY_SIGNAL,HOLD,1,3,335,0.0,83.0,1057.0,0.0
2703,content_9e1e7bb73c6d,client_19581e27de,0.16161272388165973,HOLD,LOW_PRIORITY_SIGNAL,HOLD,13185,45,466,0.17,9.4,2657.0,2.22
2704,content_8966697301a8,client_9f14025af0,0.15970473622638667,HOLD,LOW_PRIORITY_SIGNAL,HOLD,2,1,309,0.0,40.0,1212.0,0.0
2705,content_2a1f8ed7b145,client_02d20bbd7e,0.1595154171611299,HOLD,LOW_PRIORITY_SIGNAL,HOLD,2,1,332,0.0,8.5,1931.0,0.0
2706,content_973754ecfb28,client_02d20bbd7e,0.1586686880346568,HOLD,LOW_PRIORITY_SIGNAL,HOLD,5,7,332,0.0,6.0,1330.0,28.57
2707,content_cd83238a9b22,client_19581e27de,0.15862439321324723,HOLD,LOW_PRIORITY_SIGNAL,HOLD,6539,33,482,0.26,7.8,2445.0,3.03
2708,content_e2868b27c915,client_19581e27de,0.1560886775210554,HOLD,LOW_PRIORITY_SIGNAL,HOLD,7127,46,441,0.35,6.7,2882.0,2.17
2709,content_e1f00d5f0d0c,client_9f14025af0,0.1525050163989376,HOLD,LOW_PRIORITY_SIGNAL,HOLD,2,1,306,50.0,8.0,1115.0,100.0
2710,content_4e95a8389562,client_9f14025af0,0.15219518861350628,HOLD,LOW_PRIORITY_SIGNAL,HOLD,2,1,180,50.0,5.0,3130.0,0.0
2711,content_29ec1008c834,client_9f14025af0,0.15017479965386038,HOLD,LOW_PRIORITY_SIGNAL,HOLD,2,1,335,0.0,40.0,1067.0,0.0
2712,content_16f38acf0f26,client_e629fa6598,0.14800159294914145,HOLD,LOW_PRIORITY_SIGNAL,HOLD,2,2,358,0.0,50.0,1590.0,0.0
2713,content_0c4cae7006d3,client_9f14025af0,0.1471529175783806,HOLD,LOW_PRIORITY_SIGNAL,HOLD,2,1,347,0.0,33.0,1247.0,0.0
2714,content_eba67ddee82e,client_9f14025af0,0.13987015439136968,HOLD,LOW_PRIORITY_SIGNAL,HOLD,1,1,347,0.0,64.0,1487.0,0.0
2715,content_33c54dccd63c,client_624b60c58c,0.13569028437207825,HOLD,LOW_PRIORITY_SIGNAL,HOLD,5,4,325,0.0,6.0,1307.0,25.0
2716,content_df0af329b2f5,client_02d20bbd7e,0.13529806681476012,HOLD,LOW_PRIORITY_SIGNAL,HOLD,3,15,332,0.0,16.3,1388.0,0.0
2717,content_6ba1caf444cd,client_9f14025af0,0.13428607268327844,HOLD,LOW_PRIORITY_SIGNAL,HOLD,4,1,347,0.0,2.5,1268.0,0.0
2718,content_228ad182b267,client_9f14025af0,0.1312013600403789,HOLD,LOW_PRIORITY_SIGNAL,HOLD,4,1,347,0.0,4.5,1211.0,0.0
2719,content_9364c0b7ec4a,client_19581e27de,0.13065498072112391,HOLD,LOW_PRIORITY_SIGNAL,HOLD,18246,45,482,0.27,7.2,2568.0,2.22
2720,content_850e2f407ff8,client_624b60c58c,0.12924635817978194,HOLD,LOW_PRIORITY_SIGNAL,HOLD,4,1,323,0.0,6.0,1236.0,0.0
2721,content_76b07f20b83c,client_9f14025af0,0.12880431742604076,HOLD,LOW_PRIORITY_SIGNAL,HOLD,2,1,249,50.0,0.0,3004.0,100.0
2722,content_90cde675c45e,client_624b60c58c,0.12862092081627155,HOLD,LOW_PRIORITY_SIGNAL,HOLD,5,49,131,0.0,5.4,3421.0,0.0
2723,content_3bd08a2d2168,client_02d20bbd7e,0.12726237285861186,HOLD,LOW_PRIORITY_SIGNAL,HOLD,1,8,137,0.0,19.0,4955.0,0.0
2724,content_e41c32789306,client_624b60c58c,0.1197937392260313,HOLD,LOW_PRIORITY_SIGNAL,HOLD,1,2,116,0.0,8.0,4958.0,0.0
2725,content_1e826070c703,client_9f14025af0,0.11798532608470262,HOLD,LOW_PRIORITY_SIGNAL,HOLD,2,1,249,50.0,0.5,2771.0,0.0
2726,content_d9a302271358,client_9f14025af0,0.11772696769242959,HOLD,LOW_PRIORITY_SIGNAL,HOLD,7,1,306,0.0,1.4,1007.0,0.0
2727,content_1c32d46552ba,client_9f14025af0,0.1170748257777283,HOLD,LOW_PRIORITY_SIGNAL,HOLD,2,1,298,0.0,70.0,1031.0,0.0
2728,content_f42bc2fc4201,client_9f14025af0,0.11590244283041835,HOLD,LOW_PRIORITY_SIGNAL,HOLD,3,1,306,0.0,3.0,1101.0,0.0
2729,content_c89743570f09,client_9f14025af0,0.1122992363262905,HOLD,LOW_PRIORITY_SIGNAL,HOLD,1,1,335,0.0,8.0,1305.0,0.0
2730,content_3d8d8e4524c8,client_9f14025af0,0.10697790047531322,HOLD,LOW_PRIORITY_SIGNAL,HOLD,1,1,249,0.0,0.0,2567.0,100.0
2731,content_40fa9bc29e5b,client_624b60c58c,0.10482056237823575,HOLD,LOW_PRIORITY_SIGNAL,HOLD,1,2,133,0.0,10.0,4786.0,0.0
2732,content_f029bd4c6a6f,client_624b60c58c,0.10434600846650793,HOLD,LOW_PRIORITY_SIGNAL,HOLD,5,27,131,0.0,3.4,4007.0,0.0
2733,content_24796d98b025,client_9f14025af0,0.09476578892224322,HOLD,LOW_PRIORITY_SIGNAL,HOLD,1,1,347,0.0,2.0,917.0,0.0
2734,content_eae0fa00b82b,client_9f14025af0,0.08560562563680653,HOLD,LOW_PRIORITY_SIGNAL,HOLD,5,1,306,0.0,0.4,1143.0,0.0
2735,content_5bc01fbbc7b5,client_9f14025af0,0.08390403135695161,HOLD,LOW_PRIORITY_SIGNAL,HOLD,2,1,250,0.0,0.5,2824.0,0.0
2736,content_3a16f4fb4fc6,client_9f14025af0,0.08294436139896291,HOLD,LOW_PRIORITY_SIGNAL,HOLD,2,1,249,50.0,0.0,3210.0,0.0
2737,content_4d1ebe33b02d,client_9f14025af0,0.08209427156665344,HOLD,LOW_PRIORITY_SIGNAL,HOLD,1,3,335,0.0,1.0,1248.0,0.0
2738,content_afe3803c2562,client_9f14025af0,0.08134666992963575,HOLD,LOW_PRIORITY_SIGNAL,HOLD,3,1,347,0.0,4.7,1442.0,0.0
2739,content_1e51704e6f13,client_624b60c58c,0.07862592573994685,HOLD,LOW_PRIORITY_SIGNAL,HOLD,1,1,321,0.0,9.0,1356.0,0.0
2740,content_2cfc7a1fc728,client_0b918943df,0.07004371704257707,HOLD,LOW_PRIORITY_SIGNAL,HOLD,3,1,321,0.0,5.0,1256.0,0.0
2741,content_e1b681c9e0fb,client_624b60c58c,0.06337770674910721,HOLD,LOW_PRIORITY_SIGNAL,HOLD,1,4,344,0.0,4.0,1441.0,0.0
2742,content_725ff1a7c773,client_9f14025af0,0.06258993239781031,HOLD,LOW_PRIORITY_SIGNAL,HOLD,3,1,306,33.33,1.7,832.0,0.0
2743,content_b51d84226fc9,client_9f14025af0,0.061620771506586056,HOLD,LOW_PRIORITY_SIGNAL,HOLD,1,1,335,0.0,1.0,841.0,0.0
2744,content_d964111653a1,client_624b60c58c,0.054989684944788925,HOLD,LOW_PRIORITY_SIGNAL,HOLD,3,2,340,0.0,0.0,1453.0,0.0
2745,content_6c493eca4170,client_9f14025af0,0.05156546468870326,HOLD,LOW_PRIORITY_SIGNAL,HOLD,1,1,249,0.0,0.0,2389.0,0.0
2746,content_b68a9e38149c,client_9f14025af0,0.04995528614068441,HOLD,LOW_PRIORITY_SIGNAL,HOLD,1,1,250,0.0,0.0,3064.0,0.0
2747,content_7c9856e1d8cf,client_9f14025af0,0.04995528614068441,HOLD,LOW_PRIORITY_SIGNAL,HOLD,1,1,250,0.0,0.0,3081.0,0.0
2748,content_8b001927c66e,client_9f14025af0,0.04995528614068441,HOLD,LOW_PRIORITY_SIGNAL,HOLD,1,1,250,0.0,0.0,3055.0,0.0
2749,content_5db469b54318,client_9f14025af0,0.04989936336579886,HOLD,LOW_PRIORITY_SIGNAL,HOLD,1,1,250,0.0,0.0,2283.0,0.0
2750,content_9dbeea479aae,client_9f14025af0,0.04989936336579886,HOLD,LOW_PRIORITY_SIGNAL,HOLD,1,1,250,0.0,0.0,2350.0,0.0
2751,content_feb706a6b155,client_9f14025af0,0.04989936336579886,HOLD,LOW_PRIORITY_SIGNAL,HOLD,1,1,249,0.0,0.0,2355.0,0.0
2752,content_eefeefa2f655,client_9f14025af0,0.04927240810914894,HOLD,LOW_PRIORITY_SIGNAL,HOLD,1,1,250,0.0,0.0,2025.0,0.0
2753,content_05203b585cdd,client_9f14025af0,0.04830517231661606,HOLD,LOW_PRIORITY_SIGNAL,HOLD,1,1,249,0.0,0.0,2458.0,0.0
2754,content_684609fd36c7,client_9f14025af0,0.04830517231661606,HOLD,LOW_PRIORITY_SIGNAL,HOLD,1,1,250,0.0,0.0,2497.0,0.0
2755,content_2e2636503a92,client_9f14025af0,0.04830517231661606,HOLD,LOW_PRIORITY_SIGNAL,HOLD,1,1,249,0.0,0.0,2479.0,0.0
2756,content_33889eb823de,client_9f14025af0,0.04830517231661606,HOLD,LOW_PRIORITY_SIGNAL,HOLD,1,1,249,0.0,0.0,2411.0,0.0
2757,content_3bb9c37b9e73,client_9f14025af0,0.04830110525773943,HOLD,LOW_PRIORITY_SIGNAL,HOLD,1,1,250,0.0,0.0,2994.0,0.0
2758,content_2c42cef76274,client_9f14025af0,0.04830110525773943,HOLD,LOW_PRIORITY_SIGNAL,HOLD,1,1,249,0.0,0.0,2991.0,0.0
2759,content_2ecaf151826f,client_9f14025af0,0.04830110525773943,HOLD,LOW_PRIORITY_SIGNAL,HOLD,1,1,250,0.0,0.0,2991.0,0.0
2760,content_007f55873658,client_9f14025af0,0.048171986389880406,HOLD,LOW_PRIORITY_SIGNAL,HOLD,1,9,116,0.0,0.0,2730.0,33.33
2761,content_77f9c18220c4,client_9f14025af0,0.04768970450002954,HOLD,LOW_PRIORITY_SIGNAL,HOLD,1,1,250,0.0,0.0,2895.0,0.0
2762,content_290cbea503e3,client_9f14025af0,0.04768970450002954,HOLD,LOW_PRIORITY_SIGNAL,HOLD,1,1,250,0.0,0.0,2905.0,0.0
2763,content_a19d12c3f18b,client_9f14025af0,0.04768970450002954,HOLD,LOW_PRIORITY_SIGNAL,HOLD,1,1,250,0.0,0.0,2909.0,0.0
2764,content_6cff33402941,client_9f14025af0,0.04728448861944933,HOLD,LOW_PRIORITY_SIGNAL,HOLD,1,1,249,0.0,0.0,2887.0,0.0
2765,content_d6805dd7a73f,client_9f14025af0,0.04728448861944933,HOLD,LOW_PRIORITY_SIGNAL,HOLD,1,1,250,0.0,0.0,2879.0,0.0
2766,content_1687fc6734e2,client_e629fa6598,0.0467469099853347,HOLD,LOW_PRIORITY_SIGNAL,HOLD,1,1,358,0.0,2.0,1534.0,0.0
2767,content_50eb68ba8b50,client_9f14025af0,0.046713030622555426,HOLD,LOW_PRIORITY_SIGNAL,HOLD,1,1,250,0.0,0.0,2526.0,0.0
2768,content_c05e35fccf79,client_9f14025af0,0.045923895174780134,HOLD,LOW_PRIORITY_SIGNAL,HOLD,1,1,249,0.0,0.0,2800.0,0.0
2769,content_1c296862b855,client_9f14025af0,0.045923895174780134,HOLD,LOW_PRIORITY_SIGNAL,HOLD,1,1,250,0.0,0.0,2804.0,0.0
2770,content_d33557a48a08,client_9f14025af0,0.045923895174780134,HOLD,LOW_PRIORITY_SIGNAL,HOLD,1,1,250,0.0,0.0,2765.0,0.0
2771,content_c75c83169272,client_9f14025af0,0.045923895174780134,HOLD,LOW_PRIORITY_SIGNAL,HOLD,1,1,250,0.0,0.0,2791.0,0.0
2772,content_9fa888cf46e4,client_9f14025af0,0.045923895174780134,HOLD,LOW_PRIORITY_SIGNAL,HOLD,1,1,249,0.0,0.0,2821.0,0.0
2773,content_026291f3d24a,client_9f14025af0,0.045923895174780134,HOLD,LOW_PRIORITY_SIGNAL,HOLD,1,1,250,0.0,0.0,2654.0,0.0
2774,content_72c2a50eee7b,client_9f14025af0,0.045923895174780134,HOLD,LOW_PRIORITY_SIGNAL,HOLD,1,1,250,0.0,0.0,2763.0,0.0
2775,content_ff4c72980a9e,client_9f14025af0,0.045923895174780134,HOLD,LOW_PRIORITY_SIGNAL,HOLD,1,1,249,0.0,0.0,2813.0,0.0
2776,content_d4b9b6d734ab,client_9f14025af0,0.045923895174780134,HOLD,LOW_PRIORITY_SIGNAL,HOLD,1,1,250,0.0,0.0,2781.0,0.0
2777,content_ec8c0cf50da7,client_9f14025af0,0.045923895174780134,HOLD,LOW_PRIORITY_SIGNAL,HOLD,1,1,249,0.0,0.0,2594.0,0.0
2778,content_1052ca7f9556,client_9f14025af0,0.045923895174780134,HOLD,LOW_PRIORITY_SIGNAL,HOLD,1,1,249,0.0,0.0,2830.0,0.0
2779,content_01f5accd848a,client_9f14025af0,0.045923895174780134,HOLD,LOW_PRIORITY_SIGNAL,HOLD,1,1,250,0.0,0.0,2676.0,0.0
2780,content_4eb349e1b795,client_9f14025af0,0.045923895174780134,HOLD,LOW_PRIORITY_SIGNAL,HOLD,1,1,249,0.0,0.0,2849.0,0.0
2781,content_26e6a134a723,client_9f14025af0,0.041930451871858815,HOLD,LOW_PRIORITY_SIGNAL,HOLD,1,1,347,0.0,0.0,1071.0,0.0
2782,content_a71572e22b2c,client_9f14025af0,0.041930451871858815,HOLD,LOW_PRIORITY_SIGNAL,HOLD,1,1,347,0.0,0.0,1051.0,0.0
2783,content_1a92e33984da,client_9f14025af0,0.040616992197465146,HOLD,LOW_PRIORITY_SIGNAL,HOLD,1,1,250,0.0,0.0,3130.0,0.0
2784,content_9e0e72b55bf4,client_9f14025af0,0.04056732009701227,HOLD,LOW_PRIORITY_SIGNAL,HOLD,1,1,347,0.0,0.0,1048.0,0.0
2785,content_f03ce106b8b7,client_9f14025af0,0.04055540379682821,HOLD,LOW_PRIORITY_SIGNAL,HOLD,2,1,306,50.0,0.5,1078.0,0.0
2786,content_adcdf4072cf5,client_9f14025af0,0.03880987028931036,HOLD,LOW_PRIORITY_SIGNAL,HOLD,1,1,347,0.0,0.0,1092.0,0.0
2787,content_e54ef807527b,client_9f14025af0,0.03878029945245922,HOLD,LOW_PRIORITY_SIGNAL,HOLD,1,1,347,0.0,0.0,1083.0,0.0
2788,content_30f81baf11ff,client_9f14025af0,0.031553348102142616,HOLD,LOW_PRIORITY_SIGNAL,HOLD,1,1,347,0.0,0.0,966.0,0.0
2789,content_d1d45326d051,client_9f14025af0,0.028406701212443607,HOLD,LOW_PRIORITY_SIGNAL,HOLD,1,1,176,0.0,0.0,2960.0,0.0
2790,content_f84214f65ef0,client_9f14025af0,0.027994738751784872,HOLD,LOW_PRIORITY_SIGNAL,HOLD,1,3,306,0.0,0.0,937.0,33.33
2791,content_3a4e24a3a6a8,client_02d20bbd7e,0.027405823436317717,HOLD,LOW_PRIORITY_SIGNAL,HOLD,1,1,332,0.0,4.0,1349.0,0.0
2792,content_0008d03a5c6c,client_9f14025af0,0.023493612811273414,HOLD,LOW_PRIORITY_SIGNAL,HOLD,1,2,250,0.0,0.0,2743.0,0.0
2793,content_80ce29bd80b0,client_9f14025af0,0.023231055957254356,HOLD,LOW_PRIORITY_SIGNAL,HOLD,1,1,131,0.0,0.0,2812.0,0.0
2794,content_dad05a456ed6,client_0b918943df,0.016047828642956653,HOLD,LOW_PRIORITY_SIGNAL,HOLD,1,1,310,0.0,0.0,1465.0,0.0
2795,content_af01686cdf80,client_9f14025af0,0.014414006361033033,HOLD,LOW_PRIORITY_SIGNAL,HOLD,1,3,116,0.0,0.0,3053.0,0.0
2796,content_2ecb621aa133,client_9f14025af0,0.014186204361541865,HOLD,LOW_PRIORITY_SIGNAL,HOLD,1,3,131,0.0,0.0,2979.0,0.0
2797,content_1a2699d24ca3,client_9f14025af0,0.010602975672896182,HOLD,LOW_PRIORITY_SIGNAL,HOLD,1,1,347,0.0,0.0,1120.0,0.0
2798,content_6be403387b91,client_9f14025af0,0.010364484821740889,HOLD,LOW_PRIORITY_SIGNAL,HOLD,1,1,309,0.0,0.0,1214.0,0.0
2799,content_98af8982f3ea,client_9f14025af0,0.009867958004793856,HOLD,LOW_PRIORITY_SIGNAL,HOLD,1,1,298,0.0,0.0,1290.0,0.0
2800,content_b49d6964eebd,client_9f14025af0,0.009423895809471316,HOLD,LOW_PRIORITY_SIGNAL,HOLD,1,1,306,0.0,0.0,1274.0,0.0
2801,content_480893a75380,client_9f14025af0,0.008728571946536678,HOLD,LOW_PRIORITY_SIGNAL,HOLD,1,1,347,0.0,0.0,1131.0,0.0
2802,content_b86095a42121,client_9f14025af0,0.008119140902907458,HOLD,LOW_PRIORITY_SIGNAL,HOLD,1,1,306,0.0,0.0,1159.0,0.0
2803,content_3c2e5d94d565,client_9f14025af0,0.006029819694169453,HOLD,LOW_PRIORITY_SIGNAL,HOLD,1,1,298,0.0,0.0,1067.0,0.0
2804,content_6bca373d8751,client_9f14025af0,0.005004118482597234,HOLD,LOW_PRIORITY_SIGNAL,HOLD,1,1,306,0.0,0.0,1012.0,0.0
2805,content_7bee28d5fccc,client_9f14025af0,0.004638476020160073,HOLD,LOW_PRIORITY_SIGNAL,HOLD,1,1,347,0.0,0.0,1195.0,0.0
2806,content_0899942ee272,client_9f14025af0,0.0039469808766571905,HOLD,LOW_PRIORITY_SIGNAL,HOLD,1,2,116,0.0,0.0,2732.0,0.0
2807,content_e33ae9ad91f9,client_9f14025af0,0.003785123668057772,HOLD,LOW_PRIORITY_SIGNAL,HOLD,1,1,298,0.0,0.0,973.0,0.0
2808,content_f99cd8381f34,client_9f14025af0,0.0025049610664112433,HOLD,LOW_PRIORITY_SIGNAL,HOLD,1,1,298,0.0,0.0,1026.0,0.0
2809,content_1c27b1eb9380,client_9f14025af0,0.0025049610664112433,HOLD,LOW_PRIORITY_SIGNAL,HOLD,1,1,298,0.0,0.0,1025.0,0.0
2810,content_374407835210,client_9f14025af0,0.0023950866257021557,HOLD,LOW_PRIORITY_SIGNAL,HOLD,1,1,306,0.0,0.0,1040.0,0.0
2811,content_baa79d363328,client_9f14025af0,0.001136535278974228,HOLD,LOW_PRIORITY_SIGNAL,HOLD,1,1,306,0.0,0.0,922.0,0.0
2812,content_dd362164c73b,client_9f14025af0,0.0009545801751768582,HOLD,LOW_PRIORITY_SIGNAL,HOLD,1,1,306,0.0,0.0,778.0,0.0
